subject_id,title,url,pub_info,tag,scraped
35534519,素食者,https://book.douban.com/subject/35534519/,[韩] 韩江 / 胡椒筒 / 四川文艺出版社 / 2021-9 / 48,文学,False
26980487,悉达多: 一首印度的诗,https://book.douban.com/subject/26980487/,[德] 赫尔曼·黑塞 / 姜乙 / 天津人民出版社 / 2017-1 / 32.00元,文学,False
36978314,不被大风吹倒,https://book.douban.com/subject/36978314/,莫言 / 北京日报出版社 / 2024-10 / 50.00元,文学,False
36104107,长安的荔枝,https://book.douban.com/subject/36104107/,马伯庸 / 湖南文艺出版社 / 2022-10 / 45.00元,文学,False
37022123,血与蜜之地: 穿越巴尔干的旅程,https://book.douban.com/subject/37022123/,刘子超 / 文汇出版社 / 2024-10 / 79.00元,文学,False
36743030,恶女的告白,https://book.douban.com/subject/36743030/,[日] 叶真中显 / 吴曦 / 中国友谊出版公司 / 2024-9 / 55.00元,文学,False
25887924,卡拉马佐夫兄弟,https://book.douban.com/subject/25887924/,陀思妥耶夫斯基 (Ф.М.Достоевский) / 荣如德 / 上海译文出版社 / 2015-2-1 / CNY 78.00,文学,False
37134066,命若朝霜: 《红楼梦》里的法律、社会与女性,https://book.douban.com/subject/37134066/,柯岚 / 广西师范大学出版社 / 2025-1 / 79,文学,False
36328704,太白金星有点烦,https://book.douban.com/subject/36328704/,马伯庸 / 湖南文艺出版社 / 2023-6 / 45.00,文学,False
37077202,九诗心: 暗夜里的文学启明,https://book.douban.com/subject/37077202/,黄晓丹 / 上海三联书店 / 2024-11 / 79元,文学,False
4913064,活着,https://book.douban.com/subject/4913064/,余华 / 作家出版社 / 2012-8 / 28.00元,文学,False
36831351,献灯使,https://book.douban.com/subject/36831351/,[日本] 多和田叶子 / 蕾克 / 广西师范大学出版社 / 2025-1 / 65.00元,文学,False
36593622,世上为什么要有图书馆,https://book.douban.com/subject/36593622/,杨素秋 / 上海译文出版社 / 2024-1-1 / 58.00元,文学,False
35430425,流俗地,https://book.douban.com/subject/35430425/,[马来西亚] 黎紫书 / 北京十月文艺出版社 / 2021-4-1 / 55.00元,文学,False
36659710,猫鱼,https://book.douban.com/subject/36659710/,陈冲 / 上海三联书店 / 2024-6 / 168,文学,False
36727316,女人的胜利,https://book.douban.com/subject/36727316/,余华 / 江苏凤凰文艺出版社 / 2024-10-1 / 49.90元,文学,False
6082808,百年孤独,https://book.douban.com/subject/6082808/,[哥伦比亚] 加西亚·马尔克斯 / 范晔 / 南海出版公司 / 2011-6 / 39.50元,文学,False
36956148,团圆记,https://book.douban.com/subject/36956148/,杨云苏 / 浙江文艺出版社 / 2024-7-15 / 58,文学,False
34998019,秋园,https://book.douban.com/subject/34998019/,杨本芬 / 北京联合出版公司 / 2020-6 / 38.00元,文学,False
36721763,暗处的女儿,https://book.douban.com/subject/36721763/,[意大利] 埃莱娜·费兰特 / 陈英、王彦丁、黄语瞳 / 人民文学出版社 / 2024-4 / 45.00,文学,False
37032204,无暇他顾,https://book.douban.com/subject/37032204/,[美] 厄休拉·勒古恩 / 姚瑶 / 北京联合出版公司 / 2024-11 / 58,文学,False
36429692,简单的激情,https://book.douban.com/subject/36429692/,[法] 安妮·埃尔诺 / 袁筱一 / 上海人民出版社 / 2023-7-31 / 45.00元,文学,False
37023820,乔瓦尼的房间,https://book.douban.com/subject/37023820/,[美] 詹姆斯·鲍德温 / 李佳纯 / 上海译文出版社 / 2024-9 / 58.00元,文学,False
36973145,漫游在雨中池塘,https://book.douban.com/subject/36973145/,【美】乔治·桑德斯 / 张琳琳 / 浙江文艺出版社 / 2024-10 / 79.00元,文学,False
35587028,生死疲劳,https://book.douban.com/subject/35587028/,莫言 / 浙江文艺出版社 / 2022-1 / 69.90元,文学,False
5910656,我与地坛,https://book.douban.com/subject/5910656/,史铁生 / 人民文学出版社 / 2011-1-1 / 23.00元,文学,False
1007305,红楼梦,https://book.douban.com/subject/1007305/,[清] 曹雪芹 著、高鹗 / 人民文学出版社 / 1996-12 / 59.70元,文学,False
34432750,额尔古纳河右岸,https://book.douban.com/subject/34432750/,迟子建 / 人民文学出版社 / 2019-6-1 / 32.00元,文学,False
36710597,食南之徒,https://book.douban.com/subject/36710597/,马伯庸 / 湖南文艺出版社 / 2024-4-1 / 56.00元,文学,False
36457094,明亮的夜晚,https://book.douban.com/subject/36457094/,[韩]崔恩荣 / 叶蕾 / 台海出版社 / 2023-8 / 52,文学,False
37016658,小城与不确定性的墙,https://book.douban.com/subject/37016658/,[日] 村上春树 / 施小炜 / 江苏凤凰文艺出版社 / 2024-10 / 89.90元,文学,False
30331835,窄门,https://book.douban.com/subject/30331835/,[法] 安德烈·纪德 / 顾琪静 / 天津人民出版社 / 2018-10 / 45.00,文学,False
37138329,写作的细节,https://book.douban.com/subject/37138329/,张佳玮 / 西苑出版社 / 2025-2 / 42.00元,文学,False
37004519,迷宫: 残雪全新小说集,https://book.douban.com/subject/37004519/,残雪 / 宁夏人民出版社 / 2025-2-6 / 58.00,文学,False
37113259,纽约客故事集,https://book.douban.com/subject/37113259/,[美] 安·比蒂 / 周玮 / 北京联合出版公司 / 2025-1 / 100.00元,文学,False
10594787,霍乱时期的爱情,https://book.douban.com/subject/10594787/,[哥伦比亚] 加西亚·马尔克斯 / 杨玲 / 南海出版公司 / 2012-9-1 / 39.50元,文学,False
37076175,看不见的中东: 深入日常生活的中东之旅,https://book.douban.com/subject/37076175/,姚璐 / 民主与建设出版社 / 2024-11 / 79.00元,文学,False
36062390,一句顶一万句,https://book.douban.com/subject/36062390/,刘震云 / 花城出版社 / 2022-8 / 68.00元,文学,False
36848782,雅各布之书,https://book.douban.com/subject/36848782/,奥尔加·托卡尔丘克 / 乌兰、李江颐、李佳 / 浙江文艺出版社 / 2024-10 / 168.00元,文学,False
36668331,无条件投降博物馆,https://book.douban.com/subject/36668331/,[荷]杜布拉夫卡·乌格雷西奇 / 何静芝 / 云南人民出版社 / 2024-1-1 / 64.00元,文学,False
27614904,房思琪的初恋乐园,https://book.douban.com/subject/27614904/,林奕含 / 北京联合出版公司 / 2018-2 / 45.00元,文学,False
35552619,我的阿勒泰,https://book.douban.com/subject/35552619/,李娟 / 花城出版社 / 2021-8 / 45.00元,文学,False
4908885,局外人,https://book.douban.com/subject/4908885/,[法] 阿尔贝·加缪 / 柳鸣九 / 上海译文出版社 / 2010-8 / 22.00元,文学,False
37136205,法比安,https://book.douban.com/subject/37136205/,[德] 埃里希·凯斯特纳 / 李晓艳 / 北京联合出版公司 / 2025-1 / 52.00元,文学,False
37045755,你为什么不离开我的生活？,https://book.douban.com/subject/37045755/,[美] 薇薇安·戈尔尼克 / 蒋慧 / 北京联合出版公司 / 2025-2 / 49.80元,文学,False
35005045,夜晚的潜水艇,https://book.douban.com/subject/35005045/,陈春成 / 上海三联书店 / 2020-9 / 52.00元,文学,False
36504167,涅朵奇卡: 一个女人的一生,https://book.douban.com/subject/36504167/,陀思妥耶夫斯基 / 于大卫 / 山东文艺出版社 / 2023-9 / 45.00元,文学,False
37078164,消失的“公主”: 女性作家和经典童话,https://book.douban.com/subject/37078164/,[英] 安妮·E.达根 / 陈文静 / 上海社会科学院出版社 / 2025-1 / 68.00元,文学,False
36996591,陌生的阿富汗: 一个女人的独行漫记,https://book.douban.com/subject/36996591/,班卓 / 上海人民出版社 / 2024-9 / 69.00,文学,False
36953167,在曼哈顿长大: 伍迪·艾伦幽默故事集,https://book.douban.com/subject/36953167/,[美] 伍迪·艾伦 / 陈正宇 / 中信出版集团 / 2025-1,文学,False
36104107,长安的荔枝,https://book.douban.com/subject/36104107/,马伯庸 / 湖南文艺出版社 / 2022-10 / 45.00元,小说,False
36328704,太白金星有点烦,https://book.douban.com/subject/36328704/,马伯庸 / 湖南文艺出版社 / 2023-6 / 45.00,小说,False
36710597,食南之徒,https://book.douban.com/subject/36710597/,马伯庸 / 湖南文艺出版社 / 2024-4-1 / 56.00元,小说,False
35534519,素食者,https://book.douban.com/subject/35534519/,[韩] 韩江 / 胡椒筒 / 四川文艺出版社 / 2021-9 / 48,小说,False
36743030,恶女的告白,https://book.douban.com/subject/36743030/,[日] 叶真中显 / 吴曦 / 中国友谊出版公司 / 2024-9 / 55.00元,小说,False
36721763,暗处的女儿,https://book.douban.com/subject/36721763/,[意大利] 埃莱娜·费兰特 / 陈英、王彦丁、黄语瞳 / 人民文学出版社 / 2024-4 / 45.00,小说,False
36987849,你杀了谁,https://book.douban.com/subject/36987849/,[日] 东野圭吾 / 苏玖龄 / 南海出版公司 / 2025-1 / 59.00元,小说,False
36952611,世界末日前的谋杀,https://book.douban.com/subject/36952611/,[日] 荒木茜 / 董纾含 / 北京日报出版社 / 2024-12-20 / 49.90元,小说,False
36831351,献灯使,https://book.douban.com/subject/36831351/,[日本] 多和田叶子 / 蕾克 / 广西师范大学出版社 / 2025-1 / 65.00元,小说,False
35031587,绝叫,https://book.douban.com/subject/35031587/,[日] 叶真中显 / 林佩瑾 / 北京联合出版公司 / 2020-7 / 58.00元,小说,False
37023820,乔瓦尼的房间,https://book.douban.com/subject/37023820/,[美] 詹姆斯·鲍德温 / 李佳纯 / 上海译文出版社 / 2024-9 / 58.00元,小说,False
36457094,明亮的夜晚,https://book.douban.com/subject/36457094/,[韩]崔恩荣 / 叶蕾 / 台海出版社 / 2023-8 / 52,小说,False
4913064,活着,https://book.douban.com/subject/4913064/,余华 / 作家出版社 / 2012-8 / 28.00元,小说,False
36062390,一句顶一万句,https://book.douban.com/subject/36062390/,刘震云 / 花城出版社 / 2022-8 / 68.00元,小说,False
36832093,方舟,https://book.douban.com/subject/36832093/,[日] 夕木春央 / 佳辰 / 中国友谊出版公司 / 2025-1 / 59,小说,False
35005045,夜晚的潜水艇,https://book.douban.com/subject/35005045/,陈春成 / 上海三联书店 / 2020-9 / 52.00元,小说,False
6082808,百年孤独,https://book.douban.com/subject/6082808/,[哥伦比亚] 加西亚·马尔克斯 / 范晔 / 南海出版公司 / 2011-6 / 39.50元,小说,False
30331835,窄门,https://book.douban.com/subject/30331835/,[法] 安德烈·纪德 / 顾琪静 / 天津人民出版社 / 2018-10 / 45.00,小说,False
36956148,团圆记,https://book.douban.com/subject/36956148/,杨云苏 / 浙江文艺出版社 / 2024-7-15 / 58,小说,False
37016658,小城与不确定性的墙,https://book.douban.com/subject/37016658/,[日] 村上春树 / 施小炜 / 江苏凤凰文艺出版社 / 2024-10 / 89.90元,小说,False
34998019,秋园,https://book.douban.com/subject/34998019/,杨本芬 / 北京联合出版公司 / 2020-6 / 38.00元,小说,False
35170896,平面国: 多维空间传奇往事,https://book.douban.com/subject/35170896/,[英] 埃德温·A.艾勃特 / 鲁冬旭 / 上海文化出版社 / 2020-8 / 39.80元,小说,False
36858240,怪画谜案,https://book.douban.com/subject/36858240/,[日] 雨穴 / 烨伊 / 台海出版社 / 2024-7 / 55.00元,小说,False
26980487,悉达多: 一首印度的诗,https://book.douban.com/subject/26980487/,[德] 赫尔曼·黑塞 / 姜乙 / 天津人民出版社 / 2017-1 / 32.00元,小说,False
30475757,圣母,https://book.douban.com/subject/30475757/,[日] 秋吉理香子 / 郑晓蕾 / 新星出版社 / 2019-3 / 42.00,小说,False
37101170,诡计策划师,https://book.douban.com/subject/37101170/,[日] 片冈翔 / 周煜 / 新星出版社 / 2024-12 / 49.00元,小说,False
10554308,白夜行,https://book.douban.com/subject/10554308/,[日] 东野圭吾 / 刘姿君 / 南海出版公司 / 2013-1-1 / 39.50元,小说,False
35989392,献给阿尔吉侬的花束,https://book.douban.com/subject/35989392/,[美] 丹尼尔·凯斯 / 陈澄和 / 河南文艺出版社 / 2022-8-1 / 48.00元,小说,False
35587028,生死疲劳,https://book.douban.com/subject/35587028/,莫言 / 浙江文艺出版社 / 2022-1 / 69.90元,小说,False
34432750,额尔古纳河右岸,https://book.douban.com/subject/34432750/,迟子建 / 人民文学出版社 / 2019-6-1 / 32.00元,小说,False
35984787,失明症漫记,https://book.douban.com/subject/35984787/,[葡] 若泽·萨拉马戈 / 范维信 / 河南文艺出版社 / 2022-8 / 66,小说,False
26362836,献给阿尔吉侬的花束,https://book.douban.com/subject/26362836/,[美] 丹尼尔·凯斯 / 陈澄和 / 广西师范大学出版社 / 2015-4 / 36.00元,小说,False
37113259,纽约客故事集,https://book.douban.com/subject/37113259/,[美] 安·比蒂 / 周玮 / 北京联合出版公司 / 2025-1 / 100.00元,小说,False
26877752,恶意,https://book.douban.com/subject/26877752/,[日] 东野圭吾 / 娄美莲 / 南海出版公司 / 2016-11 / 39.50元,小说,False
37136205,法比安,https://book.douban.com/subject/37136205/,[德] 埃里希·凯斯特纳 / 李晓艳 / 北京联合出版公司 / 2025-1 / 52.00元,小说,False
34996429,消失的13级台阶,https://book.douban.com/subject/34996429/,[日] 高野和明 / 赵建勋 / 上海文艺出版社 / 2020-5-15 / 42.00元,小说,False
35430425,流俗地,https://book.douban.com/subject/35430425/,[马来西亚] 黎紫书 / 北京十月文艺出版社 / 2021-4-1 / 55.00元,小说,False
27614904,房思琪的初恋乐园,https://book.douban.com/subject/27614904/,林奕含 / 北京联合出版公司 / 2018-2 / 45.00元,小说,False
24531956,哈利·波特,https://book.douban.com/subject/24531956/,J.K.罗琳 (J.K.Rowling) / 苏农、马爱农、马爱新 / 人民文学出版社 / 2008-12-1 / 498.00元,小说,False
25887924,卡拉马佐夫兄弟,https://book.douban.com/subject/25887924/,陀思妥耶夫斯基 (Ф.М.Достоевский) / 荣如德 / 上海译文出版社 / 2015-2-1 / CNY 78.00,小说,False
36109174,你的夏天还好吗？,https://book.douban.com/subject/36109174/,[韩国] 金爱烂 / 薛舟 / 人民文学出版社 / 2022-10-15 / 48.00元,小说,False
3633461,一句顶一万句,https://book.douban.com/subject/3633461/,刘震云 / 长江文艺出版社 / 2009-3 / 29.80,小说,False
36668331,无条件投降博物馆,https://book.douban.com/subject/36668331/,[荷]杜布拉夫卡·乌格雷西奇 / 何静芝 / 云南人民出版社 / 2024-1-1 / 64.00元,小说,False
26878124,我的天才女友: 那不勒斯四部曲1,https://book.douban.com/subject/26878124/,[意] 埃莱娜·费兰特 / 陈英 / 人民文学出版社 / 2017-1 / 42.00元,小说,False
26879778,杀死一只知更鸟,https://book.douban.com/subject/26879778/,[美] 哈珀·李 / 李育超 / 译林出版社 / 2017-2 / 58.00,小说,False
26986954,新名字的故事: 那不勒斯四部曲2,https://book.douban.com/subject/26986954/,[意] 埃莱娜·费兰特 / 陈英 / 人民文学出版社 / 2017-4 / 59.00元,小说,False
36504167,涅朵奇卡: 一个女人的一生,https://book.douban.com/subject/36504167/,陀思妥耶夫斯基 / 于大卫 / 山东文艺出版社 / 2023-9 / 45.00元,小说,False
1054917,沧浪之水,https://book.douban.com/subject/1054917/,阎真 / 人民文学出版社 / 2001-10 / 26.00元,小说,False
36953534,死神广播,https://book.douban.com/subject/36953534/,[日] 白井智之 / 佳辰 / 江苏凤凰文艺出版社 / 2024-8 / 59.00元,小说,False
37156691,海昏,https://book.douban.com/subject/37156691/,雷克斯 / 太白文艺出版社 / 2025-2 / 69.80,小说,False
36721763,暗处的女儿,https://book.douban.com/subject/36721763/,[意大利] 埃莱娜·费兰特 / 陈英、王彦丁、黄语瞳 / 人民文学出版社 / 2024-4 / 45.00,外国文学,False
35534519,素食者,https://book.douban.com/subject/35534519/,[韩] 韩江 / 胡椒筒 / 四川文艺出版社 / 2021-9 / 48,外国文学,False
6082808,百年孤独,https://book.douban.com/subject/6082808/,[哥伦比亚] 加西亚·马尔克斯 / 范晔 / 南海出版公司 / 2011-6 / 39.50元,外国文学,False
26980487,悉达多: 一首印度的诗,https://book.douban.com/subject/26980487/,[德] 赫尔曼·黑塞 / 姜乙 / 天津人民出版社 / 2017-1 / 32.00元,外国文学,False
30331835,窄门,https://book.douban.com/subject/30331835/,[法] 安德烈·纪德 / 顾琪静 / 天津人民出版社 / 2018-10 / 45.00,外国文学,False
37113259,纽约客故事集,https://book.douban.com/subject/37113259/,[美] 安·比蒂 / 周玮 / 北京联合出版公司 / 2025-1 / 100.00元,外国文学,False
37023820,乔瓦尼的房间,https://book.douban.com/subject/37023820/,[美] 詹姆斯·鲍德温 / 李佳纯 / 上海译文出版社 / 2024-9 / 58.00元,外国文学,False
25887924,卡拉马佐夫兄弟,https://book.douban.com/subject/25887924/,陀思妥耶夫斯基 (Ф.М.Достоевский) / 荣如德 / 上海译文出版社 / 2015-2-1 / CNY 78.00,外国文学,False
36457094,明亮的夜晚,https://book.douban.com/subject/36457094/,[韩]崔恩荣 / 叶蕾 / 台海出版社 / 2023-8 / 52,外国文学,False
37032204,无暇他顾,https://book.douban.com/subject/37032204/,[美] 厄休拉·勒古恩 / 姚瑶 / 北京联合出版公司 / 2024-11 / 58,外国文学,False
36743030,恶女的告白,https://book.douban.com/subject/36743030/,[日] 叶真中显 / 吴曦 / 中国友谊出版公司 / 2024-9 / 55.00元,外国文学,False
33440205,你当像鸟飞往你的山,https://book.douban.com/subject/33440205/,塔拉·韦斯特弗 / 任爱红 / 南海出版公司 / 2019-10 / 59.00元,外国文学,False
36701790,仿生人会梦见电子羊吗?,https://book.douban.com/subject/36701790/,[美] 菲利普·迪克 / 姚向辉 / 江苏凤凰文艺出版社 / 2024-10-15 / 59.90元,外国文学,False
36987849,你杀了谁,https://book.douban.com/subject/36987849/,[日] 东野圭吾 / 苏玖龄 / 南海出版公司 / 2025-1 / 59.00元,外国文学,False
36692820,事件,https://book.douban.com/subject/36692820/,[法] 安妮·埃尔诺 / 甘露 / 上海人民出版社 / 2024-9-10 / 36.00,外国文学,False
36668331,无条件投降博物馆,https://book.douban.com/subject/36668331/,[荷]杜布拉夫卡·乌格雷西奇 / 何静芝 / 云南人民出版社 / 2024-1-1 / 64.00元,外国文学,False
37036115,长岛,https://book.douban.com/subject/37036115/,[爱尔兰] 科尔姆·托宾 / 柏栎 / 上海译文出版社 / 2025-1 / 72元,外国文学,False
36831351,献灯使,https://book.douban.com/subject/36831351/,[日本] 多和田叶子 / 蕾克 / 广西师范大学出版社 / 2025-1 / 65.00元,外国文学,False
37136205,法比安,https://book.douban.com/subject/37136205/,[德] 埃里希·凯斯特纳 / 李晓艳 / 北京联合出版公司 / 2025-1 / 52.00元,外国文学,False
36848782,雅各布之书,https://book.douban.com/subject/36848782/,奥尔加·托卡尔丘克 / 乌兰、李江颐、李佳 / 浙江文艺出版社 / 2024-10 / 168.00元,外国文学,False
26879778,杀死一只知更鸟,https://book.douban.com/subject/26879778/,[美] 哈珀·李 / 李育超 / 译林出版社 / 2017-2 / 58.00,外国文学,False
36897362,我用中文做了场梦,https://book.douban.com/subject/36897362/,[意] 亚历（Alessandro Ceschi） / 文汇出版社 / 2024-7 / 69.00元,外国文学,False
36429692,简单的激情,https://book.douban.com/subject/36429692/,[法] 安妮·埃尔诺 / 袁筱一 / 上海人民出版社 / 2023-7-31 / 45.00元,外国文学,False
36754770,我们八月见,https://book.douban.com/subject/36754770/,[哥伦比亚]加西亚·马尔克斯 / 侯健 / 南海出版公司 / 2024-3-6 / 39.00元,外国文学,False
34990839,地下室手记,https://book.douban.com/subject/34990839/,[俄] 陀思妥耶夫斯基 / 曾思艺 / 浙江文艺出版社 / 2020-5 / 39.80元,外国文学,False
10594787,霍乱时期的爱情,https://book.douban.com/subject/10594787/,[哥伦比亚] 加西亚·马尔克斯 / 杨玲 / 南海出版公司 / 2012-9-1 / 39.50元,外国文学,False
36594895,生活的囚徒,https://book.douban.com/subject/36594895/,[爱尔兰] 威廉·特雷弗 / 亚可 / 上海译文出版社 / 2023-11 / 65.00元,外国文学,False
26757680,面纱,https://book.douban.com/subject/26757680/,[英] 威廉·萨默塞特·毛姆 / 于大卫 / 江西人民出版社 / 2016-4-1 / 39.8元,外国文学,False
36078195,一个女人的故事: 全新修订版,https://book.douban.com/subject/36078195/,[法]安妮·埃尔诺 / 郭玉梅 / 上海人民出版社 / 2022-10 / 38.00,外国文学,False
36946791,向坐着的人指控爱情,https://book.douban.com/subject/36946791/,[哥伦比亚] 加西亚·马尔克斯 / 侯健 / 南海出版公司 / 2025-2 / 39.00元,外国文学,False
36528801,羊奶煮羊羔,https://book.douban.com/subject/36528801/,[俄]尤里·波利亚科夫 / 谷兴亚 / 上海三联书店 / 2024-12 / 69.80元,外国文学,False
37016658,小城与不确定性的墙,https://book.douban.com/subject/37016658/,[日] 村上春树 / 施小炜 / 江苏凤凰文艺出版社 / 2024-10 / 89.90元,外国文学,False
30286914,基督山伯爵,https://book.douban.com/subject/30286914/,[法]大仲马 / 周克希 / 译林出版社 / 2018-10 / 138,外国文学,False
37042948,束草的冬天,https://book.douban.com/subject/37042948/,[法] 埃莉萨·秀雅·迪萨潘 / 狄佳 / 上海译文出版社 / 2024-10 / 56,外国文学,False
36986587,我的骨头没有忘记,https://book.douban.com/subject/36986587/,[美] 斯蒂芬妮·胡 / 高语冰 / 广东经济出版社 / 2024-9 / 59.80元,外国文学,False
37009820,莉莉亚娜不可战胜的夏天,https://book.douban.com/subject/37009820/,[墨西哥] 克里斯蒂娜·里韦拉·加尔萨 / 姚云青 / 广西师范大学出版社 / 2024-11 / 68.00元,外国文学,False
26878124,我的天才女友: 那不勒斯四部曲1,https://book.douban.com/subject/26878124/,[意] 埃莱娜·费兰特 / 陈英 / 人民文学出版社 / 2017-1 / 42.00元,外国文学,False
6781808,杀死一只知更鸟,https://book.douban.com/subject/6781808/,[美] 哈珀·李 / 高红梅 / 译林出版社 / 2012-9 / 32.00元,外国文学,False
1770782,追风筝的人,https://book.douban.com/subject/1770782/,[美] 卡勒德·胡赛尼 / 李继宏 / 上海人民出版社 / 2006-5 / 29.00元,外国文学,False
37161510,耶路撒冷没有海滩,https://book.douban.com/subject/37161510/,[以]伊多·格芬 / 郑晓阳 / 南海出版公司 / 2025-1 / 59.00元,外国文学,False
34835082,一间只属于自己的房间,https://book.douban.com/subject/34835082/,[英] 弗吉尼亚·伍尔夫 / 周颖琪 / 天津人民出版社 / 2019-10 / 39.8元,外国文学,False
36710568,伊甸之东,https://book.douban.com/subject/36710568/,[美]约翰·斯坦贝克 / 王一凡 / 湖南文艺出版社 / 2024-5 / 148.00元,外国文学,False
36698238,隐墙,https://book.douban.com/subject/36698238/,[奥地利] 玛尔伦·豪斯霍费尔 / 钟皓楠 / 北京联合出版公司 / 2024-3 / 52.00元,外国文学,False
33395266,愤怒的葡萄,https://book.douban.com/subject/33395266/,[美]约翰·斯坦贝克 / 王一凡 / 湖南文艺出版社 / 2019-6 / 69.00元,外国文学,False
4908879,动物农场,https://book.douban.com/subject/4908879/,[英]乔治·奥威尔 / 荣如德、董乐山 / 上海译文出版社 / 2010-9 / 22.00元,外国文学,False
36952082,冷到下雪,https://book.douban.com/subject/36952082/,[澳] 欧健梅 / 陆剑 / 上海译文出版社 / 2024-8 / 48,外国文学,False
30172069,失踪的孩子: 那不勒斯四部曲4,https://book.douban.com/subject/30172069/,[意] 埃莱娜·费兰特 / 陈英 / 人民文学出版社 / 2018-7 / 62.00元,外国文学,False
30389968,克林索尔的最后夏天,https://book.douban.com/subject/30389968/,[德] 赫尔曼·黑塞 / 易海舟 / 天津人民出版社 / 2019-1 / 39.8,外国文学,False
37039141,夜晚的游戏,https://book.douban.com/subject/37039141/,[瑞典] 斯蒂格·达格曼 / 虞军 / 广西师范大学出版社 / 2024-10-14 / 58.00元,外国文学,False
6789605,树上的男爵,https://book.douban.com/subject/6789605/,[意大利]伊塔洛·卡尔维诺 / 吴正仪 / 译林出版社 / 2012-4-1 / 30.00元,外国文学,False
26980487,悉达多: 一首印度的诗,https://book.douban.com/subject/26980487/,[德] 赫尔曼·黑塞 / 姜乙 / 天津人民出版社 / 2017-1 / 32.00元,经典,False
1007305,红楼梦,https://book.douban.com/subject/1007305/,[清] 曹雪芹 著、高鹗 / 人民文学出版社 / 1996-12 / 59.70元,经典,False
6082808,百年孤独,https://book.douban.com/subject/6082808/,[哥伦比亚] 加西亚·马尔克斯 / 范晔 / 南海出版公司 / 2011-6 / 39.50元,经典,False
35170896,平面国: 多维空间传奇往事,https://book.douban.com/subject/35170896/,[英] 埃德温·A.艾勃特 / 鲁冬旭 / 上海文化出版社 / 2020-8 / 39.80元,经典,False
26879778,杀死一只知更鸟,https://book.douban.com/subject/26879778/,[美] 哈珀·李 / 李育超 / 译林出版社 / 2017-2 / 58.00,经典,False
25887924,卡拉马佐夫兄弟,https://book.douban.com/subject/25887924/,陀思妥耶夫斯基 (Ф.М.Достоевский) / 荣如德 / 上海译文出版社 / 2015-2-1 / CNY 78.00,经典,False
4913064,活着,https://book.douban.com/subject/4913064/,余华 / 作家出版社 / 2012-8 / 28.00元,经典,False
36104107,长安的荔枝,https://book.douban.com/subject/36104107/,马伯庸 / 湖南文艺出版社 / 2022-10 / 45.00元,经典,False
5910656,我与地坛,https://book.douban.com/subject/5910656/,史铁生 / 人民文学出版社 / 2011-1-1 / 23.00元,经典,False
1019568,三国演义（全二册）,https://book.douban.com/subject/1019568/,[明] 罗贯中 / 人民文学出版社 / 1998-05 / 39.50元,经典,False
4908879,动物农场,https://book.douban.com/subject/4908879/,[英]乔治·奥威尔 / 荣如德、董乐山 / 上海译文出版社 / 2010-9 / 22.00元,经典,False
36062390,一句顶一万句,https://book.douban.com/subject/36062390/,刘震云 / 花城出版社 / 2022-8 / 68.00元,经典,False
1029553,西游记（全二册）,https://book.douban.com/subject/1029553/,吴承恩 / 黄肃秋 注释 / 人民文学出版社 / 2004-8 / 47.20元,经典,False
4908885,局外人,https://book.douban.com/subject/4908885/,[法] 阿尔贝·加缪 / 柳鸣九 / 上海译文出版社 / 2010-8 / 22.00元,经典,False
4820710,1984,https://book.douban.com/subject/4820710/,[英] 乔治·奥威尔 / 刘绍铭 / 北京十月文艺出版社 / 2010-4-1 / 28.00,经典,False
34432750,额尔古纳河右岸,https://book.douban.com/subject/34432750/,迟子建 / 人民文学出版社 / 2019-6-1 / 32.00元,经典,False
24531956,哈利·波特,https://book.douban.com/subject/24531956/,J.K.罗琳 (J.K.Rowling) / 苏农、马爱农、马爱新 / 人民文学出版社 / 2008-12-1 / 498.00元,经典,False
1139360,毛泽东选集: 第一卷,https://book.douban.com/subject/1139360/,毛泽东 / 人民出版社 / 1991-6 / 40.00元,经典,False
30286914,基督山伯爵,https://book.douban.com/subject/30286914/,[法]大仲马 / 周克希 / 译林出版社 / 2018-10 / 138,经典,False
10554308,白夜行,https://book.douban.com/subject/10554308/,[日] 东野圭吾 / 刘姿君 / 南海出版公司 / 2013-1-1 / 39.50元,经典,False
37013801,神曲: 插图珍藏版,https://book.douban.com/subject/37013801/,[意] 但丁、[英] 威廉·布莱克 / 王维克 / 江苏凤凰文艺出版社 / 2025-2 / 198.00元,经典,False
3183775,四世同堂,https://book.douban.com/subject/3183775/,老舍 / 北京十月文艺出版社 / 2008-07 / 36.00元,经典,False
24257229,鼠疫,https://book.douban.com/subject/24257229/,[法] 阿尔贝·加缪 / 刘方 / 上海译文出版社 / 2013-8 / 34.00元,经典,False
1054917,沧浪之水,https://book.douban.com/subject/1054917/,阎真 / 人民文学出版社 / 2001-10 / 26.00元,经典,False
35546622,置身事内: 中国政府与经济发展,https://book.douban.com/subject/35546622/,兰小欢 / 上海人民出版社 / 2021-8 / 65.00元,经典,False
30331835,窄门,https://book.douban.com/subject/30331835/,[法] 安德烈·纪德 / 顾琪静 / 天津人民出版社 / 2018-10 / 45.00,经典,False
1044547,射雕英雄传,https://book.douban.com/subject/1044547/,金庸 / 生活·读书·新知三联书店 / 1999-04 / 47.00元,经典,False
10594787,霍乱时期的爱情,https://book.douban.com/subject/10594787/,[哥伦比亚] 加西亚·马尔克斯 / 杨玲 / 南海出版公司 / 2012-9-1 / 39.50元,经典,False
1084336,小王子,https://book.douban.com/subject/1084336/,[法] 圣埃克苏佩里、[法国] 安东尼·德·圣-埃克苏佩里 / 马振骋 / 人民文学出版社 / 2003-8 / 22.00元,经典,False
26757680,面纱,https://book.douban.com/subject/26757680/,[英] 威廉·萨默塞特·毛姆 / 于大卫 / 江西人民出版社 / 2016-4-1 / 39.8元,经典,False
11524204,围城,https://book.douban.com/subject/11524204/,钱锺书 / 人民文学出版社 / 1991-2-1 / 39.00元,经典,False
27107109,百年孤独: 50周年纪念版,https://book.douban.com/subject/27107109/,[哥伦比亚] 加西亚·马尔克斯 / 范晔 / 南海出版公司 / 2017-8 / 55.00元,经典,False
36926388,道德经: 帛书版·全注全译全解,https://book.douban.com/subject/36926388/,[春秋]老子 著、秦复观 注解 / 三秦出版社 / 2024-6-12 / 99,经典,False
27170538,存在主义咖啡馆: 自由、存在和杏子鸡尾酒,https://book.douban.com/subject/27170538/,[英] 莎拉·贝克韦尔 / 沈敏一 / 北京联合出版公司 / 2017-12-1 / 88.00,经典,False
4246979,窄门,https://book.douban.com/subject/4246979/,[法] 安德烈·纪德 / 桂裕芳 / 上海译文出版社 / 2010-04 / 18.00元,经典,False
10758290,东晋门阀政治,https://book.douban.com/subject/10758290/,田余庆 / 北京大学出版社 / 2012-5 / 49.00元,经典,False
6789605,树上的男爵,https://book.douban.com/subject/6789605/,[意大利]伊塔洛·卡尔维诺 / 吴正仪 / 译林出版社 / 2012-4-1 / 30.00元,经典,False
27064488,活着,https://book.douban.com/subject/27064488/,余华 / 北京十月文艺出版社 / 2017-6-1 / 35.00元,经典,False
27002046,美丽新世界,https://book.douban.com/subject/27002046/,【英】奥尔德斯·赫胥黎 / 陈超 / 上海译文出版社 / 2017-6 / 45.00元,经典,False
35143790,蛤蟆先生去看心理医生,https://book.douban.com/subject/35143790/,[英] 罗伯特·戴博德 / 陈赢 / 天津人民出版社 / 2020-8-1 / 38.00元,经典,False
21371175,罗杰疑案: 阿加莎·克里斯蒂作品02,https://book.douban.com/subject/21371175/,[英] 阿加莎·克里斯蒂 / 常禾 / 新星出版社 / 2013-3 / 28.00元,经典,False
35989392,献给阿尔吉侬的花束,https://book.douban.com/subject/35989392/,[美] 丹尼尔·凯斯 / 陈澄和 / 河南文艺出版社 / 2022-8-1 / 48.00元,经典,False
1449351,呐喊,https://book.douban.com/subject/1449351/,鲁迅 / 人民文学出版社 / 1973-3 / 0.36元,经典,False
25985021,人类简史: 从动物到上帝,https://book.douban.com/subject/25985021/,[以色列] 尤瓦尔·赫拉利 / 林俊宏 / 中信出版社 / 2014-11 / 68.00元,经典,False
2253379,简爱,https://book.douban.com/subject/2253379/,[英] 夏洛蒂·勃朗特 / 宋兆霖 / 上海文艺出版社 / 2007-8-1 / 27.00元,经典,False
34835082,一间只属于自己的房间,https://book.douban.com/subject/34835082/,[英] 弗吉尼亚·伍尔夫 / 周颖琪 / 天津人民出版社 / 2019-10 / 39.8元,经典,False
30648231,骆驼祥子,https://book.douban.com/subject/30648231/,老舍 / 人民文学出版社 / 1962-10 / 26,经典,False
25897651,静静的顿河,https://book.douban.com/subject/25897651/,[苏] 肖洛霍夫 / 金人 / 人民文学出版社 / 2015-8 / 158.00元,经典,False
27070488,围城,https://book.douban.com/subject/27070488/,钱锺书 / 人民文学出版社 / 2017-6 / 36.00,经典,False
36710568,伊甸之东,https://book.douban.com/subject/36710568/,[美]约翰·斯坦贝克 / 王一凡 / 湖南文艺出版社 / 2024-5 / 148.00元,经典,False
36978314,不被大风吹倒,https://book.douban.com/subject/36978314/,莫言 / 北京日报出版社 / 2024-10 / 50.00元,中国文学,False
36328704,太白金星有点烦,https://book.douban.com/subject/36328704/,马伯庸 / 湖南文艺出版社 / 2023-6 / 45.00,中国文学,False
36104107,长安的荔枝,https://book.douban.com/subject/36104107/,马伯庸 / 湖南文艺出版社 / 2022-10 / 45.00元,中国文学,False
36710597,食南之徒,https://book.douban.com/subject/36710597/,马伯庸 / 湖南文艺出版社 / 2024-4-1 / 56.00元,中国文学,False
36659710,猫鱼,https://book.douban.com/subject/36659710/,陈冲 / 上海三联书店 / 2024-6 / 168,中国文学,False
36593622,世上为什么要有图书馆,https://book.douban.com/subject/36593622/,杨素秋 / 上海译文出版社 / 2024-1-1 / 58.00元,中国文学,False
35587028,生死疲劳,https://book.douban.com/subject/35587028/,莫言 / 浙江文艺出版社 / 2022-1 / 69.90元,中国文学,False
34998019,秋园,https://book.douban.com/subject/34998019/,杨本芬 / 北京联合出版公司 / 2020-6 / 38.00元,中国文学,False
36794613,康熙的红票: 全球化中的清朝,https://book.douban.com/subject/36794613/,孙立天 / 商务印书馆 / 2024-3 / 78,中国文学,False
36062390,一句顶一万句,https://book.douban.com/subject/36062390/,刘震云 / 花城出版社 / 2022-8 / 68.00元,中国文学,False
37097311,惹作,https://book.douban.com/subject/37097311/,易小荷 / 文汇出版社 / 2025-1 / 59.00元,中国文学,False
36956148,团圆记,https://book.douban.com/subject/36956148/,杨云苏 / 浙江文艺出版社 / 2024-7-15 / 58,中国文学,False
37022123,血与蜜之地: 穿越巴尔干的旅程,https://book.douban.com/subject/37022123/,刘子超 / 文汇出版社 / 2024-10 / 79.00元,中国文学,False
37037969,阿包,https://book.douban.com/subject/37037969/,阿包 / 广东人民出版社 / 2025-1 / 48,中国文学,False
3633461,一句顶一万句,https://book.douban.com/subject/3633461/,刘震云 / 长江文艺出版社 / 2009-3 / 29.80,中国文学,False
37124146,我人生最开始的好朋友,https://book.douban.com/subject/37124146/,蔡崇达 / 作家出版社 / 2024-11-20 / 69.80元,中国文学,False
37152439,蛮与痴,https://book.douban.com/subject/37152439/,郑恩柏 / 文汇出版社 / 2025-1-1 / 59,中国文学,False
36629769,阿勒泰的角落,https://book.douban.com/subject/36629769/,李娟 / 新星出版社 / 2024-1-9 / 59,中国文学,False
4913064,活着,https://book.douban.com/subject/4913064/,余华 / 作家出版社 / 2012-8 / 28.00元,中国文学,False
37129514,哪吒,https://book.douban.com/subject/37129514/,周楞伽 / 湖南文艺出版社 / 2025-1 / 59.80元,中国文学,False
36150423,我在北京送快递,https://book.douban.com/subject/36150423/,胡安焉 / 湖南文艺出版社 / 2023-3 / 56.00元,中国文学,False
37077202,九诗心: 暗夜里的文学启明,https://book.douban.com/subject/37077202/,黄晓丹 / 上海三联书店 / 2024-11 / 79元,中国文学,False
4760224,许三观卖血记,https://book.douban.com/subject/4760224/,余华 / 作家出版社 / 2012-9 / 24.00元,中国文学,False
34432750,额尔古纳河右岸,https://book.douban.com/subject/34432750/,迟子建 / 人民文学出版社 / 2019-6-1 / 32.00元,中国文学,False
10564071,白鹿原: 20周年精装典藏版,https://book.douban.com/subject/10564071/,陈忠实 / 人民文学出版社 / 2012-9 / 39.00元,中国文学,False
36796806,生死结,https://book.douban.com/subject/36796806/,尹学芸 / 译林出版社 / 2024-4 / 68,中国文学,False
36727318,我胆小如鼠,https://book.douban.com/subject/36727318/,余华 / 江苏凤凰文艺出版社 / 2024-7-30 / 49.90元,中国文学,False
37134066,命若朝霜: 《红楼梦》里的法律、社会与女性,https://book.douban.com/subject/37134066/,柯岚 / 广西师范大学出版社 / 2025-1 / 79,中国文学,False
36914683,逃走的人,https://book.douban.com/subject/36914683/,李颖迪 / 文汇出版社 / 2024-8-1 / 59,中国文学,False
30259153,第七天,https://book.douban.com/subject/30259153/,余华 / 新星出版社 / 2018-8 / 39.50元,中国文学,False
36783409,一生中最高兴的一天,https://book.douban.com/subject/36783409/,路遥 / 北京十月文艺出版社 / 2024-2 / 49.00元,中国文学,False
37113266,文脉的演进: 中国古代文学史讲录,https://book.douban.com/subject/37113266/,陈引驰 / 中华书局 / 2024-12 / 118.00元,中国文学,False
36728470,纷纷水火,https://book.douban.com/subject/36728470/,林戈声 / 上海文艺出版社 / 2024-1 / 59.00,中国文学,False
5910656,我与地坛,https://book.douban.com/subject/5910656/,史铁生 / 人民文学出版社 / 2011-1-1 / 23.00元,中国文学,False
36061380,一地鸡毛,https://book.douban.com/subject/36061380/,刘震云 / 花城出版社 / 2022-7 / 60.00元,中国文学,False
37074780,人鱼之间,https://book.douban.com/subject/37074780/,张天翼 / 人民文学出版社 / 2025-1 / 59.00,中国文学,False
36899918,她来劈开这山,https://book.douban.com/subject/36899918/,病鹤斋 / 花城出版社 / 2025-2 / 56.00元,中国文学,False
36062392,温故一九四二,https://book.douban.com/subject/36062392/,刘震云 / 花城出版社 / 2022-7 / 52.00元,中国文学,False
36800213,松木的清香,https://book.douban.com/subject/36800213/,万玛才旦 著、久美成列 编 / 中信出版集团 / 2024-5 / 89.00元,中国文学,False
36623046,我的母亲做保洁,https://book.douban.com/subject/36623046/,张小满 / 光启书局 / 2023-11 / 59.8,中国文学,False
36727316,女人的胜利,https://book.douban.com/subject/36727316/,余华 / 江苏凤凰文艺出版社 / 2024-10-1 / 49.90元,中国文学,False
36021908,燕食记,https://book.douban.com/subject/36021908/,葛亮 / 人民文学出版社 / 2022-8 / 78,中国文学,False
1007305,红楼梦,https://book.douban.com/subject/1007305/,[清] 曹雪芹 著、高鹗 / 人民文学出版社 / 1996-12 / 59.70元,中国文学,False
1029553,西游记（全二册）,https://book.douban.com/subject/1029553/,吴承恩 / 黄肃秋 注释 / 人民文学出版社 / 2004-8 / 47.20元,中国文学,False
36862604,鹿隐之野,https://book.douban.com/subject/36862604/,押沙龙 / 万卷出版公司 / 2024-6-17 / 49.80,中国文学,False
36897370,草民,https://book.douban.com/subject/36897370/,蔡崇达 / 广州出版社 / 2024-6 / 59.8,中国文学,False
26905337,檀香刑,https://book.douban.com/subject/26905337/,莫言 / 浙江文艺出版社 / 2017-1 / 56.00元,中国文学,False
35080870,两京十五日,https://book.douban.com/subject/35080870/,马伯庸 / 湖南文艺出版社 / 2020-7 / 108.00元,中国文学,False
37162943,沪上烟火,https://book.douban.com/subject/37162943/,大姑娘 / 湖南文艺出版社 / 2025-2 / 52.80元,中国文学,False
1449351,呐喊,https://book.douban.com/subject/1449351/,鲁迅 / 人民文学出版社 / 1973-3 / 0.36元,中国文学,False
36659710,猫鱼,https://book.douban.com/subject/36659710/,陈冲 / 上海三联书店 / 2024-6 / 168,随笔,False
36978314,不被大风吹倒,https://book.douban.com/subject/36978314/,莫言 / 北京日报出版社 / 2024-10 / 50.00元,随笔,False
36096287,东京八平米: Tokyo's Downsized Dwelling,https://book.douban.com/subject/36096287/,[日]吉井忍 / 上海三联书店 / 2023-1 / 79.00元,随笔,False
36593622,世上为什么要有图书馆,https://book.douban.com/subject/36593622/,杨素秋 / 上海译文出版社 / 2024-1-1 / 58.00元,随笔,False
37032204,无暇他顾,https://book.douban.com/subject/37032204/,[美] 厄休拉·勒古恩 / 姚瑶 / 北京联合出版公司 / 2024-11 / 58,随笔,False
36897362,我用中文做了场梦,https://book.douban.com/subject/36897362/,[意] 亚历（Alessandro Ceschi） / 文汇出版社 / 2024-7 / 69.00元,随笔,False
36852931,身后无遗物,https://book.douban.com/subject/36852931/,[日] 伊藤比吕美 / 蕾克 / 湖南文艺出版社 / 2024-6 / 49.80,随笔,False
36331621,格外的活法,https://book.douban.com/subject/36331621/,[日] 吉井忍 / 文汇出版社 / 2025-2 / 79.00元,随笔,False
36629769,阿勒泰的角落,https://book.douban.com/subject/36629769/,李娟 / 新星出版社 / 2024-1-9 / 59,随笔,False
37132581,老女孩: 另一种生活方式,https://book.douban.com/subject/37132581/,[法]玛丽·科克 / 马雅 / 广东人民出版社 / 2025-1-1 / 56.00,随笔,False
37124146,我人生最开始的好朋友,https://book.douban.com/subject/37124146/,蔡崇达 / 作家出版社 / 2024-11-20 / 69.80元,随笔,False
35907571,闭经记,https://book.douban.com/subject/35907571/,[日] 伊藤比吕美 / 蕾克 / 广西师范大学出版社 / 2022-7 / 42.00元,随笔,False
36966387,与希罗多德一起旅行,https://book.douban.com/subject/36966387/,[波] 雷沙德·卡普希钦斯基 / 马睿 / 云南人民出版社 / 2025-1 / 68.00元,随笔,False
37182227,如何捉鼹鼠,https://book.douban.com/subject/37182227/,[英] 马克·哈默 / 王知夏 / 广西师范大学出版社 / 2025-2-10 / 52元,随笔,False
36235328,老派少女购物路线,https://book.douban.com/subject/36235328/,洪爱珠 / 北京日报出版社 / 2023-2 / 68.00元,随笔,False
36271507,阅读是一座随身携带的避难所,https://book.douban.com/subject/36271507/,[英] 毛姆、[英国] 威廉·萨默塞特·毛姆 / 罗长利 / 万卷出版社 / 2023-4 / 38.00元,随笔,False
37068788,我看见，我倾听，我思索……,https://book.douban.com/subject/37068788/,[意] 吉奥乔·阿甘本 / 王立秋 / 南京大学出版社 / 2025-1 / 52.00元,随笔,False
36946533,越过山丘,https://book.douban.com/subject/36946533/,邱兵 / 天津人民出版社 / 2024-7 / 59,随笔,False
35552619,我的阿勒泰,https://book.douban.com/subject/35552619/,李娟 / 花城出版社 / 2021-8 / 45.00元,随笔,False
26291216,我们生活在巨大的差距里,https://book.douban.com/subject/26291216/,余华 / 北京十月文艺出版社 / 2015-2 / 35.00元,随笔,False
37195283,你不必着急成为一个大人,https://book.douban.com/subject/37195283/,马家辉、张家瑜 / 花城出版社 / 2025-1 / 59.80,随笔,False
36668331,无条件投降博物馆,https://book.douban.com/subject/36668331/,[荷]杜布拉夫卡·乌格雷西奇 / 何静芝 / 云南人民出版社 / 2024-1-1 / 64.00元,随笔,False
36446876,上野千鹤子的午后时光: 自由、幸福、底气,https://book.douban.com/subject/36446876/,[日]上野千鹤子 / 熊韵 / 中国友谊出版公司 / 2024-1-1 / 58,随笔,False
5910656,我与地坛,https://book.douban.com/subject/5910656/,史铁生 / 人民文学出版社 / 2011-1-1 / 23.00元,随笔,False
37022123,血与蜜之地: 穿越巴尔干的旅程,https://book.douban.com/subject/37022123/,刘子超 / 文汇出版社 / 2024-10 / 79.00元,随笔,False
36940661,去遇见,https://book.douban.com/subject/36940661/,杨天真 / 太白文艺出版社 / 2024-7-4 / 59.80元,随笔,False
36952082,冷到下雪,https://book.douban.com/subject/36952082/,[澳] 欧健梅 / 陆剑 / 上海译文出版社 / 2024-8 / 48,随笔,False
36150423,我在北京送快递,https://book.douban.com/subject/36150423/,胡安焉 / 湖南文艺出版社 / 2023-3 / 56.00元,随笔,False
27184303,遥远的向日葵地,https://book.douban.com/subject/27184303/,李娟 / 花城出版社 / 2017-11 / 38.00元,随笔,False
36957858,生活在低处,https://book.douban.com/subject/36957858/,胡安焉 / 湖南文艺出版社 / 2024-8 / 56.00元,随笔,False
36862596,海象日记,https://book.douban.com/subject/36862596/,乌冬 / 广西师范大学出版社 / 2024-6 / 52,随笔,False
35040904,记一忘三二: 全新修订版,https://book.douban.com/subject/35040904/,李娟 / 花城出版社 / 2020-7 / 35.00,随笔,False
36020007,暮色将尽,https://book.douban.com/subject/36020007/,[英] 戴安娜·阿西尔 / 曾嵘 / 四川人民出版社 / 2022-7 / 49.80元,随笔,False
36914677,十一个时区之旅,https://book.douban.com/subject/36914677/,[波兰] 雷沙德·卡普希钦斯基 / 刘伟 / 民主与建设出版社 / 2025-1 / 72.00元,随笔,False
37193891,愿你可以自在张扬,https://book.douban.com/subject/37193891/,刘开心 / 北京联合出版公司 / 2025-1 / 58元,随笔,False
36705913,吃着吃着就老了,https://book.douban.com/subject/36705913/,陈晓卿 / 文汇出版社 / 2024-1 / 69.00元,随笔,False
36845048,你不必是一朵花,https://book.douban.com/subject/36845048/,理微尘 / 人民邮电出版社 / 2024-4 / 52.8,随笔,False
36966571,蛋先生的学术生存,https://book.douban.com/subject/36966571/,施爱东 / 上海文艺出版社 / 2024-7 / 68,随笔,False
36930600,去您的巴西,https://book.douban.com/subject/36930600/,胡续冬 / 上海人民出版社 / 2024-11 / 79.00元,随笔,False
37033126,今晚出门散心去,https://book.douban.com/subject/37033126/,田嘉伟 / 上海社会科学院出版社 / 2024-11 / 64.00元,随笔,False
36029740,快乐就是哈哈哈哈哈,https://book.douban.com/subject/36029740/,梁实秋 / 中国友谊出版公司 / 2022-8 / 52.00,随笔,False
36903519,阅读不息,https://book.douban.com/subject/36903519/,[日] 坂本龙一 / 白荷 / 湖南文艺出版社 / 2024-11 / 69.00元,随笔,False
37112836,行于浮世,https://book.douban.com/subject/37112836/,洁尘 / 湖南文艺出版社 / 2024-12 / 59,随笔,False
36429692,简单的激情,https://book.douban.com/subject/36429692/,[法] 安妮·埃尔诺 / 袁筱一 / 上海人民出版社 / 2023-7-31 / 45.00元,随笔,False
37133652,我是时代的孩童: 陀思妥耶夫斯基随笔集,https://book.douban.com/subject/37133652/,(俄罗斯) 陀思妥耶夫斯基、徐振亚 等编选 / 徐振亚、张羽、冯增义、白春仁 / 广西师范大学出版社 / 2025-1-31 / 88.00元,随笔,False
36996591,陌生的阿富汗: 一个女人的独行漫记,https://book.douban.com/subject/36996591/,班卓 / 上海人民出版社 / 2024-9 / 69.00,随笔,False
35522033,午夜降临前抵达: A Central European Odyssey,https://book.douban.com/subject/35522033/,刘子超 / 文汇出版社 / 2021-8 / 59.00元,随笔,False
36997636,村上春树的音乐异想世界: 用音乐治愈疲惫的灵魂,https://book.douban.com/subject/36997636/,[日] 村上春树 / 杨明绮 / 浙江人民出版社 / 2024-11 / 96.00,随笔,False
6079389,我与地坛,https://book.douban.com/subject/6079389/,史铁生 / 人民文学出版社 / 2008-9 / 29.00元,随笔,False
37096858,希腊别传,https://book.douban.com/subject/37096858/,陈嘉映 / 广西师范大学出版社 / 2025-1 / 52.00元,随笔,False
36743030,恶女的告白,https://book.douban.com/subject/36743030/,[日] 叶真中显 / 吴曦 / 中国友谊出版公司 / 2024-9 / 55.00元,日本文学,False
36831351,献灯使,https://book.douban.com/subject/36831351/,[日本] 多和田叶子 / 蕾克 / 广西师范大学出版社 / 2025-1 / 65.00元,日本文学,False
36987849,你杀了谁,https://book.douban.com/subject/36987849/,[日] 东野圭吾 / 苏玖龄 / 南海出版公司 / 2025-1 / 59.00元,日本文学,False
35031587,绝叫,https://book.douban.com/subject/35031587/,[日] 叶真中显 / 林佩瑾 / 北京联合出版公司 / 2020-7 / 58.00元,日本文学,False
37016658,小城与不确定性的墙,https://book.douban.com/subject/37016658/,[日] 村上春树 / 施小炜 / 江苏凤凰文艺出版社 / 2024-10 / 89.90元,日本文学,False
36331621,格外的活法,https://book.douban.com/subject/36331621/,[日] 吉井忍 / 文汇出版社 / 2025-2 / 79.00元,日本文学,False
30475757,圣母,https://book.douban.com/subject/30475757/,[日] 秋吉理香子 / 郑晓蕾 / 新星出版社 / 2019-3 / 42.00,日本文学,False
36952611,世界末日前的谋杀,https://book.douban.com/subject/36952611/,[日] 荒木茜 / 董纾含 / 北京日报出版社 / 2024-12-20 / 49.90元,日本文学,False
36858240,怪画谜案,https://book.douban.com/subject/36858240/,[日] 雨穴 / 烨伊 / 台海出版社 / 2024-7 / 55.00元,日本文学,False
36832093,方舟,https://book.douban.com/subject/36832093/,[日] 夕木春央 / 佳辰 / 中国友谊出版公司 / 2025-1 / 59,日本文学,False
36096287,东京八平米: Tokyo's Downsized Dwelling,https://book.douban.com/subject/36096287/,[日]吉井忍 / 上海三联书店 / 2023-1 / 79.00元,日本文学,False
35503551,Blue,https://book.douban.com/subject/35503551/,[日] 叶真中显 / 吕灵芝 / 新星出版社 / 2021-7 / 58.00元,日本文学,False
36962267,失控的照护,https://book.douban.com/subject/36962267/,[日] 叶真中显 / 代珂 / 四川文艺出版社 / 2024-8-26 / 55.00元,日本文学,False
33658616,克莱因壶,https://book.douban.com/subject/33658616/,[日] 冈岛二人 / 张舟 / 化学工业出版社 / 2019-9 / 48.00元,日本文学,False
34996429,消失的13级台阶,https://book.douban.com/subject/34996429/,[日] 高野和明 / 赵建勋 / 上海文艺出版社 / 2020-5-15 / 42.00元,日本文学,False
36953534,死神广播,https://book.douban.com/subject/36953534/,[日] 白井智之 / 佳辰 / 江苏凤凰文艺出版社 / 2024-8 / 59.00元,日本文学,False
37101170,诡计策划师,https://book.douban.com/subject/37101170/,[日] 片冈翔 / 周煜 / 新星出版社 / 2024-12 / 49.00元,日本文学,False
37013827,如果我们将在25岁死去,https://book.douban.com/subject/37013827/,[日] 砂川雨路 / 丁丁虫 / 新星出版社 / 2024-10 / 56.00元,日本文学,False
36903519,阅读不息,https://book.douban.com/subject/36903519/,[日] 坂本龙一 / 白荷 / 湖南文艺出版社 / 2024-11 / 69.00元,日本文学,False
26864984,金色梦乡,https://book.douban.com/subject/26864984/,[日] 伊坂幸太郎 / 代珂 / 南海出版公司 / 2016-11 / 69.00元,日本文学,False
36344437,且听风吟,https://book.douban.com/subject/36344437/,[日] 村上春树 / 林少华 / 上海译文出版社 / 2023-6 / 58.00元,日本文学,False
37143179,祈愿女神,https://book.douban.com/subject/37143179/,[日] 东野圭吾 / 吕灵芝 / 湖南文艺出版社 / 2025-1 / 59.00元,日本文学,False
10554308,白夜行,https://book.douban.com/subject/10554308/,[日] 东野圭吾 / 刘姿君 / 南海出版公司 / 2013-1-1 / 39.50元,日本文学,False
36344438,挪威的森林,https://book.douban.com/subject/36344438/,[日] 村上春树 / 林少华 / 上海译文出版社 / 2023-6 / 78元,日本文学,False
26921042,宛如阿修罗,https://book.douban.com/subject/26921042/,[日] 向田邦子 / 李佳星 / 外语教学与研究出版社 / 2016-12 / 42,日本文学,False
36991056,死刑之病,https://book.douban.com/subject/36991056/,[日] 栉木理宇 / 蔡东辉 / 北京联合出版公司 / 2024-10 / 52.00,日本文学,False
26877752,恶意,https://book.douban.com/subject/26877752/,[日] 东野圭吾 / 娄美莲 / 南海出版公司 / 2016-11 / 39.50元,日本文学,False
36980345,發生在近畿某處的那些事,https://book.douban.com/subject/36980345/,背筋 / 黛西 / 台灣角川 / 2024-7-25,日本文学,False
26723423,动物园: ズ一,https://book.douban.com/subject/26723423/,[日] 乙一 / 张筱森 / 人民文学出版社 / 2016-8-1 / 49.80,日本文学,False
36497571,沉默,https://book.douban.com/subject/36497571/,[日]远藤周作 / 李盈春 / 南海出版公司 / 2023-10-1 / 59,日本文学,False
2159042,挪威的森林,https://book.douban.com/subject/2159042/,[日] 村上春树 / 林少华 / 上海译文出版社 / 2007-7 / 23.00元,日本文学,False
36407256,怪屋谜案,https://book.douban.com/subject/36407256/,[日] 雨穴 / 烨伊 / 台海出版社 / 2023-7-19 / 45.00元,日本文学,False
34933208,东京贫困女子,https://book.douban.com/subject/34933208/,[日]中村淳彦 / 傅栩 / 人民文学出版社 / 2021-8 / 59.00元,日本文学,False
26210487,强风吹拂,https://book.douban.com/subject/26210487/,三浦紫苑 / 林佩瑾、李建铨、杨正敏 / 广西师范大学出版社 / 2015-1-1 / 39.00元,日本文学,False
3391248,金阁寺,https://book.douban.com/subject/3391248/,[日] 三岛由纪夫 / 唐月梅 / 上海译文出版社 / 2009-1 / 24.00,日本文学,False
37193544,垫底辣妹升学记,https://book.douban.com/subject/37193544/,(日) 坪田信贵 / 胡欢欢 / 新星出版社 / 2025-3 / 45.00元,日本文学,False
27200257,挪威的森林,https://book.douban.com/subject/27200257/,[日] 村上春树 / 林少华 / 上海译文出版社 / 2018-3 / 38.00元,日本文学,False
35818897,雪国,https://book.douban.com/subject/35818897/,[日] 川端康成 / 戴焕、孙容成 / 南海出版公司 / 2022-6-1 / 59,日本文学,False
35776315,足利女童连续失踪事件,https://book.douban.com/subject/35776315/,[日] 清水洁 / 曾玉婷 / 文汇出版社 / 2022-7 / 49.00元,日本文学,False
36883000,富士日记: 全三册,https://book.douban.com/subject/36883000/,[日] 武田百合子 / 田肖霞 / 北京日报出版社 / 2024-6 / 148,日本文学,False
36497569,深河,https://book.douban.com/subject/36497569/,[日]远藤周作 / 崔健 / 南海出版公司 / 2023-11 / 59.00元,日本文学,False
36361899,红房间: 江户川乱步诡计篇,https://book.douban.com/subject/36361899/,[日] 江户川乱步 / 竺家荣、马梦瑶 / 河南文艺出版社 / 2023-5 / 52.00元,日本文学,False
36532345,挪威的森林,https://book.douban.com/subject/36532345/,(日) 村上春树 / 赖明珠 / 上海译文出版社 / 2023-11 / 78元,日本文学,False
36933384,第八日的蝉,https://book.douban.com/subject/36933384/,[日] 角田光代 / 刘子倩 / 浙江人民出版社 / 2024-12-28 / 56.00元,日本文学,False
28656614,山茶文具店,https://book.douban.com/subject/28656614/,[日] 小川糸 / 王蕴洁 / 湖南文艺出版社 / 2018-3 / 49.80,日本文学,False
25836270,厌女: 日本的女性嫌恶,https://book.douban.com/subject/25836270/,上野千鹤子 / 王兰 / 上海三联书店 / 2015-1 / 28.00元,日本文学,False
3211779,嫌疑人X的献身,https://book.douban.com/subject/3211779/,[日] 东野圭吾 / 刘子倩 / 南海出版公司 / 2008-9 / 28.00,日本文学,False
37156597,少年,https://book.douban.com/subject/37156597/,(日) 川端康成 / 朱亚云 / 中信出版社 / 2025-3-10 / 42元,日本文学,False
36754484,离岛: 于偏僻之地重建生活,https://book.douban.com/subject/36754484/,库索 / 广西师范大学出版社 / 2024-3 / 68.00元,日本文学,False
36944376,独眼少女,https://book.douban.com/subject/36944376/,[日] 麻耶雄嵩 / 张舟 / 新星出版社 / 2024-9 / 56.00元,日本文学,False
36659710,猫鱼,https://book.douban.com/subject/36659710/,陈冲 / 上海三联书店 / 2024-6 / 168,散文,False
36978314,不被大风吹倒,https://book.douban.com/subject/36978314/,莫言 / 北京日报出版社 / 2024-10 / 50.00元,散文,False
35552619,我的阿勒泰,https://book.douban.com/subject/35552619/,李娟 / 花城出版社 / 2021-8 / 45.00元,散文,False
5910656,我与地坛,https://book.douban.com/subject/5910656/,史铁生 / 人民文学出版社 / 2011-1-1 / 23.00元,散文,False
36629769,阿勒泰的角落,https://book.douban.com/subject/36629769/,李娟 / 新星出版社 / 2024-1-9 / 59,散文,False
36897362,我用中文做了场梦,https://book.douban.com/subject/36897362/,[意] 亚历（Alessandro Ceschi） / 文汇出版社 / 2024-7 / 69.00元,散文,False
35040904,记一忘三二: 全新修订版,https://book.douban.com/subject/35040904/,李娟 / 花城出版社 / 2020-7 / 35.00,散文,False
37195283,你不必着急成为一个大人,https://book.douban.com/subject/37195283/,马家辉、张家瑜 / 花城出版社 / 2025-1 / 59.80,散文,False
36096287,东京八平米: Tokyo's Downsized Dwelling,https://book.douban.com/subject/36096287/,[日]吉井忍 / 上海三联书店 / 2023-1 / 79.00元,散文,False
27184303,遥远的向日葵地,https://book.douban.com/subject/27184303/,李娟 / 花城出版社 / 2017-11 / 38.00元,散文,False
37124146,我人生最开始的好朋友,https://book.douban.com/subject/37124146/,蔡崇达 / 作家出版社 / 2024-11-20 / 69.80元,散文,False
36331621,格外的活法,https://book.douban.com/subject/36331621/,[日] 吉井忍 / 文汇出版社 / 2025-2 / 79.00元,散文,False
37182227,如何捉鼹鼠,https://book.douban.com/subject/37182227/,[英] 马克·哈默 / 王知夏 / 广西师范大学出版社 / 2025-2-10 / 52元,散文,False
37032204,无暇他顾,https://book.douban.com/subject/37032204/,[美] 厄休拉·勒古恩 / 姚瑶 / 北京联合出版公司 / 2024-11 / 58,散文,False
36593622,世上为什么要有图书馆,https://book.douban.com/subject/36593622/,杨素秋 / 上海译文出版社 / 2024-1-1 / 58.00元,散文,False
10522856,冬牧场,https://book.douban.com/subject/10522856/,李娟 / 新星出版社 / 2012-6 / 29.80元,散文,False
26278687,皮囊,https://book.douban.com/subject/26278687/,蔡崇达 / 天津人民出版社 / 2014-12-1 / 39.80元,散文,False
36235328,老派少女购物路线,https://book.douban.com/subject/36235328/,洪爱珠 / 北京日报出版社 / 2023-2 / 68.00元,散文,False
36456400,冬牧场,https://book.douban.com/subject/36456400/,李娟 / 花城出版社 / 2023-6 / 60.00元,散文,False
30207170,我与地坛,https://book.douban.com/subject/30207170/,史铁生 / 人民文学出版社 / 2018-4 / 32.00,散文,False
30259726,我的阿勒泰,https://book.douban.com/subject/30259726/,李娟 / 长江文艺出版社 / 2018-8 / 36.80,散文,False
35982110,羊道·春牧场,https://book.douban.com/subject/35982110/,李娟 / 花城出版社 / 2022-9 / 38.00元,散文,False
36705913,吃着吃着就老了,https://book.douban.com/subject/36705913/,陈晓卿 / 文汇出版社 / 2024-1 / 69.00元,散文,False
1253310,人间草木,https://book.douban.com/subject/1253310/,汪曾祺 / 江苏文艺出版社 / 2005-01 / 20.00元,散文,False
36865957,低头思故乡,https://book.douban.com/subject/36865957/,况正兵 / 四川人民出版社 / 2024-6 / 49.80,散文,False
37026917,巷里林泉,https://book.douban.com/subject/37026917/,杨云苏 / 四川文艺出版社 / 2024-10-8 / 58.00元,散文,False
36994786,山谷微风,https://book.douban.com/subject/36994786/,余华 / 北京十月文艺出版社 / 2024-8 / 49.00元,散文,False
30389968,克林索尔的最后夏天,https://book.douban.com/subject/30389968/,[德] 赫尔曼·黑塞 / 易海舟 / 天津人民出版社 / 2019-1 / 39.8,散文,False
6079389,我与地坛,https://book.douban.com/subject/6079389/,史铁生 / 人民文学出版社 / 2008-9 / 29.00元,散文,False
36946533,越过山丘,https://book.douban.com/subject/36946533/,邱兵 / 天津人民出版社 / 2024-7 / 59,散文,False
36285095,晴耕雨读，得闲饮茶,https://book.douban.com/subject/36285095/,季羡林等 著 / 华中科技大学出版社 / 2023-4-1 / 49.80元,散文,False
37179895,仅有闲时最像人,https://book.douban.com/subject/37179895/,梁实秋 / 中国友谊出版公司 / 2025-1 / 49.80,散文,False
35815898,撒哈拉的故事,https://book.douban.com/subject/35815898/,三毛 / 南海出版公司 / 2022-4 / 49.00元,散文,False
24922716,阿勒泰的角落,https://book.douban.com/subject/24922716/,李娟 / 新星出版社 / 2013-9-1 / 36.00,散文,False
36845048,你不必是一朵花,https://book.douban.com/subject/36845048/,理微尘 / 人民邮电出版社 / 2024-4 / 52.8,散文,False
36894801,九篇雪,https://book.douban.com/subject/36894801/,李娟 / 花城出版社 / 2024-5 / 48.00元,散文,False
37139788,我自乡野来,https://book.douban.com/subject/37139788/,刘诚龙 / 天津人民出版社 / 2024-11 / 68,散文,False
36864467,解闷儿,https://book.douban.com/subject/36864467/,张辰亮 / 台海出版社 / 2024-3 / 78,散文,False
30347958,病隙碎笔: 纪念版,https://book.douban.com/subject/30347958/,史铁生 / 湖南文艺出版社 / 2017-11 / 35,散文,False
34432750,额尔古纳河右岸,https://book.douban.com/subject/34432750/,迟子建 / 人民文学出版社 / 2019-6-1 / 32.00元,散文,False
36109196,容易忘记的名字,https://book.douban.com/subject/36109196/,[韩]金爱烂 / 薛舟 / 人民文学出版社 / 2022-10-15 / 42.00元,散文,False
37022123,血与蜜之地: 穿越巴尔干的旅程,https://book.douban.com/subject/37022123/,刘子超 / 文汇出版社 / 2024-10 / 79.00元,散文,False
37102120,更远之地,https://book.douban.com/subject/37102120/,[美] 乔纳森·弗兰岑 / 潘泓 / 文汇出版社 / 2024-11 / 59.00元,散文,False
36249596,每一句话语都坐着别的眼睛,https://book.douban.com/subject/36249596/,[德] 赫塔·米勒 / 李贻琼 / 贵州人民出版社 / 2023-4 / 52.00元,散文,False
37078838,流浪集: 也及走路、喝茶与睡觉,https://book.douban.com/subject/37078838/,舒国治 / 花城出版社 / 2024-10 / 68.00,散文,False
36675027,在春天,https://book.douban.com/subject/36675027/,[挪威] 卡尔·奥韦·克瑙斯高 / 沈赟璐 / 上海三联书店 / 2024-1 / 68,散文,False
26291216,我们生活在巨大的差距里,https://book.douban.com/subject/26291216/,余华 / 北京十月文艺出版社 / 2015-2 / 35.00元,散文,False
36527078,认识我的人慢慢忘了我,https://book.douban.com/subject/36527078/,周慧 著、黄灿然 选编、周慧 / 上海文艺出版社 / 2024-2 / 65.00,散文,False
36623046,我的母亲做保洁,https://book.douban.com/subject/36623046/,张小满 / 光启书局 / 2023-11 / 59.8,散文,False
35331764,旅行之木,https://book.douban.com/subject/35331764/,[日]星野道夫（Michio Hoshino） / 曹逸冰 / 广西师范大学出版社 / 2021-1 / 42.00元,散文,False
37016658,小城与不确定性的墙,https://book.douban.com/subject/37016658/,[日] 村上春树 / 施小炜 / 江苏凤凰文艺出版社 / 2024-10 / 89.90元,村上春树,False
37021151,当我谈跑步时，我谈些什么,https://book.douban.com/subject/37021151/,[日] 村上春树 / 施小炜 / 南海出版公司 / 2024-10 / 49.00元,村上春树,False
36968595,舞·舞·舞,https://book.douban.com/subject/36968595/,[日] 村上春树 / 赖明珠 / 上海译文出版社 / 2024-11 / 88,村上春树,False
37115688,发条鸟年代记,https://book.douban.com/subject/37115688/,[日] 村上春树 / 赖明珠 / 上海译文出版社 / 2025-1 / 108.00元,村上春树,False
36344247,世界尽头与冷酷仙境,https://book.douban.com/subject/36344247/,[日] 村上春树 / 林少华 / 上海译文出版社 / 2023-6 / 88元,村上春树,False
25744203,朗格汉岛的午后,https://book.douban.com/subject/25744203/,[日]村上春树 / 林少华 / 上海译文出版社 / 2013-10 / 35,村上春树,False
36344439,1973年的弹子球,https://book.douban.com/subject/36344439/,[日] 村上春树 / 林少华 / 上海译文出版社 / 2023-6 / 68.00元,村上春树,False
37070049,城與不確定的牆,https://book.douban.com/subject/37070049/,村上春樹 / 賴明珠 / 時報文化 / 2024-11-26 / NT$ 680,村上春树,False
35338094,终究悲哀的外国语,https://book.douban.com/subject/35338094/,[日] 村上春树 / 林少华 / 上海译文出版社 / 2021-4 / 46.00元,村上春树,False
36532343,世界末日与冷酷异境,https://book.douban.com/subject/36532343/,(日) 村上春树 / 赖明珠 / 上海译文出版社 / 2024-1 / 88元,村上春树,False
36997636,村上春树的音乐异想世界: 用音乐治愈疲惫的灵魂,https://book.douban.com/subject/36997636/,[日] 村上春树 / 杨明绮 / 浙江人民出版社 / 2024-11 / 96.00,村上春树,False
2159042,挪威的森林,https://book.douban.com/subject/2159042/,[日] 村上春树 / 林少华 / 上海译文出版社 / 2007-7 / 23.00元,村上春树,False
30144094,舞！舞！舞！,https://book.douban.com/subject/30144094/,[日] 村上春树 / 林少华 / 上海译文出版社 / 2018-7 / 52,村上春树,False
36344438,挪威的森林,https://book.douban.com/subject/36344438/,[日] 村上春树 / 林少华 / 上海译文出版社 / 2023-6 / 78元,村上春树,False
36968596,人造卫星情人,https://book.douban.com/subject/36968596/,[日] 村上春树 / 赖明珠 / 上海译文出版社 / 2024-9 / 68元,村上春树,False
37113122,国境之南，太阳之西,https://book.douban.com/subject/37113122/,村上春树 / 赖明珠 / 上海译文出版社 / 2024-12 / 68元,村上春树,False
26889236,我的职业是小说家,https://book.douban.com/subject/26889236/,[日] 村上春树 / 施小炜 / 南海出版公司 / 2017-1 / 45.00元,村上春树,False
3928882,奇鸟行状录,https://book.douban.com/subject/3928882/,村上春树 / 林少华 / 上海译文出版社 / 2009-8 / 39.00元,村上春树,False
37097573,就算我全无胜算: 杨照谈村上春树,https://book.douban.com/subject/37097573/,杨照 / 中信出版集团 / 2025-1 / 59.80元,村上春树,False
36344437,且听风吟,https://book.douban.com/subject/36344437/,[日] 村上春树 / 林少华 / 上海译文出版社 / 2023-6 / 58.00元,村上春树,False
36344436,寻羊冒险记,https://book.douban.com/subject/36344436/,[日] 村上春树 / 林少华 / 上海译文出版社 / 2023-6 / 78.00元,村上春树,False
27200257,挪威的森林,https://book.douban.com/subject/27200257/,[日] 村上春树 / 林少华 / 上海译文出版社 / 2018-3 / 38.00元,村上春树,False
1059419,海边的卡夫卡,https://book.douban.com/subject/1059419/,[日] 村上春树 / 林少华 / 上海译文出版社 / 2003-4 / 25.00元,村上春树,False
35571598,第一人称单数,https://book.douban.com/subject/35571598/,[日] 村上春树 / 烨伊 / 文治图书·花城出版社 / 2021-11-18 / 56.00元,村上春树,False
36344435,刺杀骑士团长,https://book.douban.com/subject/36344435/,[日] 村上春树 / 林少华 / 上海译文出版社 / 2023-6 / 108元,村上春树,False
30203785,1Q84 BOOK2: 7月-9月,https://book.douban.com/subject/30203785/,[日]村上春树 / 施小炜 / 南海出版公司 / 2018-9-1 / 49.60元,村上春树,False
30203784,1Q84 BOOK3: 10月-12月,https://book.douban.com/subject/30203784/,[日]村上春树 / 施小炜 / 南海出版公司 / 2018-9-1 / 49.60元,村上春树,False
37070048,城與不確定的牆,https://book.douban.com/subject/37070048/,村上春樹 / 賴明珠 / 時報文化 / 2024-11-26,村上春树,False
36531287,寻羊冒险记,https://book.douban.com/subject/36531287/,[日] 村上春树 / 赖明珠 / 上海译文出版社 / 2024-1 / 78元,村上春树,False
10529920,1Q84（全三册）,https://book.douban.com/subject/10529920/,村上春树 / 施小炜 / 南海出版公司 / 2011-1-1 / 111.50元,村上春树,False
4742918,1Q84 BOOK 1: 4月～6月,https://book.douban.com/subject/4742918/,[日] 村上春树 / 施小炜 / 南海出版公司 / 2010-5 / 36.00元,村上春树,False
35778258,天黑以后,https://book.douban.com/subject/35778258/,[日] 村上春树 / 施小炜 / 南海出版公司 / 2022-4 / 49.00元,村上春树,False
3168468,斯普特尼克恋人,https://book.douban.com/subject/3168468/,[日] 村上春树 / 林少华 / 上海译文出版社 / 2018-6 / 38.00元,村上春树,False
25733470,没有色彩的多崎作和他的巡礼之年,https://book.douban.com/subject/25733470/,[日] 村上春树 / 施小炜 / 南海出版公司 / 2013-10-1 / 39.50元,村上春树,False
37049446,海边的卡夫卡,https://book.douban.com/subject/37049446/,[日] 村上春树 / 赖明珠 / 上海译文出版社 / 2024-11 / 78.00元,村上春树,False
26286208,没有女人的男人们,https://book.douban.com/subject/26286208/,[日] 村上春树 / 竺家荣、姜建强、岳远坤、陆求实、林少华、毛丹青 / 上海译文出版社 / 2015-2 / 35.00元,村上春树,False
30144090,国境以南，太阳以西,https://book.douban.com/subject/30144090/,[日]村上春树 / 林少华 / 上海译文出版社 / 2018-7 / 35,村上春树,False
25743459,如果我们的语言是威士忌,https://book.douban.com/subject/25743459/,[日]村上春树 / 林少华 / 上海译文出版社 / 2013-10 / 33.00元,村上春树,False
6952336,羊男的圣诞节,https://book.douban.com/subject/6952336/,(日)村上春树、佐佐木MAKI / 林少华 / 上海译文出版社 / 2012-4 / 20.00元,村上春树,False
36532345,挪威的森林,https://book.douban.com/subject/36532345/,(日) 村上春树 / 赖明珠 / 上海译文出版社 / 2023-11 / 78元,村上春树,False
26575679,当我谈跑步时，我谈些什么: 2015典藏版,https://book.douban.com/subject/26575679/,村上春树 / 施小炜 / 南海出版公司 / 2015-9-1 / 36.00元,村上春树,False
34888710,村上春树的别样魅力: 明朗的春树与晦暗的春树,https://book.douban.com/subject/34888710/,[日]原善 / 魏大海、侯为 / 金城出版社 / 2020-1 / 68.00,村上春树,False
3928883,列克星敦的幽灵,https://book.douban.com/subject/3928883/,村上春树 / 林少华 / 上海译文出版社 / 2009-8 / 16.00元,村上春树,False
30203786,1Q84 BOOK1: 4月-6月,https://book.douban.com/subject/30203786/,[日]村上春树 / 施小炜 / 南海出版公司 / 2018-9-1 / 49.60元,村上春树,False
35008721,旋涡猫的找法: 村上朝日堂日记,https://book.douban.com/subject/35008721/,[日] 村上春树、[日] 安西水丸、[日] 村上阳子 摄影 / 林少华 / 上海译文出版社 / 2020-8 / 45.00元,村上春树,False
30144095,海边的卡夫卡,https://book.douban.com/subject/30144095/,[日]村上春树 / 林少华 / 上海译文出版社 / 2018-8 / 59.00,村上春树,False
1020959,斯普特尼克恋人,https://book.douban.com/subject/1020959/,[日] 村上春树 / 林少华 / 上海译文出版社 / 2001-8 / 14.10元,村上春树,False
1291809,世界尽头与冷酷仙境,https://book.douban.com/subject/1291809/,[日] 村上春树 / 林少华 / 上海译文出版社 / 2002-12 / 23.00元,村上春树,False
3369600,当我谈跑步时我谈些什么,https://book.douban.com/subject/3369600/,[日] 村上春树 / 施小炜 / 南海出版公司 / 2009-1 / 25.00,村上春树,False
1039752,且听风吟,https://book.douban.com/subject/1039752/,[日] 村上春树 / 林少华 / 上海译文出版社 / 2001-8 / 11.80元,村上春树,False
36607105,诗歌的坏时代: 布莱希特诗选,https://book.douban.com/subject/36607105/,[德] 贝托尔特·布莱希特 / 黄雪媛 / 广西师范大学出版社 / 2024-1 / 88.00元,诗歌,False
37135550,只有一朵玫瑰支撑: 希尔德·多敏诗选,https://book.douban.com/subject/37135550/,[德] 希尔德·多敏 / 黄雪媛 / 华东师范大学出版社 / 2025-2-15 / 79.00元,诗歌,False
37062409,座头鲸来到香港: 梁秉钧五十年诗选,https://book.douban.com/subject/37062409/,梁秉钧 / 北京联合出版公司 / 2025-1 / 98.00元,诗歌,False
37077202,九诗心: 暗夜里的文学启明,https://book.douban.com/subject/37077202/,黄晓丹 / 上海三联书店 / 2024-11 / 79元,诗歌,False
37022450,只有新的神咬过爱的苹果: 聂鲁达诗集,https://book.douban.com/subject/37022450/,[智] 巴勃罗·聂鲁达 著、GraciaxMarquez  绘、范晔 导读 / 龚若晴 / 江苏凤凰文艺出版社 / 2024-11 / 79.80元,诗歌,False
37051526,玫瑰的行为: 阿赫玛杜琳娜诗选,https://book.douban.com/subject/37051526/,[俄] 贝拉·阿赫玛杜琳娜 / 王嘎 / 译林出版社 / 2025-1 / 88.00元,诗歌,False
37124477,一个人的暴风雪: 马克·斯特兰德诗选1980—2012,https://book.douban.com/subject/37124477/,[美] 马克·斯特兰德 / 桑婪 / 湖南文艺出版社 / 2025-1 / 69,诗歌,False
36494272,诗的九重门: 如何进入诗歌的心灵世界,https://book.douban.com/subject/36494272/,[美]简·赫斯菲尔德 / 邓宁立 / 商务印书馆 / 2023-11 / 88,诗歌,False
36572579,梦蝶66首,https://book.douban.com/subject/36572579/,周梦蝶 / 北京联合出版公司 / 2023-11 / 52.00,诗歌,False
36513067,宇宙来我手中啄食: 维多夫罗诗选,https://book.douban.com/subject/36513067/,[智利]比森特·维多夫罗 / 范晔 / 译林出版社 / 2023-11 / 68.00元,诗歌,False
37106466,手持人间一束光,https://book.douban.com/subject/37106466/,王计兵 / 人民文学出版社 / 2025-1-1 / 59.00,诗歌,False
36999799,变得厉害,https://book.douban.com/subject/36999799/,刘天昭 / 上海文艺出版社 / 2024-8 / 42.00元,诗歌,False
3597825,我的孤独是一座花园: 阿多尼斯诗选,https://book.douban.com/subject/3597825/,[叙利亚] 阿多尼斯 / 薛庆国 / 译林出版社 / 2009-3 / 28.00,诗歌,False
37106168,斑驳之美: 霍普金斯诗精选,https://book.douban.com/subject/37106168/,[英]杰拉尔德·M.霍普金斯、杰拉尔德·曼利·霍普金斯 / 凌越、梁嘉莹 / 北京联合出版公司 / 2025-1 / 78,诗歌,False
37118989,世界悬而未决，但也无关紧要,https://book.douban.com/subject/37118989/,巴哑哑 / 广东人民出版社 / 2025-1 / 58,诗歌,False
36831428,在应许与遗忘之间：阿米亥诗精选: 阿米亥诗精选,https://book.douban.com/subject/36831428/,[以] 耶胡达·阿米亥 / 刘国鹏 / 北京联合出版公司 / 2024-6 / 88.00,诗歌,False
36384621,把晚餐放进抽屉: 韩江诗集,https://book.douban.com/subject/36384621/,[韩] 韩江 / 卢鸿金 / 九州出版社 / 2023-9 / 58.00元,诗歌,False
37058894,但是还有书籍: 米沃什诗歌：1981-2001,https://book.douban.com/subject/37058894/,[波] 切斯瓦夫·米沃什 / 杨德友、赵刚 / 上海译文出版社 / 2024-11-25 / 78.00,诗歌,False
36964242,恶之花: 波德莱尔诗歌集注,https://book.douban.com/subject/36964242/,[法] 夏尔·波德莱尔 / 刘楠祺 / 广西师范大学出版社 / 2024-12-1 / 118,诗歌,False
36248699,赶时间的人: 一个外卖员的诗,https://book.douban.com/subject/36248699/,王计兵 / 台海出版社 / 2023-2-10 / 56元,诗歌,False
26421126,万物静默如谜: 辛波斯卡诗选Ⅰ,https://book.douban.com/subject/26421126/,［波］维斯拉瓦·辛波斯卡 / 陈黎、张芬龄 / 湖南文艺出版社 / 2016-8 / 48.00元,诗歌,False
26980487,悉达多: 一首印度的诗,https://book.douban.com/subject/26980487/,[德] 赫尔曼·黑塞 / 姜乙 / 天津人民出版社 / 2017-1 / 32.00元,诗歌,False
37087563,一切障碍都能摧毁我: 卡夫卡的诗与画,https://book.douban.com/subject/37087563/,[奥] 弗朗茨·卡夫卡 / 文泽尔 / 万卷出版公司 / 2025-1 / 58.00元,诗歌,False
37183387,小鸟啃坏玫瑰还说人类脾气太暴躁,https://book.douban.com/subject/37183387/,[英] 奥斯卡·王尔德、红花 绘 / 刘露 / 江苏凤凰文艺出版社 / 2025-2 / 59.80元,诗歌,False
37081410,穆旦传: 新生的野力,https://book.douban.com/subject/37081410/,邹汉明 / 译林出版社 / 2025-2 / 78.00,诗歌,False
36769665,合作农场的冬日食谱: 中英双语版,https://book.douban.com/subject/36769665/,[美] 露易丝·格丽克 / 范静哗 / 上海人民出版社 / 2024-4-20 / 49.00元,诗歌,False
36998651,贝奥武甫,https://book.douban.com/subject/36998651/,[英] 佚名 / 冯象 / 浙江文艺出版社 / 2025-1 / 148.00元,诗歌,False
36781327,试探黑夜: 胡安·赫尔曼诗选,https://book.douban.com/subject/36781327/,[阿根廷] 胡安·赫尔曼 / 范晔 / 北京联合出版公司 / 2024-4 / 62.00元,诗歌,False
37009812,真实生活,https://book.douban.com/subject/37009812/,[波兰] 亚当·扎加耶夫斯基 / 李以亮 / 广西师范大学出版社 / 2024-10 / 36.00元,诗歌,False
37021154,精魂从脚底升起: 洛尔迦演讲录,https://book.douban.com/subject/37021154/,[西] 费德里科·加西亚·洛尔迦 / 周骏伟 / 中信出版社 / 2024-12 / 59元,诗歌,False
35058665,沉石与火舌: 特朗斯特罗姆诗全集,https://book.douban.com/subject/35058665/,[瑞典] 托马斯·特朗斯特罗姆 / 李笠 / 南京大学出版社 / 2020-9 / 69.00,诗歌,False
35802688,十扇窗: 伟大的诗歌如何改变世界,https://book.douban.com/subject/35802688/,[美]简•赫斯菲尔德 / 杨东伟 译、王家新 校 / 广西师范大学出版社 / 2022-4 / 78,诗歌,False
37049494,礼物: 米沃什诗歌：1931-1981,https://book.douban.com/subject/37049494/,[波] 切斯瓦夫·米沃什 / 林洪亮 / 上海译文出版社 / 2024-11-25 / 78.00,诗歌,False
30443973,想象一朵未来的玫瑰: 佩索阿诗选,https://book.douban.com/subject/30443973/,[葡] 费尔南多·佩索阿 / 杨铁军 / 中信出版集团 / 2019-5 / 59.80,诗歌,False
35430137,我将宇宙随身携带,https://book.douban.com/subject/35430137/,[葡]费尔南多·佩索阿 / 程一身 / 北京联合出版公司 / 2021-6 / 58.00,诗歌,False
34463395,诗人十四个,https://book.douban.com/subject/34463395/,黄晓丹 / 北京联合出版公司 / 2019-7 / 52.00元,诗歌,False
37044883,在万物中醒来: 玛丽·奥利弗诗选（上下）,https://book.douban.com/subject/37044883/,[美国]玛丽·奥利弗 / 倪志娟 / 贵州教育出版社 / 2024-10 / 128.00,诗歌,False
37168894,乘一根刺穿越大海,https://book.douban.com/subject/37168894/,木叶 / 作家出版社 / 2024-11 / 68.00元,诗歌,False
36248864,星期六晚我们去散步吧,https://book.douban.com/subject/36248864/,隔花人 / 贵州人民出版社 / 2023-2 / 49.80元,诗歌,False
26671805,另一个，同一个,https://book.douban.com/subject/26671805/,[阿根廷] 豪·路·博尔赫斯 / 王永年 / 上海译文出版社 / 2016-8 / 35.00元,诗歌,False
37021133,小狗疑心大宇宙阴谋篡夺它的位置,https://book.douban.com/subject/37021133/,[印] 泰戈尔、红花 绘 / 郑振铎、白开元 / 江苏凤凰文艺出版社 / 2024-8 / 59.80元,诗歌,False
36989485,如何阅读新诗,https://book.douban.com/subject/36989485/,魏天无 / 长江文艺出版社 / 2024-7-1 / 58,诗歌,False
36783317,永存我的话语: 曼德尔施塔姆沃罗涅日诗集,https://book.douban.com/subject/36783317/,[俄] 奥西普·曼德尔施塔姆 / 王家新 / 北京联合出版公司 / 2024-3 / 68.00元,诗歌,False
30242736,取瑟而歌: 如何理解新诗,https://book.douban.com/subject/30242736/,张定浩 / 华东师范大学出版社 / 2018-6-1 / 39.00元,诗歌,False
35200649,死亡赋格: 保罗·策兰诗精选,https://book.douban.com/subject/35200649/,保罗·策兰 / 黄灿然 / 北京联合出版公司 / 2021-1 / 65.00元,诗歌,False
35188592,月光落在左手上,https://book.douban.com/subject/35188592/,余秀华 / 北京十月文艺出版社 / 2020-9 / 58.00元,诗歌,False
25858680,二十首情诗和一首绝望的歌,https://book.douban.com/subject/25858680/,[智利] 巴勃罗·聂鲁达 / 陈黎、张芬龄 / 南海出版公司 / 2014-6 / 39.50元,诗歌,False
36890541,世界上最乖巧的我,https://book.douban.com/subject/36890541/,桑德拉·希斯内罗丝 / 海桑 / 北京联合出版公司 / 2024-7 / 48.00元,诗歌,False
26671810,深沉的玫瑰,https://book.douban.com/subject/26671810/,[阿根廷] 博尔赫斯 / 王永年 / 上海译文出版社 / 2016-8 / 38.00元,诗歌,False
27079096,坐在你身边看云,https://book.douban.com/subject/27079096/,[葡] 费尔南多·佩索阿 / 程一身 / 人民文学出版社 / 2017-8 / 68.00元,诗歌,False
36899918,她来劈开这山,https://book.douban.com/subject/36899918/,病鹤斋 / 花城出版社 / 2025-2 / 56.00元,童话,False
1084336,小王子,https://book.douban.com/subject/1084336/,[法] 圣埃克苏佩里、[法国] 安东尼·德·圣-埃克苏佩里 / 马振骋 / 人民文学出版社 / 2003-8 / 22.00元,童话,False
37074780,人鱼之间,https://book.douban.com/subject/37074780/,张天翼 / 人民文学出版社 / 2025-1 / 59.00,童话,False
30259677,焚舟纪,https://book.douban.com/subject/30259677/,[英] 安吉拉·卡特 / 严韵 / 南京大学出版社 / 2019-6 / 120,童话,False
34438689,夜莺与玫瑰,https://book.douban.com/subject/34438689/,[爱尔兰] 奥斯卡·王尔德 / 张乐 / 湖南文艺出版社 / 2019-9-15 / 45.00元,童话,False
26278316,夏洛的网,https://book.douban.com/subject/26278316/,[美] E·B·怀特、[美国] 埃尔温·布鲁克斯·怀特   / 任溶溶 / 上海译文出版社 / 2014-8-1 / CNY 26.00,童话,False
35143790,蛤蟆先生去看心理医生,https://book.douban.com/subject/35143790/,[英] 罗伯特·戴博德 / 陈赢 / 天津人民出版社 / 2020-8-1 / 38.00元,童话,False
6952336,羊男的圣诞节,https://book.douban.com/subject/6952336/,(日)村上春树、佐佐木MAKI / 林少华 / 上海译文出版社 / 2012-4 / 20.00元,童话,False
35736189,银汤匙: 安野光雅插图珍藏本,https://book.douban.com/subject/35736189/,[日] 中勘助 著、[日] 安野光雅 绘 / 孔阳新照 / 后浪丨江苏凤凰文艺出版社 / 2021-12 / 99.80元,童话,False
36657407,龙与地下铁,https://book.douban.com/subject/36657407/,马伯庸 / 湖南文艺出版社 / 2024-1 / 49.80元,童话,False
37078164,消失的“公主”: 女性作家和经典童话,https://book.douban.com/subject/37078164/,[英] 安妮·E.达根 / 陈文静 / 上海社会科学院出版社 / 2025-1 / 68.00元,童话,False
35200619,柳林风声,https://book.douban.com/subject/35200619/,[英] 肯尼思·格雷厄姆、[英]E.H.谢泼德 / 任溶溶 / 上海译文出版社 / 2021-5 / 78,童话,False
36321612,银河铁道之夜,https://book.douban.com/subject/36321612/,[日] 宫泽贤治 / 王小燕 / 上海译文出版社 / 2023-4 / 78元,童话,False
1036274,夏洛的网,https://book.douban.com/subject/1036274/,[美] E.B.怀特、[美国] 埃尔温·布鲁克斯·怀特   / 任溶溶 / 上海译文出版社 / 2004-5 / 17.00元,童话,False
1046209,安徒生童话故事集,https://book.douban.com/subject/1046209/,（丹麦）安徒生 / 叶君健 / 人民文学出版社 / 1997-08 / 25.00元,童话,False
30299697,黑塞童话集,https://book.douban.com/subject/30299697/,[德] 赫尔曼·黑塞 / 黄霄翎 / 上海译文出版社 / 2018-12 / 45,童话,False
37156559,扔掉水晶鞋: 从动画开始的性别学,https://book.douban.com/subject/37156559/,(日) 若桑绿 / 董纾含 / 北京联合出版公司 / 2025-2 / 55元,童话,False
1965464,毛毛: 时间窃贼和一个小女孩的不可思议的故事,https://book.douban.com/subject/1965464/,米切尔·恩德 / 李士勋 / 二十一世纪出版社 / 2006-12 / 21.80元,童话,False
34970676,风与树的歌,https://book.douban.com/subject/34970676/,[日]安房直子 / 彭懿 / 少年儿童出版社 / 2020-4,童话,False
24875088,恰佩克童话: 夏洛书屋第二辑,https://book.douban.com/subject/24875088/,【捷克】卡雷尔•恰佩克 / 任溶溶 / 上海译文出版社 / 2013-7 / 39.00元,童话,False
35520785,安徒生童话全集,https://book.douban.com/subject/35520785/,[丹] H. C. 安徒生 / 叶君健 / 浙江文艺出版社 / 2021-7 / 368.00元,童话,False
1043008,格林童话全集,https://book.douban.com/subject/1043008/,[德]格林兄弟 / 魏以新 / 人民文学出版社 / 1994-11 / 21.45元,童话,False
1119839,王尔德童话,https://book.douban.com/subject/1119839/,[英] 王尔德 / 王林 / 译林出版社 / 2003-6 / 6.00元,童话,False
25837863,安徒生童话故事集,https://book.douban.com/subject/25837863/,[丹] 安徒生 / 叶君健 / 人民文学出版社 / 2015-3 / 46.00,童话,False
35096293,平安小猪,https://book.douban.com/subject/35096293/,[英] J.K.罗琳 著、[英] 吉姆·菲尔德 绘 / 王梦达 / 新星出版社 / 2021-12-1 / 68,童话,False
30215770,关于来洛尼亚王国的十三个童话故事,https://book.douban.com/subject/30215770/,[波] 莱谢克·柯拉柯夫斯基 / 杨德友 译、芊祎 插图 / 生活·读书·新知三联书店 / 2018-8 / 52.00元,童话,False
35691403,夜莺与玫瑰: 王尔德童话全集,https://book.douban.com/subject/35691403/,[英国] 奥斯卡·王尔德 / 王林 / 译林出版社 / 2022-5 / 38.00元,童话,False
1041007,哈利·波特与魔法石,https://book.douban.com/subject/1041007/,[英] J. K. 罗琳 / 苏农 / 人民文学出版社 / 2000-9 / 19.50元,童话,False
1192700,永远讲不完的故事,https://book.douban.com/subject/1192700/,[德] 米切尔·恩德 / 李士勋 / 二十一世纪出版社 / 2004-8 / 25.00元,童话,False
30191448,最后的仙女: 颓废故事集,https://book.douban.com/subject/30191448/,[美] 格蕾琴·舒尔茨、[美] 路易斯·赛弗特 / 程静 / 四川人民出版社 / 2018-5 / 38.00元,童话,False
26986707,银河铁道之夜,https://book.douban.com/subject/26986707/,[日]宫泽贤治 / 张杰 / 云南人民出版社 / 2016-12-10 / 35.00元,童话,False
35260692,胡桃夹子,https://book.douban.com/subject/35260692/,[德]霍夫曼 / 杨武能 / 山东画报出版社 / 2020-10 / 39.8元,童话,False
24531956,哈利·波特,https://book.douban.com/subject/24531956/,J.K.罗琳 (J.K.Rowling) / 苏农、马爱农、马爱新 / 人民文学出版社 / 2008-12-1 / 498.00元,童话,False
26897366,从此以后: 童话故事与人的后半生,https://book.douban.com/subject/26897366/,[美] 艾伦·B.知念 / 刘幼怡 / 广西师范大学出版社 / 2016-10 / 42.80元,童话,False
4908879,动物农场,https://book.douban.com/subject/4908879/,[英]乔治·奥威尔 / 荣如德、董乐山 / 上海译文出版社 / 2010-9 / 22.00元,童话,False
30421137,天蓝色的彼岸,https://book.douban.com/subject/30421137/,[英]亚历克斯·希勒/著 / 吕良忠/译、吕良忠 / 北京联合出版公司 / 2019-3 / 35.00元,童话,False
1072447,羊男的圣诞节,https://book.douban.com/subject/1072447/,（日）村上春树 / 林少华 / 上海译文出版社 / 2004-01 / 13.00,童话,False
2081975,七色花,https://book.douban.com/subject/2081975/,(苏)卡泰耶夫 / 曹靖华 / 少年儿童出版社 / 1981 / 0.13.,童话,False
37204555,大作家写给孩子们：傻瓜伊万: 托尔斯泰故事集,https://book.douban.com/subject/37204555/,[俄罗斯] 列夫·托尔斯泰 著、邢逸帆 绘、[俄罗斯] 列夫·托尔斯泰 / 刘原希 / 江苏凤凰文艺出版社 / 2025-1 / 58.00元,童话,False
26904690,皮皮鲁和309暗室,https://book.douban.com/subject/26904690/,郑渊洁 / 浙江少年儿童出版社 / 2016-2 / 17.00元,童话,False
35476020,天鹿: 安房直子月光童话,https://book.douban.com/subject/35476020/,[日] 安房直子、[日] 铃木康司 / 彭懿、周龙梅 / 接力出版社 / 2021-6 / 25.00元,童话,False
1290911,银孔雀,https://book.douban.com/subject/1290911/,安房直子 / 彭懿 / 少年儿童出版社 / 2004-03-01 / 17.00元,童话,False
1270150,风与树的歌,https://book.douban.com/subject/1270150/,[日本] 安房直子 / 彭懿 / 少年儿童出版社 / 2004-03-01 / 17.00元,童话,False
24754239,银河铁道之夜,https://book.douban.com/subject/24754239/,[日] 宫泽贤治 / 王小燕 / 上海译文出版社 / 2013-6 / 38.00元,童话,False
34799583,马可瓦尔多,https://book.douban.com/subject/34799583/,[意] 伊塔洛·卡尔维诺 / 马小漠 / 译林出版社 / 2020-1 / 42.00元,童话,False
37008867,大作家写给孩子们：胡桃夹子: 大作家写给孩子们,https://book.douban.com/subject/37008867/,[德] E.T.A.霍夫曼 著、[法] 亚历山大·仲马 改编、[美]艾玛·L.布洛克 绘、[德国] E.T.A.霍夫曼、[法国] 大仲马 / 商晓芳 / 江苏凤凰文艺出版社 / 2025-1 / 58,童话,False
36504668,很久很久以前，在某一个地方，果然......,https://book.douban.com/subject/36504668/,[日] 青柳碧人 / 蔡东辉 / 中国友谊出版公司 / 2023-11-15 / 49.80元,童话,False
35139523,小蘑菇: 审判日,https://book.douban.com/subject/35139523/,一十四洲 / 北京联合出版公司 / 2020-7 / 49.8元,童话,False
2266733,鬼磨坊,https://book.douban.com/subject/2266733/,[德]奥得弗雷德·普鲁士勒 / 陈俊 / 21世纪出版社 / 1998年 / 26.00元,童话,False
3273803,大盗贼,https://book.douban.com/subject/3273803/,[德国] 奥得弗雷德·普鲁士勒 / 陈俊 / 21世纪出版社 / 2001 / 18.00,童话,False
1007305,红楼梦,https://book.douban.com/subject/1007305/,[清] 曹雪芹 著、高鹗 / 人民文学出版社 / 1996-12 / 59.70元,名著,False
6082808,百年孤独,https://book.douban.com/subject/6082808/,[哥伦比亚] 加西亚·马尔克斯 / 范晔 / 南海出版公司 / 2011-6 / 39.50元,名著,False
25887924,卡拉马佐夫兄弟,https://book.douban.com/subject/25887924/,陀思妥耶夫斯基 (Ф.М.Достоевский) / 荣如德 / 上海译文出版社 / 2015-2-1 / CNY 78.00,名著,False
37013801,神曲: 插图珍藏版,https://book.douban.com/subject/37013801/,[意] 但丁、[英] 威廉·布莱克 / 王维克 / 江苏凤凰文艺出版社 / 2025-2 / 198.00元,名著,False
26980487,悉达多: 一首印度的诗,https://book.douban.com/subject/26980487/,[德] 赫尔曼·黑塞 / 姜乙 / 天津人民出版社 / 2017-1 / 32.00元,名著,False
26879778,杀死一只知更鸟,https://book.douban.com/subject/26879778/,[美] 哈珀·李 / 李育超 / 译林出版社 / 2017-2 / 58.00,名著,False
37049416,九三年: 插图珍藏版,https://book.douban.com/subject/37049416/,(法) 维克多·雨果、[法] 埃米尔·巴亚尔 等 绘 / 郑克鲁 / 江苏凤凰文艺出版社 / 2025-1 / 98.00元,名著,False
10594787,霍乱时期的爱情,https://book.douban.com/subject/10594787/,[哥伦比亚] 加西亚·马尔克斯 / 杨玲 / 南海出版公司 / 2012-9-1 / 39.50元,名著,False
4908879,动物农场,https://book.douban.com/subject/4908879/,[英]乔治·奥威尔 / 荣如德、董乐山 / 上海译文出版社 / 2010-9 / 22.00元,名著,False
1082334,穆斯林的葬礼,https://book.douban.com/subject/1082334/,霍达 / 北京十月文艺出版社 / 1988-12-1 / 32.00,名著,False
1019568,三国演义（全二册）,https://book.douban.com/subject/1019568/,[明] 罗贯中 / 人民文学出版社 / 1998-05 / 39.50元,名著,False
24257229,鼠疫,https://book.douban.com/subject/24257229/,[法] 阿尔贝·加缪 / 刘方 / 上海译文出版社 / 2013-8 / 34.00元,名著,False
2253379,简爱,https://book.douban.com/subject/2253379/,[英] 夏洛蒂·勃朗特 / 宋兆霖 / 上海文艺出版社 / 2007-8-1 / 27.00元,名著,False
4898521,呼啸山庄,https://book.douban.com/subject/4898521/,(英) 艾米莉·勃朗特 / 杨苡 / 译林出版社 / 2010-8-1 / 18.00元,名著,False
4881639,傲慢与偏见,https://book.douban.com/subject/4881639/,[英国] 简·奥斯丁 / 孙致礼 / 译林出版社 / 2010-6-1 / 18.50元,名著,False
25886226,巴黎圣母院,https://book.douban.com/subject/25886226/,[法] 雨果 / 陈敬容 / 人民文学出版社 / 2015-1 / 36.00元,名著,False
4913064,活着,https://book.douban.com/subject/4913064/,余华 / 作家出版社 / 2012-8 / 28.00元,名著,False
30286914,基督山伯爵,https://book.douban.com/subject/30286914/,[法]大仲马 / 周克希 / 译林出版社 / 2018-10 / 138,名著,False
1008357,水浒传（全二册）,https://book.douban.com/subject/1008357/,[明] 施耐庵、罗贯中 / 人民文学出版社 / 1997-1 / 50.60元,名著,False
5910656,我与地坛,https://book.douban.com/subject/5910656/,史铁生 / 人民文学出版社 / 2011-1-1 / 23.00元,名著,False
1770782,追风筝的人,https://book.douban.com/subject/1770782/,[美] 卡勒德·胡赛尼 / 李继宏 / 上海人民出版社 / 2006-5 / 29.00元,名著,False
37095733,包法利夫人: 插图珍藏版,https://book.douban.com/subject/37095733/,[法] 居斯塔夫·福楼拜、[法] 皮埃尔·拉普拉德 绘 / 周芳 / 江苏凤凰文艺出版社 / 2025-2-1 / 128.00元,名著,False
25897678,包法利夫人,https://book.douban.com/subject/25897678/,福楼拜 / 李健吾 / 人民文学出版社 / 2003-1-1 / CNY 28.00,名著,False
35434588,红与黑,https://book.douban.com/subject/35434588/,[法] 司汤达 / 许渊冲 / 浙江文艺出版社 / 2021-6 / 148.00元,名著,False
27107109,百年孤独: 50周年纪念版,https://book.douban.com/subject/27107109/,[哥伦比亚] 加西亚·马尔克斯 / 范晔 / 南海出版公司 / 2017-8 / 55.00元,名著,False
1021928,这里的黎明静悄悄……,https://book.douban.com/subject/1021928/,[苏联] 鲍·瓦西里耶夫 / 王金陵 / 人民文学出版社 / 2004-06 / 10.00,名著,False
34990839,地下室手记,https://book.douban.com/subject/34990839/,[俄] 陀思妥耶夫斯基 / 曾思艺 / 浙江文艺出版社 / 2020-5 / 39.80元,名著,False
25887915,死屋手记,https://book.douban.com/subject/25887915/,[俄] 费奥多尔·陀思妥耶夫斯基 / 娄自良 / 上海译文出版社 / 2015-1 / 45.00,名著,False
30242991,童年,https://book.douban.com/subject/30242991/,[苏联]高尔基 / 聂刚正、高厚娟 / 译林出版社 / 2018-5 / 38.00,名著,False
35216544,悲惨世界,https://book.douban.com/subject/35216544/,[法] 维克多·雨果 / 李丹、方于 / 人民文学出版社 / 2021-8-1 / 178.00元,名著,False
30137810,水浒传,https://book.douban.com/subject/30137810/,施耐庵、罗贯中 / 人民文学出版社 / 2018-1 / 195.00元,名著,False
2193878,红字,https://book.douban.com/subject/2193878/,(美)霍桑 / 苏福忠 / 上海译文出版社 / 2007-7 / 11.00,名著,False
25837845,战争与和平,https://book.douban.com/subject/25837845/,[俄] 托尔斯泰 / 刘辽逸 / 人民文学出版社 / 2015-4 / 88.00元,名著,False
10560798,面纱,https://book.douban.com/subject/10560798/,(英)W.萨默塞特·毛姆 / 阮景林 / 重庆出版社 / 2012-05-01 / 32.00元,名著,False
3127862,王子与贫儿,https://book.douban.com/subject/3127862/,[美]马克·吐温 / 张友松 / 上海译文出版社 / 2008年6月 / 15.00元,名著,False
1872158,蝇王,https://book.douban.com/subject/1872158/,[英] 威廉·戈尔丁 / 龚志成 / 上海译文出版社 / 2006-8 / 13.00元,名著,False
26879595,我们,https://book.douban.com/subject/26879595/,[俄] 叶甫盖尼·扎米亚京 / 陈超 / 上海译文出版社 / 2017-1 / 36.00元,名著,False
1068920,飘,https://book.douban.com/subject/1068920/,[美国] 玛格丽特·米切尔 / 李美华 / 译林出版社 / 2000-9 / 40.00元,名著,False
20443559,小王子,https://book.douban.com/subject/20443559/,[法] 安托万•德•圣埃克苏佩里 / 李继宏 / 天津人民出版社 / 2013-1 / 32.00,名著,False
6313476,远大前程,https://book.douban.com/subject/6313476/,[英]狄更斯 / 王科一 / 上海译文出版社 / 2011-5-1 / 26.00元,名著,False
1085860,基督山伯爵,https://book.douban.com/subject/1085860/,[法国] 大仲马 / 周克希、韩沪麟 / 上海译文出版社 / 1991-12-1 / 43.90元,名著,False
1880992,老人与海,https://book.douban.com/subject/1880992/,[美] 海明威 / 吴劳 / 上海译文出版社 / 2006-8 / 10.00元,名著,False
25897692,红与黑,https://book.douban.com/subject/25897692/,[法] 司汤达 / 张冠尧 / 人民文学出版社 / 2015-6 / 36.00元,名著,False
25886229,少年维特的烦恼,https://book.douban.com/subject/25886229/,[德] 歌德 / 杨武能 / 人民文学出版社 / 2015-4 / 20.00元,名著,False
35726760,傲慢与偏见: 插图珍藏版,https://book.douban.com/subject/35726760/,[英] 简·奥斯丁、[爱尔兰] 休·汤姆森 绘 / 王科一 / 江苏凤凰文艺出版社 / 2022-5 / 88.00元,名著,False
24257403,西西弗神话: 加缪作品,https://book.douban.com/subject/24257403/,[法] 阿尔贝·加缪 / 沈志明 / 上海译文出版社 / 2013-8 / 32.00元,名著,False
26774038,1984,https://book.douban.com/subject/26774038/,[英] 乔治·奥威尔 / 廖广莲 / 群言出版社 / 2016-5 / 39.80,名著,False
24531956,哈利·波特,https://book.douban.com/subject/24531956/,J.K.罗琳 (J.K.Rowling) / 苏农、马爱农、马爱新 / 人民文学出版社 / 2008-12-1 / 498.00元,名著,False
27009736,欧也妮·葛朗台,https://book.douban.com/subject/27009736/,[法]巴尔扎克 / 傅雷 / 译林出版社 / 2017-3 / 22.00,名著,False
26984469,小妇人,https://book.douban.com/subject/26984469/,[美国] 路易莎·梅·奥尔科特 / 刘春英、陈玉立 / 译林出版社 / 2017-2 / 45.00,名著,False
24531956,哈利·波特,https://book.douban.com/subject/24531956/,J.K.罗琳 (J.K.Rowling) / 苏农、马爱农、马爱新 / 人民文学出版社 / 2008-12-1 / 498.00元,儿童文学,False
37045476,我们把天睡亮了: 看，孩子的世界,https://book.douban.com/subject/37045476/,张丹丹 主编、[哥伦比亚] 保拉·阿塞韦多·鲁瓦·邓跃 绘 / 明天出版社 / 2024-11 / 25,儿童文学,False
37228554,我的傻妈妈: 看，孩子的世界,https://book.douban.com/subject/37228554/,张丹丹 主编、[荷兰]戈姿 绘 / 明天出版社 / 2024-11 / 40元,儿童文学,False
35736189,银汤匙: 安野光雅插图珍藏本,https://book.douban.com/subject/35736189/,[日] 中勘助 著、[日] 安野光雅 绘 / 孔阳新照 / 后浪丨江苏凤凰文艺出版社 / 2021-12 / 99.80元,儿童文学,False
35428644,最后一瓶越橘酱,https://book.douban.com/subject/35428644/,[瑞典] 乌尔夫·史塔克 著、[比利时] 凯蒂·克劳泽 绘 / 王梦达 / 陕西人民教育出版社 / 2020-11 / 42.00元,儿童文学,False
1007952,蓝熊船长的13条半命: 一只海熊的半生回忆录,https://book.douban.com/subject/1007952/,[德] 瓦尔特·莫尔斯 / 李士勋 / 人民文学出版社 / 2002-1 / 39.80元,儿童文学,False
36321612,银河铁道之夜,https://book.douban.com/subject/36321612/,[日] 宫泽贤治 / 王小燕 / 上海译文出版社 / 2023-4 / 78元,儿童文学,False
26278316,夏洛的网,https://book.douban.com/subject/26278316/,[美] E·B·怀特、[美国] 埃尔温·布鲁克斯·怀特   / 任溶溶 / 上海译文出版社 / 2014-8-1 / CNY 26.00,儿童文学,False
37168208,跨年的烟火,https://book.douban.com/subject/37168208/,林良 著、贝果 绘 / 福建少年儿童出版社 / 2024-11 / 30,儿童文学,False
37045424,会打喷嚏的墙: 看，孩子的世界,https://book.douban.com/subject/37045424/,张丹丹 主编、[法] 卡罗琳·罗曼内特 绘 / 明天出版社 / 2024-11 / 25,儿童文学,False
37131280,倪亚达,https://book.douban.com/subject/37131280/,袁哲生 / 九州出版社 / 2025-1 / 138.00 元（全四册）,儿童文学,False
25886974,洞,https://book.douban.com/subject/25886974/,(美)路易斯·萨奇尔、路易斯·萨查尔 / 徐海幈 / 南海出版公司 / 2014-8 / 26.50元,儿童文学,False
35689700,种树的人,https://book.douban.com/subject/35689700/,[法] 让·吉奥诺、OYHQ-欧阳海强 / 陈潇 / 江苏凤凰文艺出版社 / 2021-12 / 39.8,儿童文学,False
26267048,记忆传授人: “记忆传授人”四部曲 1,https://book.douban.com/subject/26267048/,[美] 洛伊丝·劳里 / 郑荣珍 / 河北教育出版社 / 2014-11 / 19.80元,儿童文学,False
35452809,怪猫故事集,https://book.douban.com/subject/35452809/,[英] 托·斯·艾略特 / 五月 / 后浪丨上海人民美术出版社 / 2021-4 / 39.00元,儿童文学,False
30342383,烟囱农场睡前故事,https://book.douban.com/subject/30342383/,[美]亨利·贝斯顿（Henry Beston） / 顾惜之 / 浙江文艺出版社 / 2018-10 / 49.00元,儿童文学,False
27021598,穿堂风: 曹文轩新小说系列首部作品,https://book.douban.com/subject/27021598/,曹文轩 / 天天出版社 / 2017-4 / 25.00元,儿童文学,False
1433572,随风而来的玛丽阿姨,https://book.douban.com/subject/1433572/,（英）帕·林·特拉芙斯 / 任溶溶 / 明天出版社 / 2005 / 11.50元,儿童文学,False
1176176,威斯汀游戏,https://book.douban.com/subject/1176176/,(美)埃伦·拉斯金 / 李鸥 / 新蕾出版社 / 2004-1 / 20.00元,儿童文学,False
37231976,米仓山下一块田,https://book.douban.com/subject/37231976/,李姗姗 / 重庆出版社 / 2025-12 / 39.00,儿童文学,False
4199248,佐贺的超级阿嬷,https://book.douban.com/subject/4199248/,岛田洋七 / 陈宝莲 / 南海出版公司 / 2010-1 / 25.00元,儿童文学,False
36309556,夏天的鞋子: 川端康成给孩子们的故事,https://book.douban.com/subject/36309556/,[日] 川端康成 著、月雯 绘 / 熊韵 / 贵州人民出版社 / 2023-3 / 69.80元,儿童文学,False
36491692,大作家写给孩子们：樱桃太太的厨房,https://book.douban.com/subject/36491692/,[美] 西尔维娅·普拉斯 / 枣泥 / 上海人民美术出版社 / 2023-9 / 58.00,儿童文学,False
36456044,潭枸林故事集: 霍桑写给孩子的希腊神话,https://book.douban.com/subject/36456044/,[美] 霍桑 著、[美] 弗吉尼亚·弗朗西丝·斯特雷特  绘 / 蒲隆 / 上海人民美术出版社 / 2023-5 / 78.00元,儿童文学,False
35689622,大作家写给孩子们：捉猫记,https://book.douban.com/subject/35689622/,[法] 马塞尔·埃梅 著、[法] 娜塔莉·帕兰 绘 / 胡庆余 / 江苏凤凰文艺出版社 / 2021-12 / 58.00元,儿童文学,False
36848156,大作家写给孩子们：青鸟,https://book.douban.com/subject/36848156/,[比]莫里斯·梅特林克 著、[法]乔吉特·勒布朗 改编、[英]F. 凯利·鲁宾逊 绘 / 周文钦 / 江苏凤凰文艺出版社 / 2024-4 / 62.00元,儿童文学,False
36472962,小山羊历险记,https://book.douban.com/subject/36472962/,[法]夏尔·维尔德拉克、Charles Vildrac / 刘曦  吴欣炎 / 上海人民美术出版社 / 2023-8 / 78.00元,儿童文学,False
26705773,周末与爱丽丝聊天: 米兰的秘密花园,https://book.douban.com/subject/26705773/,程玮 / 云南晨光出版社 / 2016-1-1 / CNY 20.00,儿童文学,False
26221688,亲爱的汉修先生,https://book.douban.com/subject/26221688/,(美)贝芙莉·克莱瑞、[美] 保罗·欧·泽林斯基 绘 / 柯倩华 / 新蕾出版社 / 2014-10 / 20.00元,儿童文学,False
37098481,特工学校（全4册）,https://book.douban.com/subject/37098481/,[美] 斯图尔特·吉布斯 / 邢伊丹、王晓龙 / 北京科学技术出版社 / 2024-12 / 180,儿童文学,False
3620505,女巫: 罗尔德·达尔作品典藏,https://book.douban.com/subject/3620505/,(英)罗尔德·达尔 著、(英)昆廷·布莱克 绘 / 任溶溶 / 明天出版社 / 2009-3 / 16.00元,儿童文学,False
3621942,了不起的狐狸爸爸: 罗尔德·达尔作品典藏,https://book.douban.com/subject/3621942/,(英)罗尔德·达尔 著、(英)昆廷·布莱克 绘 / 代维 / 明天出版社 / 2009-3 / 10.00元,儿童文学,False
25731648,地下121天,https://book.douban.com/subject/25731648/,(美)费利斯·霍尔曼 / 蔡美玲 / 晨光出版社 / 2014-1 / 14.80元,儿童文学,False
1036274,夏洛的网,https://book.douban.com/subject/1036274/,[美] E.B.怀特、[美国] 埃尔温·布鲁克斯·怀特   / 任溶溶 / 上海译文出版社 / 2004-5 / 17.00元,儿童文学,False
26879778,杀死一只知更鸟,https://book.douban.com/subject/26879778/,[美] 哈珀·李 / 李育超 / 译林出版社 / 2017-2 / 58.00,儿童文学,False
1965464,毛毛: 时间窃贼和一个小女孩的不可思议的故事,https://book.douban.com/subject/1965464/,米切尔·恩德 / 李士勋 / 二十一世纪出版社 / 2006-12 / 21.80元,儿童文学,False
27131511,十二岁的旅程,https://book.douban.com/subject/27131511/,赖清河 / 罗玲 / 晨光出版社 / 2017-4-1 / 22.00元,儿童文学,False
27187758,烂泥怪,https://book.douban.com/subject/27187758/,[美]路易斯·萨奇尔、[美国] 路易斯·萨查尔 / 赵永芬 / 五洲传播出版社 / 2017-3 / 18.00元,儿童文学,False
35659448,柳林风声: 诺顿注释本,https://book.douban.com/subject/35659448/,[英] 肯尼斯·格雷厄姆(著)、[美] 安妮·高杰(编著) / 康华 / 湖南文艺出版社 / 2022-1 / 98.00元,儿童文学,False
6983672,柳林风声,https://book.douban.com/subject/6983672/,[英] 肯尼斯·格雷厄姆 著、克里斯多夫·邓恩 绘、[英国] 肯尼斯·格雷厄姆 / 梅静 / 云南美术出版社 / 2017-8 / 78.00元,儿童文学,False
36021313,爱丽丝漫游奇境与镜中奇遇: 诺顿注释本,https://book.douban.com/subject/36021313/,[英] 刘易斯·卡罗尔、[美] 马丁·加德纳 / 陈荣彬 / 湖南文艺出版社 / 2022-9 / 96.00元,儿童文学,False
1052990,草房子,https://book.douban.com/subject/1052990/,曹文轩 / 江苏少年儿童出版社 / 2009-6 / 18.00元,儿童文学,False
1084336,小王子,https://book.douban.com/subject/1084336/,[法] 圣埃克苏佩里、[法国] 安东尼·德·圣-埃克苏佩里 / 马振骋 / 人民文学出版社 / 2003-8 / 22.00元,儿童文学,False
30203254,窗边的小豆豆,https://book.douban.com/subject/30203254/,（日）黑柳彻子 / 赵玉皎 / 南海出版公司 / 2018-5 / 39.50元,儿童文学,False
25915102,写给儿童的中国历史1: 神话时代·开天辟地 —— 夏·大禹治水,https://book.douban.com/subject/25915102/,陈卫平 / 新世界出版社 / 2014-2 / 355.00元,儿童文学,False
6932671,The One and Only Ivan,https://book.douban.com/subject/6932671/,Katherine Applegate (作者)、Patricia Castelao(插图作者) / HarperCollins / 2012-1-7 / $19.20,儿童文学,False
1007914,窗边的小豆豆,https://book.douban.com/subject/1007914/,[日] 黑柳彻子 著、岩崎千弘 图 / 赵玉皎 / 南海出版公司 / 2003-1 / 20.00元,儿童文学,False
35295592,小狗钱钱,https://book.douban.com/subject/35295592/,[德] 博多·舍费尔 / 文燚 / 中信出版集团 / 2021-2 / 39.80元,儿童文学,False
36768808,此书禁止借阅: 麦克米伦世纪大奖小说典藏本,https://book.douban.com/subject/36768808/,[美] 艾伦·格拉茨 / 二十一世纪出版社,儿童文学,False
36997641,现在开始推理吧！3: 会动的乌龟铜像,https://book.douban.com/subject/36997641/,[日] 知念实希人 / 吕灵芝 / 北京科学技术出版社 / 2024-11,儿童文学,False
37134066,命若朝霜: 《红楼梦》里的法律、社会与女性,https://book.douban.com/subject/37134066/,柯岚 / 广西师范大学出版社 / 2025-1 / 79,古典文学,False
37077202,九诗心: 暗夜里的文学启明,https://book.douban.com/subject/37077202/,黄晓丹 / 上海三联书店 / 2024-11 / 79元,古典文学,False
37153348,中国古典诗学源流,https://book.douban.com/subject/37153348/,钱志熙 / 中华书局 / 2024-12 / 128.00元,古典文学,False
33455190,《古文观止》化读,https://book.douban.com/subject/33455190/,王鼎均 / 生活·读书·新知三联书店 / 2020-4 / 35.00元,古典文学,False
36930357,唐宋八大家与清代古文研究,https://book.douban.com/subject/36930357/,周游 / 上海古籍出版社 / 2024-8 / 58,古典文学,False
36924034,封神演义: 绣像珍藏版（全两册）,https://book.douban.com/subject/36924034/,许仲琳、钟伯敬 批 / 湖南文艺出版社 / 2025-1 / 108.00元,古典文学,False
36216165,中国古典文学讲义,https://book.douban.com/subject/36216165/,骆玉明 / 河南人民出版社 / 2025-3-5 / 58.00,古典文学,False
30151689,封神演义: 插图本（上下）,https://book.douban.com/subject/30151689/,(明) 许仲琳 编 / 人民文学出版社 / 2020-4 / 72.00元,古典文学,False
36218561,我认识的唐朝诗人,https://book.douban.com/subject/36218561/,陈尚君 / 中华书局 / 2023-3 / 56.00元,古典文学,False
37119454,观世相: 古典小说里的浮生与世情,https://book.douban.com/subject/37119454/,主   编：苗怀明 / 贵州人民出版社 / 2024-11 / 88.00,古典文学,False
1068350,唐代文学丛考,https://book.douban.com/subject/1068350/,陈尚君 / 中国社会科学出版社 / 1997-10 / 32.60,古典文学,False
1007305,红楼梦,https://book.douban.com/subject/1007305/,[清] 曹雪芹 著、高鹗 / 人民文学出版社 / 1996-12 / 59.70元,古典文学,False
34463395,诗人十四个,https://book.douban.com/subject/34463395/,黄晓丹 / 北京联合出版公司 / 2019-7 / 52.00元,古典文学,False
35389443,增广贤文,https://book.douban.com/subject/35389443/,李冲锋 译注 / 中华书局 / 2022-11-7 / 24.00元,古典文学,False
35461183,道德经,https://book.douban.com/subject/35461183/,老子 / 张景、张松辉 / 中华书局 / 2022-12-1 / 30.00元,古典文学,False
26899131,世说新语精读: 汉语言文学原典精读系列,https://book.douban.com/subject/26899131/,骆玉明 / 复旦大学出版社 / 2016-8-1 / 42.00,古典文学,False
1151829,南朝诗魂,https://book.douban.com/subject/1151829/,杨明 / 中华书局 / 2004-1-1 / 14.00元,古典文学,False
26021455,中国古代文化常识（插图修订第4版）: 插图修订第4版,https://book.douban.com/subject/26021455/,王力 主编、马汉麟 等执笔、姜亮夫 叶圣陶 等审校、刘乐园 修订 / 北京联合出版公司 / 2014-11 / 60.00元,古典文学,False
33396259,金瓶梅詞話（夢梅館新校十八開本）,https://book.douban.com/subject/33396259/,蘭陵笑笑生 原著、梅節 校訂、陳詔、黃霖 注釋 / 梅節 / 里仁書局 / 2020-2 / NT$1260,古典文学,False
1949692,量守庐学记: 黄侃的生平和学术,https://book.douban.com/subject/1949692/,程千帆、唐文 / 生活·读书·新知三联书店 / 2006-11 / 16.00,古典文学,False
26583390,唐人轶事汇编,https://book.douban.com/subject/26583390/,周勋初、严杰、武秀成、姚松 / 上海古籍出版社 / 2015-7 / 398.00元,古典文学,False
36953013,钱谦益《病榻消寒杂咏》论释,https://book.douban.com/subject/36953013/,严志雄 / 广西师范大学出版社 / 2024-9 / 108,古典文学,False
35189034,三国演义（全二册）,https://book.douban.com/subject/35189034/,（明）罗贯中著、（清）毛宗岗等批 / 三秦出版社 / 2020-7-31 / 128,古典文学,False
34937611,唐集体例笺证,https://book.douban.com/subject/34937611/,李成晴 / 清华大学出版社 / 2024-2-1 / 88.00元,古典文学,False
34840132,清编《全唐文》研究,https://book.douban.com/subject/34840132/,夏婧 / 上海古籍出版社 / 2019-10 / 98.00,古典文学,False
10416491,李贺诗选评,https://book.douban.com/subject/10416491/,陈允吉、吴海勇 / 上海古籍出版社 / 2011-12 / 29.00元,古典文学,False
37135232,隐逸之间: 陶渊明精神世界中的自然、历史与社会,https://book.douban.com/subject/37135232/,唐文明 / 生活·读书·新知三联书店 / 2025-1 / 69.00元,古典文学,False
37109350,秋水堂论金瓶梅: 插图袖珍本,https://book.douban.com/subject/37109350/,田晓菲 / 上海三联书店 / 2025-1 / 99.00元,古典文学,False
30241462,庄子浅注,https://book.douban.com/subject/30241462/,曹础基 译注 / 中华书局 / 2018-6 / 48.00元,古典文学,False
36419458,中唐古诗的尚奇之风,https://book.douban.com/subject/36419458/,葛晓音 / 北京大学出版社 / 2023-6 / 128,古典文学,False
6534693,世说新语（上下）,https://book.douban.com/subject/6534693/,朱碧莲，沈海波 译注 / 朱碧莲、沈海波 / 中华书局 / 2022-10-20 / 66.00元,古典文学,False
5403731,庄子注疏,https://book.douban.com/subject/5403731/,（晋）郭象 注、（唐）成玄英 疏、成玄英、郭象 / 曹础基、黄兰发 点校 / 中华书局 / 2011-1 / 39.00元,古典文学,False
3026378,Writing and Materiality in China: Essays in Honor of Patrick Hanan,https://book.douban.com/subject/3026378/,Judith Zeitlin、Lydia H. Liu、蔡九迪 / Harvard University Asia Center / 2003-5-30 / USD 60.00,古典文学,False
35005098,春山: 王维的盛唐与寂灭,https://book.douban.com/subject/35005098/,何大草 / 北京联合出版公司 / 2020-6-1 / 39.80,古典文学,False
27084071,唐诗流变论要,https://book.douban.com/subject/27084071/,葛晓音 / 商务印书馆 / 2017-4 / 59.00元,古典文学,False
36683816,摹物不倦: 物象与明清小说日常叙事的展开,https://book.douban.com/subject/36683816/,刘紫云 / 北京大学出版社 / 2024-12 / 88.00元,古典文学,False
30473223,六朝文絜笺注,https://book.douban.com/subject/30473223/,[清]许梿 评选、[清]黎经诰 笺注 / 四川人民出版社 / 2019-7 / 42.00元,古典文学,False
1029553,西游记（全二册）,https://book.douban.com/subject/1029553/,吴承恩 / 黄肃秋 注释 / 人民文学出版社 / 2004-8 / 47.20元,古典文学,False
26293795,唐诗近体源流,https://book.douban.com/subject/26293795/,钱志熙 / 北京大学出版社 / 2015-1 / 49.00,古典文学,False
35773355,出入高下穷烟霏: 复旦内外的师长,https://book.douban.com/subject/35773355/,陈尚君 / 商务印书馆 / 2022-3,古典文学,False
36514231,喻世明言: 会校本,https://book.douban.com/subject/36514231/,[明] 冯梦龙 著、李金泉 点校 / 上海古籍出版社 / 2023-9-1,古典文学,False
34996404,苏东坡新传,https://book.douban.com/subject/34996404/,李一冰 / 四川人民出版社 / 2020-7 / 168.00元,古典文学,False
37112704,佛教与晚唐诗: 裸脊锁线修订本,https://book.douban.com/subject/37112704/,胡遂  著、邓田田整理 / 民主与建设出版社 / 2025-2 / 50.00元,古典文学,False
36074753,尚书覈诂,https://book.douban.com/subject/36074753/,杨筠如 著、黄怀信 标校 / 凤凰出版社 / 2022-7 / 78元,古典文学,False
36179295,平妖传: 绣像珍藏版,https://book.douban.com/subject/36179295/,[明] 罗贯中、[明] 冯梦龙 / 湖南文艺出版社 / 2023-6 / 59.80元,古典文学,False
37092479,牡丹亭,https://book.douban.com/subject/37092479/,汤显祖 / 广西师范大学出版社 / 2024-9 / 158.00元,古典文学,False
1436648,他山的石头记: 宇文所安自选集,https://book.douban.com/subject/1436648/,宇文所安 / 田晓菲 / 江苏人民出版社 / 2006-8 / 21.00元,古典文学,False
35012389,古诗十九首,https://book.douban.com/subject/35012389/,朱自清、李善、董其昌 / 中国广播影视出版社 / 2020-3 / 49.00元,古典文学,False
36862604,鹿隐之野,https://book.douban.com/subject/36862604/,押沙龙 / 万卷出版公司 / 2024-6-17 / 49.80,古典文学,False
36743958,稗家粹编（增订本）,https://book.douban.com/subject/36743958/,[明] 胡文焕 编、向志柱 点校 / 中华书局 / 2024-1 / 68.00,古典文学,False
36727318,我胆小如鼠,https://book.douban.com/subject/36727318/,余华 / 江苏凤凰文艺出版社 / 2024-7-30 / 49.90元,余华,False
4913064,活着,https://book.douban.com/subject/4913064/,余华 / 作家出版社 / 2012-8 / 28.00元,余华,False
36994786,山谷微风,https://book.douban.com/subject/36994786/,余华 / 北京十月文艺出版社 / 2024-8 / 49.00元,余华,False
36727316,女人的胜利,https://book.douban.com/subject/36727316/,余华 / 江苏凤凰文艺出版社 / 2024-10-1 / 49.90元,余华,False
35335514,文城,https://book.douban.com/subject/35335514/,余华 / 北京十月文艺出版社 / 2021-3 / 59.00元,余华,False
4760224,许三观卖血记,https://book.douban.com/subject/4760224/,余华 / 作家出版社 / 2012-9 / 24.00元,余华,False
30259153,第七天,https://book.douban.com/subject/30259153/,余华 / 新星出版社 / 2018-8 / 39.50元,余华,False
20441957,兄弟,https://book.douban.com/subject/20441957/,余华 / 作家出版社 / 2012-9-1 / 43.00元,余华,False
26291216,我们生活在巨大的差距里,https://book.douban.com/subject/26291216/,余华 / 北京十月文艺出版社 / 2015-2 / 35.00元,余华,False
36727285,十八岁出门远行,https://book.douban.com/subject/36727285/,余华 / 江苏凤凰文艺出版社 / 2024-3-7 / 45元,余华,False
20421947,在细雨中呼喊,https://book.douban.com/subject/20421947/,余华 / 作家出版社 / 2012-11-1 / 25.00元,余华,False
36727284,河边的错误,https://book.douban.com/subject/36727284/,余华 / 江苏凤凰文艺出版社 / 2024-4 / 49.90元,余华,False
27064488,活着,https://book.douban.com/subject/27064488/,余华 / 北京十月文艺出版社 / 2017-6-1 / 35.00元,余华,False
36441149,河边的错误,https://book.douban.com/subject/36441149/,余华 / 时代文艺出版社 / 2023-7 / 49.8元,余华,False
37146426,世界上的迷路者,https://book.douban.com/subject/37146426/,余华 / 北京十月文艺出版社 / 2025-3 / 49.00元,余华,False
36174516,第七天,https://book.douban.com/subject/36174516/,余华 / 新星出版社 / 2023-1 / 49.00元,余华,False
27141102,许三观卖血记,https://book.douban.com/subject/27141102/,余华 / 北京十月文艺出版社 / 2017-10 / 39.50元,余华,False
36854296,我们生活在巨大的差距里（增订版）,https://book.douban.com/subject/36854296/,余华 / 北京十月文艺出版社 / 2024-4 / 59.00元,余华,False
1401425,兄弟（上）,https://book.douban.com/subject/1401425/,余华 / 上海文艺出版社 / 2005-8 / 16.00元,余华,False
24540864,第七天,https://book.douban.com/subject/24540864/,余华 / 新星出版社 / 2013-6 / 29.50元,余华,False
33444357,没有一种生活是可惜的: 余华经典散文,https://book.douban.com/subject/33444357/,余华 / 陕西师范大学出版社 / 2019-6 / 59.00元,余华,False
20426710,鲜血梅花,https://book.douban.com/subject/20426710/,余华 / 作家出版社 / 2017-12 / 17.00元,余华,False
37238476,余华论：2024修订版,https://book.douban.com/subject/37238476/,王达敏 / 安徽文艺出版社 / 2025-1-1 / 58.00元,余华,False
35481712,许三观卖血记,https://book.douban.com/subject/35481712/,余华 / 北京十月文艺出版社 / 2024-3 / 59.00元,余华,False
36727317,偶然事件,https://book.douban.com/subject/36727317/,余华 / 江苏凤凰文艺出版社 / 2025-3 / 49.90,余华,False
36792318,我在岛屿读书,https://book.douban.com/subject/36792318/,《我在岛屿读书》节目组、余华、苏童、西川、房琪 / 江苏凤凰文艺出版社 / 2024-4 / 68.00元,余华,False
20426614,我胆小如鼠,https://book.douban.com/subject/20426614/,余华 / 作家出版社 / 2012-9-1 / 17.00元,余华,False
35347193,文城,https://book.douban.com/subject/35347193/,余華 / 麥田 / 2021-4-29 / NT$450,余华,False
20406553,现实一种,https://book.douban.com/subject/20406553/,余华 / 作家出版社 / 2008-5 / 17.00元,余华,False
36321041,我的文学白日梦: 余华散文精选,https://book.douban.com/subject/36321041/,余华 / 北京联合出版公司 / 2023-4 / 59.00元,余华,False
26273810,现实一种: 精装版 电影《河边的错误》原著收录；,https://book.douban.com/subject/26273810/,余华 / 作家出版社 / 2012-9 / 33.00元,余华,False
37016658,小城与不确定性的墙,https://book.douban.com/subject/37016658/,[日] 村上春树 / 施小炜 / 江苏凤凰文艺出版社 / 2024-10 / 89.90元,余华,False
36783409,一生中最高兴的一天,https://book.douban.com/subject/36783409/,路遥 / 北京十月文艺出版社 / 2024-2 / 49.00元,余华,False
1082154,活着,https://book.douban.com/subject/1082154/,余华 / 南海出版公司 / 1998-5 / 12.00元,余华,False
30204337,在细雨中呼喊,https://book.douban.com/subject/30204337/,余华 / 北京十月文艺出版社 / 2018-5-1 / 39.50元,余华,False
1703544,兄弟（下）,https://book.douban.com/subject/1703544/,余华 / 上海文艺出版社 / 2006-3 / 27.00元,余华,False
35685544,我只知道人是什么,https://book.douban.com/subject/35685544/,余华 / 译林出版社 / 2021-12 / 58元,余华,False
35907578,兄弟,https://book.douban.com/subject/35907578/,余华 / 北京十月文艺出版社 / 2022-7 / 79.00元,余华,False
20397280,黄昏里的男孩,https://book.douban.com/subject/20397280/,余华 / 作家出版社 / 2012-9 / 18.00元,余华,False
21346514,China in Ten Words,https://book.douban.com/subject/21346514/,Hua Yu、Yu Hua / Allan H. Barr / Vintage / 2012-8-21 / GBP 9.62,余华,False
20397289,没有一条道路是重复的,https://book.douban.com/subject/20397289/,余华 / 作家出版社 / 2012-11 / 19.00元,余华,False
1490736,古典爱情,https://book.douban.com/subject/1490736/,余华 / 人民文学出版社 / 2006-1 / 9.00元,余华,False
27606107,河边的错误,https://book.douban.com/subject/27606107/,余华 / 时代文艺出版社 / 2018-1-1,余华,False
1029791,许三观卖血记,https://book.douban.com/subject/1029791/,余华 / 南海出版公司 / 1998-9 / 16.80元,余华,False
36028320,在细雨中呼喊,https://book.douban.com/subject/36028320/,余华 / 北京十月文艺出版社 / 2023-7 / 59.00元,余华,False
1001911,灵魂饭,https://book.douban.com/subject/1001911/,余华 / 南海出版公司 / 2002-1 / 18.00元,余华,False
1734833,余华精选集,https://book.douban.com/subject/1734833/,余华 / 洪治刚   编选 / 北京燕山出版社 / 2010-3 / 25.00元,余华,False
1009393,在细雨中呼喊,https://book.douban.com/subject/1009393/,余华 / 上海文艺出版社 / 2004-01 / 18.00元,余华,False
36727285,十八岁出门远行,https://book.douban.com/subject/36727285/,余华 / 江苏凤凰文艺出版社 / 2024-3-7 / 45元,余华,False
3137022,温暖和百感交集的旅程,https://book.douban.com/subject/3137022/,余华 / 作家出版社 / 2008-5-1 / 12.00元,余华,False
30163860,绿毛水怪,https://book.douban.com/subject/30163860/,王小波 / 北京十月文艺出版社 / 2018-6 / 39.00元,王小波,False
27013708,一只特立独行的猪,https://book.douban.com/subject/27013708/,王小波 / 北京十月文艺出版社 / 2017-4 / 35.00元,王小波,False
27013716,沉默的大多数,https://book.douban.com/subject/27013716/,王小波 / 北京十月文艺出版社 / 2017-4 / 35.00元,王小波,False
1054685,沉默的大多数: 王小波杂文随笔全编,https://book.douban.com/subject/1054685/,王小波 / 中国青年出版社 / 1997-10 / 27.00元,王小波,False
1089243,黄金时代: 时代三部曲,https://book.douban.com/subject/1089243/,王小波 / 花城出版社 / 1999-3 / 19.00元,王小波,False
27013741,黄金时代,https://book.douban.com/subject/27013741/,王小波 / 北京十月文艺出版社 / 2017-4 / 35.00元,王小波,False
34974501,沉默的大多数,https://book.douban.com/subject/34974501/,王小波 / 北京十月文艺出版社 / 2021-1 / 59.00,王小波,False
3071717,爱你就像爱生命,https://book.douban.com/subject/3071717/,王小波、李银河 / 上海锦绣文章出版社 / 2008-5 / 18.00元,王小波,False
35947061,万寿寺,https://book.douban.com/subject/35947061/,王小波 / 北京十月文艺出版社 / 2023-9 / 59.00元,王小波,False
34947576,黄金时代,https://book.douban.com/subject/34947576/,王小波 / 北京十月文艺出版社 / 2021-6 / 59.00元,王小波,False
30216760,似水柔情,https://book.douban.com/subject/30216760/,王小波 / 北京十月文艺出版社 / 2018-7 / 39.00元,王小波,False
36933411,沉默的大多数,https://book.douban.com/subject/36933411/,王小波 / 作家出版社 / 2016-11-1,王小波,False
34950797,一只特立独行的猪,https://book.douban.com/subject/34950797/,王小波 / 北京十月文艺出版社 / 2021-1-1 / 59.00,王小波,False
27077957,红拂夜奔,https://book.douban.com/subject/27077957/,王小波 / 北京十月文艺出版社 / 2017-7 / 39.00,王小波,False
1418686,红拂夜奔,https://book.douban.com/subject/1418686/,王小波 / 江苏文艺出版社 / 2005-1 / 28.00元,王小波,False
20419245,王小波作品精选: 王小波作品,https://book.douban.com/subject/20419245/,王小波 / 长江文艺出版社 / 2012-12 / 26.00元,王小波,False
3518332,绿毛水怪,https://book.douban.com/subject/3518332/,王小波 / 时代文艺出版社 / 2009-1 / 30.00元,王小波,False
35571615,革命时期的爱情,https://book.douban.com/subject/35571615/,王小波 / 北京十月文艺出版社 / 2021-8 / 49.00元,王小波,False
1987262,王小波全集(第十卷):未竟稿,https://book.douban.com/subject/1987262/,王小波 / 云南人民出版社 / 2007-1 / 16.80元,王小波,False
3176760,革命时期的爱情,https://book.douban.com/subject/3176760/,王小波 / 上海锦绣文章出版社 / 2008-09 / 19.80元,王小波,False
27053756,一只特立独行的猪,https://book.douban.com/subject/27053756/,王小波 / 文化发展出版社 / 2017-3 / 36.00元,王小波,False
27058278,我的精神家园,https://book.douban.com/subject/27058278/,王小波 / 作家出版社 / 2016-11-1 / CNY 32.00,王小波,False
27111096,爱你就像爱生命,https://book.douban.com/subject/27111096/,王小波 / 北京十月文艺出版社 / 2017-9 / 35.00元,王小波,False
1815640,王小波全集（第一卷 杂文）: 思维的乐趣,https://book.douban.com/subject/1815640/,王小波 / 云南人民出版社 / 2006-6 / 16.80元,王小波,False
27156834,我的精神家园,https://book.douban.com/subject/27156834/,王小波 / 北京十月文艺出版社 / 2017-10 / 39.00元,王小波,False
1132956,白银时代,https://book.douban.com/subject/1132956/,王小波 / 陕西师范大学出版社 / 2009-7 / 16.00,王小波,False
1082150,白银时代: 时代三部曲,https://book.douban.com/subject/1082150/,王小波 / 花城出版社 / 1997-5 / 10.00元,王小波,False
1030849,黑铁时代: 王小波早期作品及未竟稿集,https://book.douban.com/subject/1030849/,王小波 / 时代文艺出版社 / 1998-02 / 16.00,王小波,False
1085883,青铜时代: 时代三部曲,https://book.douban.com/subject/1085883/,王小波 / 花城出版社 / 1997-5 / 29.00元,王小波,False
27143188,万寿寺,https://book.douban.com/subject/27143188/,王小波 / 北京十月文艺出版社 / 2017-9-1 / 45.00元,王小波,False
35571619,我的阴阳两界,https://book.douban.com/subject/35571619/,王小波 / 北京十月文艺出版社 / 2021-10 / 49.00元,王小波,False
1082578,理想国与哲人王,https://book.douban.com/subject/1082578/,王小波 / 陕西师范大学出版社 / 2004-1 / 14.00元,王小波,False
1418180,思维的乐趣,https://book.douban.com/subject/1418180/,王小波 / 中国人民大学出版社 / 2005-7 / 16.80元,王小波,False
1763806,万寿寺,https://book.douban.com/subject/1763806/,王小波 / 北方文艺出版社 / 2006-3 / 19.80元,王小波,False
35229277,红拂夜奔,https://book.douban.com/subject/35229277/,王小波 / 译林出版社 / 2015-8,王小波,False
27116320,白银时代,https://book.douban.com/subject/27116320/,王小波 / 北京十月文艺出版社 / 2017-10 / 45.00元,王小波,False
36504167,涅朵奇卡: 一个女人的一生,https://book.douban.com/subject/36504167/,陀思妥耶夫斯基 / 于大卫 / 山东文艺出版社 / 2023-9 / 45.00元,王小波,False
27116279,夜行记,https://book.douban.com/subject/27116279/,王小波 / 北京十月文艺出版社 / 2018-2-1 / 36.00元,王小波,False
1082577,黑铁时代,https://book.douban.com/subject/1082577/,王小波 / 陕西师范大学出版社 / 2009-07-01 / 28.00元,王小波,False
1096790,黑铁时代,https://book.douban.com/subject/1096790/,王小波 / 中国青年出版社 / 2002-1 / 24.00元,王小波,False
27013746,革命时期的爱情,https://book.douban.com/subject/27013746/,王小波 / 北京十月文艺出版社 / 2017-4 / 32.00元,王小波,False
30296222,黑铁时代,https://book.douban.com/subject/30296222/,王小波 / 北京十月文艺出版社 / 2018-9 / 63.00元,王小波,False
1477437,唐人故事,https://book.douban.com/subject/1477437/,王小波 / 中国档案出版社 / 2006-1 / 18.00元,王小波,False
25933791,王小波小说全集: 黄金时代,https://book.douban.com/subject/25933791/,王小波 / 长江文艺出版社 / 2013-8 / 36.00元,王小波,False
4744973,我的精神家园,https://book.douban.com/subject/4744973/,王小波 / 中国人民大学出版社 / 2010-4 / 19.80元,王小波,False
19986372,沉默的大多数,https://book.douban.com/subject/19986372/,王小波 / 北京工业大学出版社 / 2012-10-1 / 25.00元,王小波,False
3176755,寻找无双,https://book.douban.com/subject/3176755/,王小波 / 上海锦绣文章出版社 / 2008-09 / 19.80元,王小波,False
4744973,我的精神家园,https://book.douban.com/subject/4744973/,王小波 / 中国人民大学出版社 / 2010-4 / 19.80元,王小波,False
10199132,黄金时代: 黄金时代,https://book.douban.com/subject/10199132/,王小波 / 译林出版社 / 2012-1 / 35.80元,王小波,False
3518334,我的阴阳两界,https://book.douban.com/subject/3518334/,王小波 / 时代文艺出版社 / 2009-1 / 24.00元,王小波,False
36104107,长安的荔枝,https://book.douban.com/subject/36104107/,马伯庸 / 湖南文艺出版社 / 2022-10 / 45.00元,当代文学,False
36593622,世上为什么要有图书馆,https://book.douban.com/subject/36593622/,杨素秋 / 上海译文出版社 / 2024-1-1 / 58.00元,当代文学,False
36710597,食南之徒,https://book.douban.com/subject/36710597/,马伯庸 / 湖南文艺出版社 / 2024-4-1 / 56.00元,当代文学,False
34432750,额尔古纳河右岸,https://book.douban.com/subject/34432750/,迟子建 / 人民文学出版社 / 2019-6-1 / 32.00元,当代文学,False
36623046,我的母亲做保洁,https://book.douban.com/subject/36623046/,张小满 / 光启书局 / 2023-11 / 59.8,当代文学,False
36150423,我在北京送快递,https://book.douban.com/subject/36150423/,胡安焉 / 湖南文艺出版社 / 2023-3 / 56.00元,当代文学,False
36727318,我胆小如鼠,https://book.douban.com/subject/36727318/,余华 / 江苏凤凰文艺出版社 / 2024-7-30 / 49.90元,当代文学,False
36636649,岛屿的厝,https://book.douban.com/subject/36636649/,龚万莹 / 中信出版集团 / 2024-1-1 / 59,当代文学,False
4760224,许三观卖血记,https://book.douban.com/subject/4760224/,余华 / 作家出版社 / 2012-9 / 24.00元,当代文学,False
36164047,植物妻子,https://book.douban.com/subject/36164047/,[韩] 韩江 / 崔有学 / 四川文艺出版社 / 2023-3 / 58,当代文学,False
36193112,盐镇,https://book.douban.com/subject/36193112/,易小荷 / 新星出版社 / 2023-2 / 69.00元,当代文学,False
36850976,土广寸木,https://book.douban.com/subject/36850976/,魏思孝 / 北京日报出版社 / 2024-4-1 / 68,当代文学,False
36062390,一句顶一万句,https://book.douban.com/subject/36062390/,刘震云 / 花城出版社 / 2022-8 / 68.00元,当代文学,False
35430425,流俗地,https://book.douban.com/subject/35430425/,[马来西亚] 黎紫书 / 北京十月文艺出版社 / 2021-4-1 / 55.00元,当代文学,False
35695541,我本芬芳,https://book.douban.com/subject/35695541/,杨本芬 / 北京联合出版公司 / 2022-2-1 / 39.80,当代文学,False
36727316,女人的胜利,https://book.douban.com/subject/36727316/,余华 / 江苏凤凰文艺出版社 / 2024-10-1 / 49.90元,当代文学,False
30459512,妻妾成群,https://book.douban.com/subject/30459512/,苏童 / 浙江人民出版社 / 2019-2-1 / 48.00,当代文学,False
36914683,逃走的人,https://book.douban.com/subject/36914683/,李颖迪 / 文汇出版社 / 2024-8-1 / 59,当代文学,False
34432627,推拿,https://book.douban.com/subject/34432627/,毕飞宇 / 人民文学出版社 / 2019-5 / 42.00元,当代文学,False
36310568,有人跳舞,https://book.douban.com/subject/36310568/,辽京 / 中信出版集团 / 2023-8 / 59.80,当代文学,False
35616237,世界上所有的夜晚,https://book.douban.com/subject/35616237/,迟子建 / 作家出版社 / 2021-9 / 49.80元,当代文学,False
35608319,俗女养成记,https://book.douban.com/subject/35608319/,江鹅 / 北京日报出版社 / 2021-10 / 48.00元,当代文学,False
27614904,房思琪的初恋乐园,https://book.douban.com/subject/27614904/,林奕含 / 北京联合出版公司 / 2018-2 / 45.00元,当代文学,False
26735623,素食者,https://book.douban.com/subject/26735623/,韓江 / 千日 / 漫遊者 / 2016-4 / NT$280,当代文学,False
35965039,白,https://book.douban.com/subject/35965039/,[韩国] 韩江、陈允然绘 / 胡椒筒 / 四川文艺出版社 / 2022-9 / 49.8,当代文学,False
36328704,太白金星有点烦,https://book.douban.com/subject/36328704/,马伯庸 / 湖南文艺出版社 / 2023-6 / 45.00,当代文学,False
34998019,秋园,https://book.douban.com/subject/34998019/,杨本芬 / 北京联合出版公司 / 2020-6 / 38.00元,当代文学,False
26278687,皮囊,https://book.douban.com/subject/26278687/,蔡崇达 / 天津人民出版社 / 2014-12-1 / 39.80元,当代文学,False
36155606,宝水,https://book.douban.com/subject/36155606/,乔叶 / 北京十月文艺出版社 / 2022-11 / 68.00元,当代文学,False
36566313,新解读: 重思1942-1965年的文学、思想、历史,https://book.douban.com/subject/36566313/,贺照田、何浩 / 河北教育出版社 / 2023-7 / 120.00元,当代文学,False
30207170,我与地坛,https://book.douban.com/subject/30207170/,史铁生 / 人民文学出版社 / 2018-4 / 32.00,当代文学,False
36206462,疼痛部,https://book.douban.com/subject/36206462/,[荷] 杜布拉夫卡·乌格雷西奇 / 姜昊骞 / 北京日报出版社 / 2023-5 / 54.00元,当代文学,False
26879921,故乡天下黄花,https://book.douban.com/subject/26879921/,刘震云 / 长江文艺出版社 / 2016-8 / 42.00,当代文学,False
36982815,灵隐,https://book.douban.com/subject/36982815/,葛亮 / 湖南文艺出版社 / 2024-8 / 59.00元,当代文学,False
36084340,命运,https://book.douban.com/subject/36084340/,蔡崇达 / 浙江文艺出版社、广州出版社 / 2022-9-5 / 59.80元,当代文学,False
36560856,豆子芝麻茶: 和妈妈的最后絮叨,https://book.douban.com/subject/36560856/,杨本芬 / 广东人民出版社 / 2023-10 / 39.8,当代文学,False
26905337,檀香刑,https://book.douban.com/subject/26905337/,莫言 / 浙江文艺出版社 / 2017-1 / 56.00元,当代文学,False
36520183,平乐县志,https://book.douban.com/subject/36520183/,颜歌 / 上海三联书店 / 2023-10 / 78,当代文学,False
36457094,明亮的夜晚,https://book.douban.com/subject/36457094/,[韩]崔恩荣 / 叶蕾 / 台海出版社 / 2023-8 / 52,当代文学,False
26904483,蛙,https://book.douban.com/subject/26904483/,莫言 / 浙江文艺出版社 / 2017-1 / 37.00元,当代文学,False
37074780,人鱼之间,https://book.douban.com/subject/37074780/,张天翼 / 人民文学出版社 / 2025-1 / 59.00,当代文学,False
35005045,夜晚的潜水艇,https://book.douban.com/subject/35005045/,陈春成 / 上海三联书店 / 2020-9 / 52.00元,当代文学,False
36954795,“劳动”的诗学: 解放区的文艺生产与形式实践,https://book.douban.com/subject/36954795/,路杨 / 商务印书馆 / 2024-8 / 75.00,当代文学,False
27047454,白鹿原,https://book.douban.com/subject/27047454/,陈忠实 / 作家出版社 / 2017-4-1 / 38.00元,当代文学,False
27116320,白银时代,https://book.douban.com/subject/27116320/,王小波 / 北京十月文艺出版社 / 2017-10 / 45.00元,当代文学,False
36069426,大医·破晓篇,https://book.douban.com/subject/36069426/,马伯庸 / 上海文艺出版社 / 2022-9 / 108.00元,当代文学,False
36109174,你的夏天还好吗？,https://book.douban.com/subject/36109174/,[韩国] 金爱烂 / 薛舟 / 人民文学出版社 / 2022-10-15 / 48.00元,当代文学,False
36717432,东北故事集,https://book.douban.com/subject/36717432/,迟子建 / 人民文学出版社 / 2024-1-22 / 59.00元,当代文学,False
36728470,纷纷水火,https://book.douban.com/subject/36728470/,林戈声 / 上海文艺出版社 / 2024-1 / 59.00,当代文学,False
36600692,芬芳,https://book.douban.com/subject/36600692/,周瑄璞 / 作家出版社 / 2023-10 / 58.00元,当代文学,False
36705913,吃着吃着就老了,https://book.douban.com/subject/36705913/,陈晓卿 / 文汇出版社 / 2024-1 / 69.00元,杂文,False
36235328,老派少女购物路线,https://book.douban.com/subject/36235328/,洪爱珠 / 北京日报出版社 / 2023-2 / 68.00元,杂文,False
37152491,毕加索与科克托,https://book.douban.com/subject/37152491/,[法] 克洛德·阿尔诺 / 杜蘅 / 上海远东出版社 / 2025-2 / 48.00,杂文,False
36096287,东京八平米: Tokyo's Downsized Dwelling,https://book.douban.com/subject/36096287/,[日]吉井忍 / 上海三联书店 / 2023-1 / 79.00元,杂文,False
35532047,基层女性,https://book.douban.com/subject/35532047/,王慧玲 / 中国友谊出版公司 / 2021-8 / 49.80元,杂文,False
27013708,一只特立独行的猪,https://book.douban.com/subject/27013708/,王小波 / 北京十月文艺出版社 / 2017-4 / 35.00元,杂文,False
27013716,沉默的大多数,https://book.douban.com/subject/27013716/,王小波 / 北京十月文艺出版社 / 2017-4 / 35.00元,杂文,False
34974501,沉默的大多数,https://book.douban.com/subject/34974501/,王小波 / 北京十月文艺出版社 / 2021-1 / 59.00,杂文,False
27184303,遥远的向日葵地,https://book.douban.com/subject/27184303/,李娟 / 花城出版社 / 2017-11 / 38.00元,杂文,False
36815098,可能的世界,https://book.douban.com/subject/36815098/,杨潇 / 上海文艺出版社 / 2024-5 / 78.00,杂文,False
26581961,走夜路请放声歌唱,https://book.douban.com/subject/26581961/,李娟 / 新星出版社 / 2015-9-1 / 45.00元,杂文,False
1054685,沉默的大多数: 王小波杂文随笔全编,https://book.douban.com/subject/1054685/,王小波 / 中国青年出版社 / 1997-10 / 27.00元,杂文,False
5910656,我与地坛,https://book.douban.com/subject/5910656/,史铁生 / 人民文学出版社 / 2011-1-1 / 23.00元,杂文,False
30183051,鱼翅与花椒,https://book.douban.com/subject/30183051/,[英] 扶霞·邓洛普 / 何雨珈 / 上海译文出版社 / 2018-7 / 48.00元,杂文,False
34950797,一只特立独行的猪,https://book.douban.com/subject/34950797/,王小波 / 北京十月文艺出版社 / 2021-1-1 / 59.00,杂文,False
1767945,一只特立独行的猪,https://book.douban.com/subject/1767945/,王小波 / 北方文艺出版社 / 2006-4 / 18.80元,杂文,False
26291216,我们生活在巨大的差距里,https://book.douban.com/subject/26291216/,余华 / 北京十月文艺出版社 / 2015-2 / 35.00元,杂文,False
35040904,记一忘三二: 全新修订版,https://book.douban.com/subject/35040904/,李娟 / 花城出版社 / 2020-7 / 35.00,杂文,False
27024398,阅读是一座随身携带的避难所: 毛姆读书随笔,https://book.douban.com/subject/27024398/,[英]毛姆 / 罗长利 / 北京联合出版公司 / 2017-6-20 / 42.00元,杂文,False
36900602,热风,https://book.douban.com/subject/36900602/,鲁迅 / 广西师范大学出版社 / 2024-8 / 34元,杂文,False
35025453,失落的卫星: 深入中亚大陆的旅程,https://book.douban.com/subject/35025453/,刘子超 / 文汇出版社 / 2020-7 / 69.00元,杂文,False
1974027,热风,https://book.douban.com/subject/1974027/,鲁迅 / 人民文学出版社 / 2006-12 / 9.00元,杂文,False
26367364,爱吃沙拉的狮子: 村上Radio,https://book.douban.com/subject/26367364/,[日] 村上春树  著、大桥步  图 / 施小炜 / 南海出版公司 / 2015-5 / 39.00元,杂文,False
35010183,我的精神家园,https://book.douban.com/subject/35010183/,王小波 / 北京十月文艺出版社 / 2021-1 / 59.00,杂文,False
2068249,温柔的夜,https://book.douban.com/subject/2068249/,三毛 / 北京十月文艺出版社 / 2007-5 / 28.00元,杂文,False
1398395,狂人日记,https://book.douban.com/subject/1398395/,鲁迅 / 京华出版社 / 2006-3 / 39.80元,杂文,False
36908959,文明的碎片,https://book.douban.com/subject/36908959/,[英] 西蒙·沙玛 / 茯阑 / 浙江人民出版社 / 2025-3 / 98,杂文,False
1449351,呐喊,https://book.douban.com/subject/1449351/,鲁迅 / 人民文学出版社 / 1973-3 / 0.36元,杂文,False
35593926,退烧,https://book.douban.com/subject/35593926/,舒虞 / 江苏凤凰文艺出版社 / 2021-10 / 69.80,杂文,False
23008971,平如美棠: 我俩的故事,https://book.douban.com/subject/23008971/,饶平如 / 广西师范大学出版社 / 2013-5 / CNY 49.80,杂文,False
26685539,有鹿来: 京都的日常,https://book.douban.com/subject/26685539/,苏枕书 / 北京联合出版公司 / 2016-1 / 49.8,杂文,False
35817710,日日杂记,https://book.douban.com/subject/35817710/,武田百合子 / 田肖霞、默音 / 北京日报出版社 / 2022-5 / 56.00元,杂文,False
36370542,历史的镜子（中国史学大家吴晗经典作品）,https://book.douban.com/subject/36370542/,吴晗 / 四川文艺出版社 / 2023-5 / 39.80元,杂文,False
25804641,草草集,https://book.douban.com/subject/25804641/,陈丹青 / 广西师范大学出版社 / 2014-1 / 36.00,杂文,False
26717285,时评中国: 用理性反抗坏逻辑,https://book.douban.com/subject/26717285/,曹林 / 北京大学出版社 / 2016-4 / 68.00,杂文,False
36754484,离岛: 于偏僻之地重建生活,https://book.douban.com/subject/36754484/,库索 / 广西师范大学出版社 / 2024-3 / 68.00元,杂文,False
1015864,惶然录,https://book.douban.com/subject/1015864/,[葡萄牙]费尔南多·佩索阿 / 韩少功 / 上海文艺出版社 / 1995年5月第一版 / 35.00元,杂文,False
1089243,黄金时代: 时代三部曲,https://book.douban.com/subject/1089243/,王小波 / 花城出版社 / 1999-3 / 19.00元,杂文,False
1088581,浮生六记,https://book.douban.com/subject/1088581/,（清）沈复 / 人民文学出版社 / 1999-1 / 38,杂文,False
35685549,趁着年轻，我偏要勉强,https://book.douban.com/subject/35685549/,詹青云 / 中信出版集团 / 2021-12 / 59.00,杂文,False
27093935,慢煮生活,https://book.douban.com/subject/27093935/,汪曾祺 / 江苏凤凰文艺出版社 / 2017-8-1 / 49.80,杂文,False
25985021,人类简史: 从动物到上帝,https://book.douban.com/subject/25985021/,[以色列] 尤瓦尔·赫拉利 / 林俊宏 / 中信出版社 / 2014-11 / 68.00元,杂文,False
1055518,知味集,https://book.douban.com/subject/1055518/,汪曾祺 / 华夏出版社 / 1997-01 / 12.80,杂文,False
26702143,旅食与文化,https://book.douban.com/subject/26702143/,汪曾祺 / 九州出版社 / 2016-2 / 45.00,杂文,False
26981441,知觉之门: 天堂与地狱,https://book.douban.com/subject/26981441/,[英] 阿道斯·赫胥黎 / 庄蝶庵 / 北京时代华文书局 / 2017-5-30 / 49.00元,杂文,False
34942344,逝物录,https://book.douban.com/subject/34942344/,[德] 尤迪特·沙朗斯基 / 陈早 / 中信出版集团 / 2020-4 / 68.00元,杂文,False
34006213,读库1903,https://book.douban.com/subject/34006213/,张立宪 主编 / 新星出版社 / 2019-6-6 / 42,杂文,False
37106743,活得明白,https://book.douban.com/subject/37106743/,郭德纲 / 天地出版社 / 2024-10 / 49.8,杂文,False
1053869,书带集,https://book.douban.com/subject/1053869/,陈从周 / 生活·读书·新知三联书店 / 2002-07 / 11.00元,杂文,False
36593632,汪曾祺谈吃大全,https://book.douban.com/subject/36593632/,汪曾祺 / 浙江人民出版社 / 2023-9 / 59.80,杂文,False
3017857,金锁记,https://book.douban.com/subject/3017857/,张爱玲 / 哈尔滨出版社 / 2005-6 / 13.5元,张爱玲,False
10757938,半生缘: 张爱玲全集04——小说,https://book.douban.com/subject/10757938/,张爱玲 / 北京十月文艺出版社 / 2012-6-1 / 29.60元,张爱玲,False
10757940,倾城之恋: 张爱玲全集01——小说,https://book.douban.com/subject/10757940/,张爱玲 / 北京十月文艺出版社 / 2012-6-1 / 29.80元,张爱玲,False
30294357,倾城之恋: 张爱玲全集01,https://book.douban.com/subject/30294357/,张爱玲 / 北京十月文艺出版社 / 2019-3 / 49.50元,张爱玲,False
1082162,第一炉香,https://book.douban.com/subject/1082162/,张爱玲 / 花城出版社 / 1997-3 / 11.5,张爱玲,False
37176682,張愛玲的電影史,https://book.douban.com/subject/37176682/,河本美紀 / INK印刻出版公司 / 2025-1 / NTD700,张爱玲,False
1014278,红玫瑰与白玫瑰,https://book.douban.com/subject/1014278/,张爱玲 / 花城出版社 / 1996-06 / 12.80元,张爱玲,False
5336240,异乡记,https://book.douban.com/subject/5336240/,张爱玲 / 北京十月文艺出版社 / 2010-12 / 20.00元,张爱玲,False
2267883,色，戒,https://book.douban.com/subject/2267883/,张爱玲 / 北京十月文艺出版社 / 2007-10 / 25.00元,张爱玲,False
10757942,怨女: 张爱玲全集03——小说,https://book.douban.com/subject/10757942/,张爱玲 / 北京十月文艺出版社 / 2012-6 / 29.60元,张爱玲,False
10757939,红玫瑰与白玫瑰: 张爱玲全集02——小说,https://book.douban.com/subject/10757939/,张爱玲 / 北京十月文艺出版社 / 2012-6 / 28.00元,张爱玲,False
1090043,倾城之恋,https://book.douban.com/subject/1090043/,张爱玲 / 花城出版社 / 1997-3-1 / 11.00,张爱玲,False
36089273,爱与真的启示: 张爱玲的晚期风格,https://book.douban.com/subject/36089273/,陈建华 / 广西师范大学出版社 / 2022-10 / 69元,张爱玲,False
2008406,红楼梦魇,https://book.douban.com/subject/2008406/,张爱玲 / 北京十月文艺出版社 / 2007-2 / 26.80元,张爱玲,False
1951384,郁金香,https://book.douban.com/subject/1951384/,张爱玲 / 北京十月文艺出版社 / 2006-12 / 29.80元,张爱玲,False
11614508,流言,https://book.douban.com/subject/11614508/,张爱玲 / 北京十月文艺出版社 / 2012-9 / 29.50元,张爱玲,False
10757941,小团圆: 张爱玲全集05——小说,https://book.douban.com/subject/10757941/,张爱玲 / 北京十月文艺出版社 / 2012-6 / 28.00元,张爱玲,False
35175187,紙短情長: 張愛玲往來書信集 I,https://book.douban.com/subject/35175187/,張愛玲 / 皇冠 / 2020-9-11 / NT$ 450,张爱玲,False
35217788,张爱玲往来书信集：（I）紙短情長＋（II）書不盡言: 【張愛玲百歲誕辰紀念】,https://book.douban.com/subject/35217788/,張愛玲、宋淇、宋鄺文美 / 宋以朗编、馮睎乾整理 / 皇冠 / 2020-9-11 / NT$900.00,张爱玲,False
36698546,张爱玲传,https://book.douban.com/subject/36698546/,余斌 / 人民文学出版社 / 2024-2 / 79.00元,张爱玲,False
34986076,赤地之戀,https://book.douban.com/subject/34986076/,張愛玲 / 皇冠 / 2020-4 / NT$320.00,张爱玲,False
5501815,雷峰塔,https://book.douban.com/subject/5501815/,张爱玲 / 赵丕慧 / 北京十月文艺出版社 / 2016-7 / 39.00元,张爱玲,False
1051163,同学少年都不贱,https://book.douban.com/subject/1051163/,张爱玲 / 天津人民出版社 / 2004-3-1 / 20.00,张爱玲,False
26603398,一曲难忘,https://book.douban.com/subject/26603398/,张爱玲 / 北京十月文艺出版社 / 2015-10 / 35.00元,张爱玲,False
1963684,半生缘,https://book.douban.com/subject/1963684/,张爱玲 / 北京十月文艺出版社 / 2006-12 / 28.00元,张爱玲,False
3616310,小团圆,https://book.douban.com/subject/3616310/,张爱玲 / 北京十月文艺出版社 / 2009-4 / 28.00,张爱玲,False
6041632,雷峰塔,https://book.douban.com/subject/6041632/,张爱玲 / 赵丕慧 / 北京十月文艺出版社 / 2011-4 / 32.00元,张爱玲,False
30294358,红玫瑰与白玫瑰: 张爱玲全集02,https://book.douban.com/subject/30294358/,张爱玲 / 北京十月文艺出版社 / 2019-3 / 49.50元,张爱玲,False
37109883,张爱玲的N个侧面,https://book.douban.com/subject/37109883/,闫红 / 人民文学出版社 / 2024-11 / 39.00元,张爱玲,False
10867816,海上花落: 国语海上花列传 II,https://book.douban.com/subject/10867816/,韩邦庆 / 张爱玲 注释 / 北京十月文艺出版社 / 2012-7 / 29.50元,张爱玲,False
11614513,重访边城: 张爱玲全集07——散文,https://book.douban.com/subject/11614513/,张爱玲 / 北京十月文艺出版社 / 2012-9-1 / 32.00元,张爱玲,False
10867814,红楼梦魇: 张爱玲全集08——论著,https://book.douban.com/subject/10867814/,张爱玲 / 北京十月文艺出版社 / 2012-7-1 / 29.50元,张爱玲,False
2027002,对照记,https://book.douban.com/subject/2027002/,张爱玲 / 北京十月文艺出版社 / 2007-2 / 28.80元,张爱玲,False
35498437,传奇,https://book.douban.com/subject/35498437/,张爱玲 / 北京十月文艺出版社 / 2021-6 / 49.00元,张爱玲,False
26390567,易经,https://book.douban.com/subject/26390567/,张爱玲 / 赵丕慧 / 北京十月文艺出版社 / 2016-7 / 39.00元,张爱玲,False
34442201,重访边城: 张爱玲全集08,https://book.douban.com/subject/34442201/,张爱玲 / 北京十月文艺出版社 / 2019-7 / 39.00元,张爱玲,False
30294355,半生缘: 张爱玲全集04,https://book.douban.com/subject/30294355/,张爱玲 / 北京十月文艺出版社 / 2019-3 / 55.00元,张爱玲,False
3102911,苍凉与世故,https://book.douban.com/subject/3102911/,李欧梵 / 上海三联书店 / 2008-6 / 29.00元,张爱玲,False
30499336,张爱玲庄信正通信集,https://book.douban.com/subject/30499336/,张爱玲、庄信正 / 新星出版社 / 2019-5 / 58.00,张爱玲,False
35175188,書不盡言: 張愛玲往來書信集Ⅱ,https://book.douban.com/subject/35175188/,張愛玲 / 皇冠 / 2020-9 / NT$ 450,张爱玲,False
35773356,张爱玲十五讲（修订本）,https://book.douban.com/subject/35773356/,张均 / 广西师范大学出版社 / 2022-3 / 70.00元,张爱玲,False
35172219,张爱玲传,https://book.douban.com/subject/35172219/,刘川鄂 / 长江文艺出版社 / 2020-11-1 / 58.00元,张爱玲,False
30386410,张爱玲传,https://book.douban.com/subject/30386410/,余斌 / 人民文学出版社 / 2018-11 / 58.00元,张爱玲,False
26921653,煊赫旧家声: 张爱玲家族,https://book.douban.com/subject/26921653/,冯祖贻 / 新星出版社 / 2016-11 / 43.00元,张爱玲,False
25986619,Naked Earth,https://book.douban.com/subject/25986619/,Eileen Chang、introduction by Perry Link / NYRB Classics / 2015-3-24 / USD 16.95,张爱玲,False
30294354,流言: 张爱玲全集06,https://book.douban.com/subject/30294354/,张爱玲 / 北京十月文艺出版社 / 2019-6 / 45.00元,张爱玲,False
35037788,色，戒: 短篇小說集三  1947年以後,https://book.douban.com/subject/35037788/,張愛玲 / 皇冠 / 2020-6-8 / NT$340.00,张爱玲,False
35951909,緣起香港: 張愛玲的異鄉和世界,https://book.douban.com/subject/35951909/,黃心村、黄心村 / 香港中文大學出版社 / 2022-7 / USD 28.00,张爱玲,False
3993131,我的姐姐张爱玲,https://book.douban.com/subject/3993131/,张子静、季季 / 吉林出版集团 / 2009-9 / 26.00元,张爱玲,False
2206161,張愛玲未完: －萬卷文庫220,https://book.douban.com/subject/2206161/,水晶 / 大地出版社 / 86/02/01 / NT$ 170元,张爱玲,False
30286914,基督山伯爵,https://book.douban.com/subject/30286914/,[法]大仲马 / 周克希 / 译林出版社 / 2018-10 / 138,外国名著,False
6313476,远大前程,https://book.douban.com/subject/6313476/,[英]狄更斯 / 王科一 / 上海译文出版社 / 2011-5-1 / 26.00元,外国名著,False
24531956,哈利·波特,https://book.douban.com/subject/24531956/,J.K.罗琳 (J.K.Rowling) / 苏农、马爱农、马爱新 / 人民文学出版社 / 2008-12-1 / 498.00元,外国名著,False
6082808,百年孤独,https://book.douban.com/subject/6082808/,[哥伦比亚] 加西亚·马尔克斯 / 范晔 / 南海出版公司 / 2011-6 / 39.50元,外国名著,False
1073383,廊桥遗梦,https://book.douban.com/subject/1073383/,"（美）罗伯特・詹姆斯・沃勒（Waller,R.） / 梅嘉 / 外国文学出版社 / 1994-06 / 6.70",外国名著,False
35947069,在轮下,https://book.douban.com/subject/35947069/,[德] 赫尔曼·黑塞 / 李贻琼 / 译林出版社 / 2022-8 / 45.00,外国名著,False
27187555,柳林风声,https://book.douban.com/subject/27187555/,[英] 格雷厄姆 / 杨静远 / 中央编译出版社 / 2015,外国名著,False
1105898,悲惨世界（全三册）,https://book.douban.com/subject/1105898/,(法)雨果 / 李丹，方于 / 人民文学出版社 / 2003-1-1 / 58.00元,外国名著,False
10779650,追忆似水年华,https://book.douban.com/subject/10779650/,[法] 马塞尔·普鲁斯特 / 李恒基、徐继曾、桂裕芳、袁树仁、潘丽珍、许渊冲、许钧、杨松河、周克希、张小鲁、张寅德、刘方、陆秉慧、徐和瑾、周国强 / 译林出版社 / 2012-6 / 328.00元,外国名著,False
1645161,唐璜,https://book.douban.com/subject/1645161/,[英] 拜伦 / 查良铮 译、王佐良 注 / 人民文学出版社 / 1980 / 34.75元,外国名著,False
6313528,了不起的盖茨比,https://book.douban.com/subject/6313528/,[美]菲茨杰拉德 / 巫宁坤 / 上海译文出版社 / 2011-5-1 / 20.00元,外国名著,False
4898521,呼啸山庄,https://book.douban.com/subject/4898521/,(英) 艾米莉·勃朗特 / 杨苡 / 译林出版社 / 2010-8-1 / 18.00元,外国名著,False
35216955,悉达多,https://book.douban.com/subject/35216955/,[德]赫尔曼·黑塞 / 赵丽慧 / 民主与建设出版社 / 2020-12 / 49.80元,外国名著,False
26436129,潘家洵译易卜生戏剧,https://book.douban.com/subject/26436129/,[挪威] 易卜生 / 潘家洵 / 人民文学出版社 / 2015-4 / 76.00,外国名著,False
27107109,百年孤独: 50周年纪念版,https://book.douban.com/subject/27107109/,[哥伦比亚] 加西亚·马尔克斯 / 范晔 / 南海出版公司 / 2017-8 / 55.00元,外国名著,False
25837841,安娜·卡列宁娜,https://book.douban.com/subject/25837841/,[俄]列夫·托尔斯泰 / 周扬、谢素台 / 人民文学出版社 / 2004 / 69元（2019年7月6印本）,外国名著,False
1036274,夏洛的网,https://book.douban.com/subject/1036274/,[美] E.B.怀特、[美国] 埃尔温·布鲁克斯·怀特   / 任溶溶 / 上海译文出版社 / 2004-5 / 17.00元,外国名著,False
1827374,东方快车谋杀案,https://book.douban.com/subject/1827374/,[英] 阿加莎·克里斯蒂 / 陈尧光 / 人民文学出版社 / 2006-5 / 18.00元,外国名著,False
37092950,青春手记,https://book.douban.com/subject/37092950/,[法] 西蒙娜·德·波伏瓦 / 沈珂 / 上海译文出版社 / 2024-12-31 / 238元,外国名著,False
1441899,飘（上、下二册）,https://book.douban.com/subject/1441899/,[美] 马格丽泰·密西尔 / 傅东华 / 浙江文艺出版社 / 1988-3 / 9.00元,外国名著,False
1547860,基督山伯爵（上下）: 世界文学名著典藏,https://book.douban.com/subject/1547860/,[法] 大仲马 / 高临 / 长江文艺出版社 / 2009-6 / 56.00元,外国名著,False
1292350,乱世佳人（上下）,https://book.douban.com/subject/1292350/,(美)玛格丽特・米切尔 / 陈良廷 等 / 上海译文出版社 / 2005-05 / 68.00元,外国名著,False
1081422,卡夫卡小说全集（全三册）,https://book.douban.com/subject/1081422/,[奥] 卡夫卡 / 韩瑞祥 [等]、高年生、杨劲、谢莹莹 / 人民文学出版社 / 2003-08 / 60.00元,外国名著,False
1825635,傲慢与偏见,https://book.douban.com/subject/1825635/,[英]奥斯丁 / 王科一 / 上海译文出版社 / 1980-6 / 1.35,外国名著,False
1963728,斯·茨威格小说选,https://book.douban.com/subject/1963728/,张玉书、纪琨、涛声、赵登荣、张荣昌 / 外国文学出版社 / 1982-1 / 1.35元,外国名著,False
1096469,飘: 最新全译本,https://book.douban.com/subject/1096469/,玛格丽特.米切尔(美) / 李尧、郇忠 / 经济日报出版社 / 2002-01-01 / 45.00元,外国名著,False
5245233,乱世佳人,https://book.douban.com/subject/5245233/,[美] 玛格丽特·米切尔 / 陈良廷 / 上海译文出版社 / 2010-8-1 / 50.00元,外国名著,False
4832194,莎士比亚全集,https://book.douban.com/subject/4832194/,[英]莎士比亚 / 朱生豪 / 人民文学出版社 / 2010-11-1 / 480.00,外国名著,False
1187107,Gone with the Wind,https://book.douban.com/subject/1187107/,Margaret Mitchell / Warner Books / 1993-8-1 / USD 7.99,外国名著,False
35501206,基督山伯爵,https://book.douban.com/subject/35501206/,[法国] 大仲马 / 李玉民 / 人民文学出版社 / 2021-6 / 168,外国名著,False
30225497,三个火枪手,https://book.douban.com/subject/30225497/,[法] 大仲马 / 李玉民 / 人民文学出版社 / 2018-5 / 52.00,外国名著,False
1099523,飘,https://book.douban.com/subject/1099523/,2000-9 / 27.50元,外国名著,False
1750624,莎士比亚悲剧集,https://book.douban.com/subject/1750624/,(英)莎士比亚 / 朱生豪 / 国际文化出版公司 / 2006-01-01 / 15.00元,外国名著,False
1100783,约翰·克里斯托夫,https://book.douban.com/subject/1100783/,罗曼・罗兰 / 许渊冲 / 北京燕山出版社 / 2000年 / 55.00,外国名著,False
1803624,傲慢与偏见,https://book.douban.com/subject/1803624/,(英)奥斯汀 / 外语教学与研究出版社 / 2006-1 / 15.90元,外国名著,False
3079165,飘,https://book.douban.com/subject/3079165/,玛格丽特·米切尔 / 张锦 / 中国国际广播出版社 / 2008-4 / 48.00元,外国名著,False
3076985,安娜·卡列尼娜,https://book.douban.com/subject/3076985/,[俄] 列夫·托尔斯泰 / 草婴 / 上海文艺出版社 / 2008-5 / 55.00元,外国名著,False
25837845,战争与和平,https://book.douban.com/subject/25837845/,[俄] 托尔斯泰 / 刘辽逸 / 人民文学出版社 / 2015-4 / 88.00元,外国名著,False
1059419,海边的卡夫卡,https://book.douban.com/subject/1059419/,[日] 村上春树 / 林少华 / 上海译文出版社 / 2003-4 / 25.00元,外国名著,False
36346522,爱玛,https://book.douban.com/subject/36346522/,[英] 简·奥斯汀 / 汪燕 / 华东师范大学出版社 / 2023-7-1 / 78.00元,外国名著,False
35272817,西线无战事,https://book.douban.com/subject/35272817/,[德] 埃里希·玛丽亚·雷马克 / 姜乙 / 上海文艺出版社 / 2021-1 / 49,外国名著,False
2154960,一个陌生女人的来信,https://book.douban.com/subject/2154960/,[奥] 斯蒂芬·茨威格 / 张玉书 / 上海译文出版社 / 2007-7 / 20.00元,外国名著,False
37049416,九三年: 插图珍藏版,https://book.douban.com/subject/37049416/,(法) 维克多·雨果、[法] 埃米尔·巴亚尔 等 绘 / 郑克鲁 / 江苏凤凰文艺出版社 / 2025-1 / 98.00元,外国名著,False
25887924,卡拉马佐夫兄弟,https://book.douban.com/subject/25887924/,陀思妥耶夫斯基 (Ф.М.Достоевский) / 荣如德 / 上海译文出版社 / 2015-2-1 / CNY 78.00,外国名著,False
35378775,拉摩的侄儿,https://book.douban.com/subject/35378775/,[法]德尼·狄德罗 / 袁树仁、吴达元、主编：罗芃 / 上海译文出版社 / 2021-6-1 / 45.00,外国名著,False
27002046,美丽新世界,https://book.douban.com/subject/27002046/,【英】奥尔德斯·赫胥黎 / 陈超 / 上海译文出版社 / 2017-6 / 45.00元,外国名著,False
10427510,The Kite Runner,https://book.douban.com/subject/10427510/,Khaled Hosseini / 2012-1 / 65.00元,外国名著,False
26879778,杀死一只知更鸟,https://book.douban.com/subject/26879778/,[美] 哈珀·李 / 李育超 / 译林出版社 / 2017-2 / 58.00,外国名著,False
1084336,小王子,https://book.douban.com/subject/1084336/,[法] 圣埃克苏佩里、[法国] 安东尼·德·圣-埃克苏佩里 / 马振骋 / 人民文学出版社 / 2003-8 / 22.00元,外国名著,False
25985021,人类简史: 从动物到上帝,https://book.douban.com/subject/25985021/,[以色列] 尤瓦尔·赫拉利 / 林俊宏 / 中信出版社 / 2014-11 / 68.00元,外国名著,False
36954783,鲁迅《摩罗诗力说》注释·今译·解说,https://book.douban.com/subject/36954783/,赵瑞蕻 / 南京大学出版社 / 2025-2 / 78.00元,鲁迅,False
1915958,野草,https://book.douban.com/subject/1915958/,鲁迅 / 人民文学出版社 / 1973-3 / 0.20元,鲁迅,False
1449351,呐喊,https://book.douban.com/subject/1449351/,鲁迅 / 人民文学出版社 / 1973-3 / 0.36元,鲁迅,False
2046909,故事新编,https://book.douban.com/subject/2046909/,鲁迅 / 人民文学出版社 / 1973-12-01 / 0.31 元,鲁迅,False
1449352,朝花夕拾,https://book.douban.com/subject/1449352/,鲁迅 / 人民文学出版社 / 1973-4 / 0.25元,鲁迅,False
37124763,鲁迅诗传,https://book.douban.com/subject/37124763/,黄乔生 / 商务印书馆 / 2025-1 / 128.00,鲁迅,False
26710670,呐喊: 鲁迅短篇小说集,https://book.douban.com/subject/26710670/,鲁迅 / 天津人民出版社 / 2016-1 / 32.00元,鲁迅,False
35167966,无法直面的人生: 鲁迅传,https://book.douban.com/subject/35167966/,王晓明 / 生活·读书·新知三联书店 / 2021-1 / 79.00元,鲁迅,False
36868558,鲁迅与国学,https://book.douban.com/subject/36868558/,孙郁 / 商务印书馆 / 2024-8 / 78.00,鲁迅,False
1449348,彷徨,https://book.douban.com/subject/1449348/,鲁迅 / 人民文学出版社 / 1973-3 / 0.37元,鲁迅,False
1974029,坟,https://book.douban.com/subject/1974029/,鲁迅 / 人民文学出版社 / 2006-12 / 16.00元,鲁迅,False
36556866,“中期鲁迅”研究,https://book.douban.com/subject/36556866/,邱焕星 / 上海交通大学出版社 / 2023-8 / 78.00元,鲁迅,False
36466761,天上深渊: 鲁迅十二论,https://book.douban.com/subject/36466761/,江弱水 / 浙江文艺出版社 / 2023-8 / 68.00元,鲁迅,False
34858981,呐喊,https://book.douban.com/subject/34858981/,鲁迅 / 人民文学出版社 / 2021-8 / 24.00元,鲁迅,False
37036133,鲁迅与日本,https://book.douban.com/subject/37036133/,潘世圣 / 生活·读书·新知三联书店 / 2025-4 / 68.00元,鲁迅,False
34858982,彷徨,https://book.douban.com/subject/34858982/,鲁迅 / 人民文学出版社 / 2022-1 / 24.00元,鲁迅,False
2025454,坟,https://book.douban.com/subject/2025454/,鲁迅 / 人民文学出版社 / 1973-09-01 / 0.50元,鲁迅,False
34858980,野草,https://book.douban.com/subject/34858980/,鲁迅 / 人民文学出版社 / 2021-7 / 18.00元,鲁迅,False
35612410,彷徨: 丰子恺插图本,https://book.douban.com/subject/35612410/,鲁迅 / 人民文学出版社 / 2021-9 / 26.00元,鲁迅,False
26232318,探寻诗心: 《野草》整体研究,https://book.douban.com/subject/26232318/,汪卫东 / 北京大学出版社 / 2014-10 / 49.00元,鲁迅,False
26895734,《两地书》研究,https://book.douban.com/subject/26895734/,王得后 / 天津人民出版社 / 1995-6 / 16.00元,鲁迅,False
1968084,而已集,https://book.douban.com/subject/1968084/,鲁迅 / 人民文学出版社 / 1973-5 / 0.34元,鲁迅,False
35479545,铸剑,https://book.douban.com/subject/35479545/,原著：鲁迅、编绘：昔酒 / 一頁folio | 广西师范大学出版社 / 2021-7 / 138,鲁迅,False
36900608,朝花夕拾,https://book.douban.com/subject/36900608/,鲁迅 / 广西师范大学出版社 / 2024-8 / 30元,鲁迅,False
26710671,彷徨,https://book.douban.com/subject/26710671/,鲁迅 / 天津人民出版社 / 2016-1 / 32.00元,鲁迅,False
35887119,彷徨,https://book.douban.com/subject/35887119/,鲁迅 / 崇文书局 / 2021-10 / 29.80,鲁迅,False
35739366,野草（初版百年纪念版）: 初版百年纪念版,https://book.douban.com/subject/35739366/,鲁迅 / 崇文书局 / 2021-10 / 19.8,鲁迅,False
34858983,故事新编,https://book.douban.com/subject/34858983/,鲁迅 / 人民文学出版社 / 2021-7 / 20.00元,鲁迅,False
35902762,朝花夕拾,https://book.douban.com/subject/35902762/,鲁迅 / 崇文书局 / 2021-10-1,鲁迅,False
30266022,鲁迅批判,https://book.douban.com/subject/30266022/,李长之 / 北京出版社 / 2017-10-1 / 39.80元,鲁迅,False
35887101,故事新编,https://book.douban.com/subject/35887101/,鲁迅 / 崇文书局 / 2021-10 / 24.80,鲁迅,False
2046933,华盖集,https://book.douban.com/subject/2046933/,鲁迅 / 人民文学出版社 / 1973-04-01 / 0.33元,鲁迅,False
25783936,阿Q生命中的六个瞬间,https://book.douban.com/subject/25783936/,汪晖 / 华东师范大学出版社 / 2014-2 / 28,鲁迅,False
36363879,越境: “鲁迅”之诞生,https://book.douban.com/subject/36363879/,李冬木 / 浙江古籍出版社 / 2023-7 / 218.00元,鲁迅,False
1157014,伤逝,https://book.douban.com/subject/1157014/,鲁迅 / 中国青年出版社 / 2004-1-1 / 19.50元,鲁迅,False
35100333,两地书,https://book.douban.com/subject/35100333/,鲁迅/许广平、鲁迅、许广平   / 古吴轩出版社 / 2020-10-10 / 49.8,鲁迅,False
35852396,鲁迅手稿经眼录,https://book.douban.com/subject/35852396/,叶淑穗 / 国家图书馆出版社 / 2021-9 / 68.00元,鲁迅,False
36900600,鲁迅作品: 全17种,https://book.douban.com/subject/36900600/,鲁迅 / 广西师范大学出版社 / 2024-8 / 692元,鲁迅,False
30858081,鲁迅传（修订本）,https://book.douban.com/subject/30858081/,朱正 / 人民文学出版社 / 2018-4 / 52.00元,鲁迅,False
1974033,且介亭杂文,https://book.douban.com/subject/1974033/,鲁迅 / 人民文学出版社 / 2006-12 / 13.00元,鲁迅,False
26881522,药,https://book.douban.com/subject/26881522/,鲁迅原著 / 1979-12,鲁迅,False
36500501,鲁迅全集（第一卷）: 坟、热风、呐喊,https://book.douban.com/subject/36500501/,鲁迅 / 人民文学出版社 / 2005-11,鲁迅,False
4822423,“故”事如何“新”编——论中国现代“重写型”小说,https://book.douban.com/subject/4822423/,祝宇红 / 北京大学出版社 / 2010 / 35.00元,鲁迅,False
30816634,文学名家名著：阿Q正传,https://book.douban.com/subject/30816634/,鲁迅 / 中国华侨出版社 / 22.00元,鲁迅,False
25756406,伪自由书,https://book.douban.com/subject/25756406/,鲁迅 著 / 译林出版社 / 2013-11-1 / 12.80,鲁迅,False
1809913,鲁迅前期文本中的个人观念,https://book.douban.com/subject/1809913/,汪卫东 / 人民文学出版社 / 2006-4 / 20.00元,鲁迅,False
34786151,“同路人”之上：鲁迅后期思想、文学与托洛茨基研究,https://book.douban.com/subject/34786151/,杨姿 / 上海三联书店 / 2019-7 / 68,鲁迅,False
1468906,二心集,https://book.douban.com/subject/1468906/,鲁迅 / 人民文学出版社 / 1973 / 0.44元,鲁迅,False
30229225,鲁迅影集（1881-1936）,https://book.douban.com/subject/30229225/,黄乔生 / 人民文学出版社 / 2018-5-20 / 166.00元,鲁迅,False
3848878,鲁迅著译编年全集,https://book.douban.com/subject/3848878/,鲁迅 / 王世家 (编者)、止庵 (编者) / 人民出版社 / 2009-7 / 800.00元,鲁迅,False
11524204,围城,https://book.douban.com/subject/11524204/,钱锺书 / 人民文学出版社 / 1991-2-1 / 39.00元,钱钟书,False
27070488,围城,https://book.douban.com/subject/27070488/,钱锺书 / 人民文学出版社 / 2017-6 / 36.00,钱钟书,False
1006781,七缀集,https://book.douban.com/subject/1006781/,钱锺书 / 生活·读书·新知三联书店 / 2002-6 / 12.00元,钱钟书,False
1058679,人·兽·鬼,https://book.douban.com/subject/1058679/,钱锺书 / 生活·读书·新知三联书店 / 2002-5 / 10.00元,钱钟书,False
1008145,围城,https://book.douban.com/subject/1008145/,钱锺书 / 人民文学出版社 / 1991-2 / 19.00,钱钟书,False
36548421,钱锺书杨绛亲友书札,https://book.douban.com/subject/36548421/,吴学昭 整理 翻译 注释、杨绛、钱钟书 / 生活·读书·新知三联书店 / 2024-6 / 86.00元,钱钟书,False
36369532,我们仨: 二十周年纪念本,https://book.douban.com/subject/36369532/,杨绛 / 生活·读书·新知三联书店 / 2023-7 / 39.00元,钱钟书,False
25963061,槐聚心史: 錢鍾書的自我及其微世界,https://book.douban.com/subject/25963061/,汪榮祖 / 臺大出版中心 / 2014-8 / NT$350,钱钟书,False
26259067,干校六记,https://book.douban.com/subject/26259067/,杨绛 / 生活·读书·新知三联书店 / 2015-4-1 / 26.00元,钱钟书,False
35062703,晚年钱锺书,https://book.douban.com/subject/35062703/,钱之俊 / 北岳文艺出版社 / 2020-4,钱钟书,False
37062484,围城艺术谭,https://book.douban.com/subject/37062484/,韩石山 / 文汇出版社 / 2024-8 / 68.00,钱钟书,False
2240482,走到人生边上: 自问自答,https://book.douban.com/subject/2240482/,杨绛 / 商务印书馆 / 2007-8 / 16.00元,钱钟书,False
1070985,钱锺书散文,https://book.douban.com/subject/1070985/,钱锺书 / 浙江文艺出版社 / 1997-07 / 26.00元,钱钟书,False
1494940,围城,https://book.douban.com/subject/1494940/,钱钟书 / 人民文学出版社 / 1991-02-01 / 3.55,钱钟书,False
2988970,谈艺录,https://book.douban.com/subject/2988970/,钱锺书 / 生活·读书·新知三联书店 / 2007-12 / 52.00元,钱钟书,False
1078250,洗澡,https://book.douban.com/subject/1078250/,杨绛 / 人民文学出版社 / 2004-01 / 16.00,钱钟书,False
4733014,围城,https://book.douban.com/subject/4733014/,钱锺书 / 人民文学出版社 / 1991-3,钱钟书,False
1054600,人・兽・鬼,https://book.douban.com/subject/1054600/,钱钟书 / 中国华侨出版社 / 1999-7 / 9.8,钱钟书,False
1129683,写在人生边上,https://book.douban.com/subject/1129683/,钱锺书 / 郑雅丽 / 生活·读书·新知三联书店 / 2003-8 / 13.00元,钱钟书,False
3523063,围城,https://book.douban.com/subject/3523063/,钱钟书 / 人民文学出版社 / 1991-2 / 20.00元,钱钟书,False
30216767,我们仨,https://book.douban.com/subject/30216767/,杨绛 / 生活·读书·新知三联书店 / 2018-6-1 / CNY 28.00,钱钟书,False
1431995,钱锺书英文文集,https://book.douban.com/subject/1431995/,钱锺书 / 外语教学与研究出版社 / 2005 / 43.90元,钱钟书,False
1039540,谈艺录（补订重排本）,https://book.douban.com/subject/1039540/,钱钟书 / 生活·读书·新知三联书店 / 2001-4 / 98.00元,钱钟书,False
4054726,围城 / 人·兽·鬼,https://book.douban.com/subject/4054726/,钱锺书 / 生活·读书·新知三联书店 / 2009-11 / 29.50元,钱钟书,False
1051895,七缀集,https://book.douban.com/subject/1051895/,钱锺书 / 上海古籍出版社 / 1994-8-1 / 13.1,钱钟书,False
1318987,一代才子钱钟书,https://book.douban.com/subject/1318987/,汤晏 / 上海人民出版社 / 2005-05 / 26.00元,钱钟书,False
1253312,容安馆札记: 钱锺书手稿集,https://book.douban.com/subject/1253312/,钱锺书 / 商务印书馆 / 2003-7-24 / 388.00元,钱钟书,False
3132511,围城,https://book.douban.com/subject/3132511/,钱钟书 / 人民文学出版社 / 1991-2 / 20.00元,钱钟书,False
1424665,我们的钱瑗,https://book.douban.com/subject/1424665/,杨绛等著 / 生活·读书·新知三联书店 / 2005-9 / 16.00元,钱钟书,False
5290402,管锥编,https://book.douban.com/subject/5290402/,钱钟书 / 中华书局 / 1979年 / 1.45元,钱钟书,False
1000346,七缀集,https://book.douban.com/subject/1000346/,钱钟书 / 生活·读书·新知三联书店 / 2001-01 / 29.00,钱钟书,False
1935587,宋诗选注,https://book.douban.com/subject/1935587/,钱锺书 / 人民文学出版社 / 1958年9月北京第1版 1988年8月湖北第5次印刷 / 2.35,钱钟书,False
1011762,钱钟书传,https://book.douban.com/subject/1011762/,孔庆茂 / 江苏文艺出版社 / 1992-04 / 12.00,钱钟书,False
1017392,钱钟书选集·散文卷，小说诗歌卷,https://book.douban.com/subject/1017392/,钱钟书 / 南海出版公司 / 2001-09 / 55.00元(全2册),钱钟书,False
1214565,围城（软精装）,https://book.douban.com/subject/1214565/,钱钟书 / 2003-8-1 / 26.00,钱钟书,False
1012398,管锥编（全六册）,https://book.douban.com/subject/1012398/,钱钟书 / 生活·读书·新知三联书店 / 2001-1 / 340.00元,钱钟书,False
1291211,干校六记,https://book.douban.com/subject/1291211/,杨绛 / 中国青年出版社 / 2000-07-01 / 8.00,钱钟书,False
1011250,围城,https://book.douban.com/subject/1011250/,钱钟书 / 人民文学出版社 / 2003-01 / 16.80,钱钟书,False
6810074,钱锺书手稿集•中文笔记,https://book.douban.com/subject/6810074/,钱锺书 / 商务印书馆 / 2011-8 / 9000.00元,钱钟书,False
1067305,槐聚诗存,https://book.douban.com/subject/1067305/,钱锺书 / 生活·读书·新知三联书店 / 2002-10 / 12.00,钱钟书,False
35200599,钱钟书的学术人生,https://book.douban.com/subject/35200599/,王水照 / 中华书局 / 2020-11 / 58,钱钟书,False
1016163,围城；人・兽・鬼,https://book.douban.com/subject/1016163/,钱锺书 / 生活·读书·新知三联书店 / 2001-01 / 73.0,钱钟书,False
4912688,干校六记,https://book.douban.com/subject/4912688/,杨绛 / 生活·读书·新知三联书店 / 2010-7 / 16.00元,钱钟书,False
1066492,槐聚诗存,https://book.douban.com/subject/1066492/,钱钟书 / 生活·读书·新知三联书店 / 1995-03 / 9.8,钱钟书,False
1771182,钱钟书文集,https://book.douban.com/subject/1771182/,钱钟书 / 江西高校出版社 / 2003 / 39.8元,钱钟书,False
1831012,围城（高中部分）,https://book.douban.com/subject/1831012/,钱钟书 / 人民文学出版社 / 1991-2 / 18.00元,钱钟书,False
1367690,我們仨,https://book.douban.com/subject/1367690/,楊絳 / 牛津大學出版社 / 2003 / NT$ 220,钱钟书,False
1017165,钱钟书杨绛散文,https://book.douban.com/subject/1017165/,钱钟书、杨绛 / 中国广播电视出版社 / 1997-01 / 28.00,钱钟书,False
1083800,围城: FORTRESS BESIEGED,https://book.douban.com/subject/1083800/,Zhongshu A. Qian / JEANNE KELLY  & NATHAN K. MAO / 人民文学出版社 / 2003-10 / 65.00元,钱钟书,False
1072899,石语,https://book.douban.com/subject/1072899/,钱钟书 / 中国社会科学出版社 / 1996-01 / 10.00,钱钟书,False
37077202,九诗心: 暗夜里的文学启明,https://book.douban.com/subject/37077202/,黄晓丹 / 上海三联书店 / 2024-11 / 79元,诗词,False
37193872,诗词中国,https://book.douban.com/subject/37193872/,王蒙 / 江苏人民出版社 / 2025-3-1 / 118.00元,诗词,False
1878495,拜伦诗选,https://book.douban.com/subject/1878495/,拜伦 / 查良铮 / 上海译文出版社 / 1982.02 / 1.28,诗词,False
30247637,唐诗选注,https://book.douban.com/subject/30247637/,葛兆光 / 中华书局 / 2018-6 / 36.00元,诗词,False
35501279,在春天走进果园: 鲁米经典,https://book.douban.com/subject/35501279/,[波斯] 鲁米 / 梁永安 / 湖南文艺出版社 / 2021-7-1 / 69.8,诗词,False
4844390,毛泽东诗词欣赏,https://book.douban.com/subject/4844390/,周振甫 / 中华书局 / 2010-4-1 / 20.00元,诗词,False
36086670,跨山海 : 14位古代诗词偶像的真实人生,https://book.douban.com/subject/36086670/,《千古风流人物》项目组 / 大象出版社 / 2022-9 / 88元,诗词,False
1013267,唐诗三百首,https://book.douban.com/subject/1013267/,蘅塘退士、陈婉俊 / 中华书局 / 1984-07-01 / 0.65,诗词,False
4821760,蔣捷詞校注,https://book.douban.com/subject/4821760/,(宋) 蒋捷 / 杨景龙 注解 / 中华书局 / 2010-5 / 36.00元,诗词,False
37031657,唐诗光明顶: 六神磊磊唐诗三部曲2,https://book.douban.com/subject/37031657/,王晓磊（六神磊磊） / 文汇出版社 / 2024-10 / 68.00元,诗词,False
36430237,叶嘉莹论苏轼词,https://book.douban.com/subject/36430237/,叶嘉莹 / 四川人民出版社 / 2023-6 / 68.00,诗词,False
36931113,香尘灭: 宋词与宋人,https://book.douban.com/subject/36931113/,李让眉 / 浙江古籍出版社 / 2024-5 / 72.00,诗词,False
30331786,毛澤東詩詞全編鑒賞（增訂本）,https://book.douban.com/subject/30331786/,吴正裕 [主编]、李捷 [副主编]、陈晋 [副主编] / 香港中和出版公司 / 2018-7-30 / HK$ 198.00,诗词,False
34996974,戴老师魔性诗词课,https://book.douban.com/subject/34996974/,戴建业 / 北京联合出版公司 / 2020-5 / 48.00元,诗词,False
34463612,唐诗百话,https://book.douban.com/subject/34463612/,施蛰存 著 / 上海人民出版社 / 2019-8 / 88.00,诗词,False
36948991,许渊冲译苏东坡诗词,https://book.douban.com/subject/36948991/,许渊冲、湘人彭二 / 中译出版社 / 2024-7-1 / 59,诗词,False
37113631,知否知否应是人间清照,https://book.douban.com/subject/37113631/,为你读诗、湘人彭二、符殊、邱邱 / 湖南文艺出版社 / 2025-2-17 / 59.80元,诗词,False
37143589,红豆生南国，王维最相思,https://book.douban.com/subject/37143589/,董领、北册 / 湖南文艺出版社 / 2025-2-14 / 59.80元,诗词,False
37242052,跨山海Ⅱ：12位古代诗词偶像图鉴,https://book.douban.com/subject/37242052/,《千古风流人物》项目组 / 河南文艺出版社 / 2025-2 / 78.00元,诗词,False
25850509,李白诗集新注,https://book.douban.com/subject/25850509/,管士光 / 上海三联书店 / 2014-3 / 88.00元,诗词,False
1856285,人生若只如初见: 古典诗词的美丽与哀愁,https://book.douban.com/subject/1856285/,安意如 / 天津教育出版社 / 2006-8 / 23.80元,诗词,False
25793097,唐诗鉴赏辞典（新一版）,https://book.douban.com/subject/25793097/,俞平伯 / 上海辞书出版社 / 2013-8 / 98.00元,诗词,False
26183860,学诗浅说,https://book.douban.com/subject/26183860/,瞿蜕园、周紫宜 / 当代中国出版社 / 2016-6 / 30.00元,诗词,False
3521094,魏文帝集全译,https://book.douban.com/subject/3521094/,曹丕 / 贵州人民出版社 / 2009-3-1 / 49.80元,诗词,False
25881958,人间词话七讲,https://book.douban.com/subject/25881958/,叶嘉莹 / 北京大学出版社 / 2014-5 / 39.00元,诗词,False
3067188,词学新诠,https://book.douban.com/subject/3067188/,叶嘉莹 / 北京大学出版社 / 2008-4 / 25.00元,诗词,False
21322586,毛泽东诗传,https://book.douban.com/subject/21322586/,汪建新 / 中国工人出版社; / 2013-2 / 39.80元,诗词,False
34785038,楚辞: （全二册）,https://book.douban.com/subject/34785038/,屈原等 / 插图：傅抱石等 / 三秦出版社 / 2019-8-7 / 118,诗词,False
3039822,读诗常识,https://book.douban.com/subject/3039822/,吴丈蜀 / 上海古籍出版社 / 1982 / 0.33,诗词,False
26658224,彊村语业笺注,https://book.douban.com/subject/26658224/,朱孝臧  著、白敦仁  笺注、朱祖谋 / 浙江古籍出版社 / 2015 / 140.00元,诗词,False
36218561,我认识的唐朝诗人,https://book.douban.com/subject/36218561/,陈尚君 / 中华书局 / 2023-3 / 56.00元,诗词,False
33432861,不吼不叫，穷养男孩的100个细节(一本专为男孩家庭打造的教子全书，将“穷养”的教育理念和教育智慧融入教育男孩的每个细节中，培养了不起的男孩，成就他一生的幸福！),https://book.douban.com/subject/33432861/,晓丹 / 中国妇女出版社 / 32.8元,诗词,False
35054503,古诗十九首集释,https://book.douban.com/subject/35054503/,隋树森 / 中华书局 / 2020-6 / 24,诗词,False
36684347,杜甫诗歌全集英译(十卷）,https://book.douban.com/subject/36684347/,赵彦春、 译注 / 上海外语教育出版社,诗词,False
4289903,悦心集: 中华文化大讲堂书系,https://book.douban.com/subject/4289903/,雍正 / 中国华侨出版社 / 2010-3 / 29.80元,诗词,False
34942549,鲜衣怒马少年时-唐宋诗人的诗酒江湖,https://book.douban.com/subject/34942549/,少年怒马 著、博集天卷 出品 / 湖南文艺出版社 / 49元,诗词,False
1391602,王安石集,https://book.douban.com/subject/1391602/,王安石 / 山西古籍出版社 / 2004-10 / 10.0,诗词,False
27204933,古诗词课,https://book.douban.com/subject/27204933/,叶嘉莹 / 生活·读书·新知三联书店 / 2018-1 / 58.00,诗词,False
36284275,诗歌名物百例,https://book.douban.com/subject/36284275/,扬之水 / 生活·读书·新知三联书店、生活书店出版有限公司 / 2024-1 / 298.00元,诗词,False
31320809,四库全书：唐人万首绝句选,https://book.douban.com/subject/31320809/,王士禛 / 中国书店 / 2018-8 / 62.40元,诗词,False
37155021,开元霓裳楼：千机算,https://book.douban.com/subject/37155021/,李莎 / 布克文化 / 2024-12-14,诗词,False
1908517,思无邪: 追绎前生的记忆,https://book.douban.com/subject/1908517/,安意如 / 天津教育出版社 / 2006-10 / 23.80元,诗词,False
26935106,元好问词评析,https://book.douban.com/subject/26935106/,姚奠中 / 商务印书馆 / 2016-10 / 59.00,诗词,False
35219675,阶梯图书馆（全40册）: 小学生通识教育读库,https://book.douban.com/subject/35219675/,[法] 娜塔莎·沙伊德豪尔、[法] 文森特·考特 等 / 张昕 等 / 中信出版集团 / 2020-9 / 399.00元,诗词,False
1076598,宋诗选注,https://book.douban.com/subject/1076598/,钱钟书 / 生活·读书·新知三联书店 / 2002-5 / 45.00元,诗词,False
1891556,唐诗别裁集（全二册）,https://book.douban.com/subject/1891556/,[清] 沈德潜  编 / 上海古籍出版社 / 1979-1 / 49.00元,诗词,False
35635378,中国人的规矩,https://book.douban.com/subject/35635378/,刘一达 / 东方出版社 / 2021-10 / 68.00元,诗词,False
36310629,姜白石词编年笺校（精装）,https://book.douban.com/subject/36310629/,[宋] 姜夔 著，夏承焘笺 校 / 上海古籍出版社 / 2023-3 / 82元,诗词,False
37183375,杨樱与果果的故事: Magical Journeys In Flow,https://book.douban.com/subject/37183375/,叶乔、地气（插画/板式设计） / 上海文化出版社 / 2024-10 / 128.00元,诗词,False
3056096,诗词散论,https://book.douban.com/subject/3056096/,缪钺 / 陕西师范大学出版社 / 2008-5 / 29.80元,诗词,False
36872349,象棋的故事,https://book.douban.com/subject/36872349/,[奥]斯蒂芬·茨威格 / 沈锡良 / 江苏凤凰文艺出版社 / 2024-4-30 / 39.80元,茨威格,False
27615361,昨日的世界: 一个欧洲人的回忆,https://book.douban.com/subject/27615361/,[奥] 斯特凡·茨威格 / 徐友敬 / 上海译文出版社 / 2018-7 / 49.00元,茨威格,False
34434342,人类群星闪耀时: 十四篇历史特写,https://book.douban.com/subject/34434342/,[奥]斯蒂芬·茨威格 / 姜乙 / 上海文艺出版社 / 2019-7 / 49.00元,茨威格,False
26787222,斯·茨威格中短篇小说选,https://book.douban.com/subject/26787222/,斯·茨威格 (Stefan Zweig) / 张玉书 / 人民文学出版社 / 2016-6-1 / CNY 36.00,茨威格,False
4238162,昨日的世界: 一个欧洲人的回忆,https://book.douban.com/subject/4238162/,[奥]斯蒂芬·茨威格 / 舒昌善 / 生活·读书·新知三联书店 / 2010-4 / 29.80元,茨威格,False
27591677,昨日的世界: 一个欧洲人的回忆,https://book.douban.com/subject/27591677/,斯蒂芬·茨威格 / 吴秀杰 / 民主与建设出版社 / 2017-9 / 48.00,茨威格,False
26828753,一个陌生女人的来信,https://book.douban.com/subject/26828753/,[奥] 斯特凡·茨威格 / 韩耀成 / 上海译文出版社 / 2016-10 / 32.00,茨威格,False
36848263,一个陌生女人的来信,https://book.douban.com/subject/36848263/,(奥) 斯蒂芬·茨威格 / 庞文薇 / 湖南文艺出版社 / 2024-7 / 52元,茨威格,False
27039531,良知对抗暴力: 卡斯泰利奥对抗加尔文,https://book.douban.com/subject/27039531/,[奥地利] 斯蒂芬·茨威格 / 舒昌善 / 生活·读书·新知三联书店 / 2017-8 / 58.00,茨威格,False
33805507,一个陌生女人的来信,https://book.douban.com/subject/33805507/,斯·茨威格 / 张玉书 / 人民文学出版社 / 2019-6 / 42.00元,茨威格,False
37003489,人类群星闪耀时（茨威格传记作品代表作）,https://book.douban.com/subject/37003489/,斯蒂芬·茨威格（Stefan Zweig） 著、博集天卷 出品 / 文泽尔 / 湖南文艺出版社 / 2024-9 / 56,茨威格,False
37092931,一个陌生女人的来信: 茨威格中短篇小说精选,https://book.douban.com/subject/37092931/,[奥地利] 斯蒂芬·茨威格 / 韩耀成 / 译林出版社 / 2024-11 / 39.00元,茨威格,False
36909965,一位陌生女子的來信: 茨威格中短篇小說精選,https://book.douban.com/subject/36909965/,史蒂芬·茨威格 / 楊植鈞 / 時報出版 / 2024-6-14 / NT$ 380,茨威格,False
37016463,人类的群星闪耀时（2024版）,https://book.douban.com/subject/37016463/,斯蒂芬·茨威格 / 吴秀杰 / 九州出版社 / 2024-9 / 66.00元,茨威格,False
2154960,一个陌生女人的来信,https://book.douban.com/subject/2154960/,[奥] 斯蒂芬·茨威格 / 张玉书 / 上海译文出版社 / 2007-7 / 20.00元,茨威格,False
36246525,人类群星闪耀时（原版全译本）,https://book.douban.com/subject/36246525/,[奥]斯蒂芬·茨威格 / 亦言 / 中国友谊出版公司 / 2021-5 / 29.80,茨威格,False
33445299,三大师,https://book.douban.com/subject/33445299/,[奥地利] 斯蒂芬·茨威格 / 张玉书 / 人民文学出版社 / 2020-1 / 36.00元,茨威格,False
10566787,良知对抗暴力: 卡斯特里奥对抗加尔文,https://book.douban.com/subject/10566787/,斯蒂芬•茨威格 / 舒昌善 / 生活·读书·新知三联书店 / 2012-3 / 29.80元,茨威格,False
36081605,人类群星闪耀时,https://book.douban.com/subject/36081605/,[奥] 斯蒂芬·茨威格 / 高中甫、潘子立 / 译林出版社 / 2024-1 / 59.00元,茨威格,False
26394190,鹿特丹的伊拉斯谟: 辉煌与悲情,https://book.douban.com/subject/26394190/,[奥] 斯蒂芬·茨威格 / 舒昌善 / 生活·读书·新知三联书店 / 2016-4 / 35,茨威格,False
3320904,蒙田,https://book.douban.com/subject/3320904/,[奥地利] 斯蒂芬·茨威格 / 舒昌善 / 生活·读书·新知三联书店 / 2008-12 / 18.00,茨威格,False
37172672,断头王后: 玛丽·安托奈特传,https://book.douban.com/subject/37172672/,【奥】斯蒂芬·茨威格 / 钟皓楠 / 广东旅游出版社 / 2025-3 / 56.00元,茨威格,False
27124581,人类群星闪耀时（全本）,https://book.douban.com/subject/27124581/,[奥] 斯蒂芬·茨威格 / 高中甫、潘子立 / 新星出版社 / 2017-8 / 42.00元,茨威格,False
1191019,麦哲伦传,https://book.douban.com/subject/1191019/,（奥）茨威格 / 曹继荣 / 海燕出版社 / 2001-3 / 16.00元,茨威格,False
1024060,国际象棋的故事,https://book.douban.com/subject/1024060/,（奥）斯蒂芬・茨威格 / 韩耀成 / 浙江文艺出版社 / 2000-12 / 7.30元,茨威格,False
26828750,艾利卡·埃瓦尔德之恋,https://book.douban.com/subject/26828750/,[奥] 斯特凡·茨威格 / 高中甫 等 / 上海译文出版社 / 2016-10 / 32,茨威格,False
27056404,三作家传: 卡萨诺瓦，司汤达，托尔斯泰,https://book.douban.com/subject/27056404/,[奥] 斯特凡·茨威格 / 关惠文 / 上海译文出版社 / 2017-11-30 / 38,茨威格,False
27115967,玛利亚·斯图亚特传,https://book.douban.com/subject/27115967/,(奥) 斯·茨威格 / 章鹏高 / 人民文学出版社 / 2019-6 / 49.00元,茨威格,False
26745030,陌生女人的来信,https://book.douban.com/subject/26745030/,【奥】斯蒂芬·茨威格 / 沈锡良 / 云南人民出版社 / 2016-4 / 32.00元,茨威格,False
27037087,断头王后：玛丽·安托瓦内特传,https://book.douban.com/subject/27037087/,[奥] 斯蒂芬·茨威格 / 张玉书 / 人民文学出版社 / 2017-4-1 / CNY 48.00,茨威格,False
26352569,茨威格文集,https://book.douban.com/subject/26352569/,[奥] 茨威格 / 张玉书 / 中央编译出版社 / 2015-6 / 188.00,茨威格,False
6126822,心灵的焦灼,https://book.douban.com/subject/6126822/,[奥]斯台芬·茨威格 / 张玉书 / 上海译文出版社 / 2011-7-1 / 32.00元,茨威格,False
1123546,一个陌生女人的来信,https://book.douban.com/subject/1123546/,茨威格 / 高中甫 / 北京燕山出版社 / 2003-7-1 / 19.00元,茨威格,False
1817641,断头女王,https://book.douban.com/subject/1817641/,斯蒂芬·茨威格 / 赵燮生 / 长江文艺出版社 / 2010-10 / 19.00元,茨威格,False
1065485,玛丽·斯图亚特: 苏格兰女王的悲剧,https://book.douban.com/subject/1065485/,[奥] 斯蒂芬·茨威格 / 候焕闳 / 生活·读书·新知三联书店 / 1996-3 / 18.80,茨威格,False
24700640,象棋的故事: 象棋的故事,https://book.douban.com/subject/24700640/,[奥]斯蒂芬•茨威格 / 韩耀成 / 陕西师范大学出版社 / 2013-5 / 25.00元,茨威格,False
1320521,一个陌生女人的来信: 茨威格中短篇小说经典,https://book.douban.com/subject/1320521/,茨威格 / 张玉书 / 上海社会科学院出版社 / 2005-5 / 23.00元,茨威格,False
1072363,人类群星闪耀时,https://book.douban.com/subject/1072363/,[奥]斯蒂芬·茨威格 / 彭浩容 / 中国言实出版社 / 2004-9-1 / 29.80,茨威格,False
26335337,昨日世界: 一个欧洲人的回忆,https://book.douban.com/subject/26335337/,[奥] 茨威格 / 张玉书 / 人民文学出版社 / 2015-4 / 39.00元,茨威格,False
1902852,一个女人一生中的24小时,https://book.douban.com/subject/1902852/,[奧] 斯蒂芬·茨威格 / 高中甫、韩耀成 等 / 百花文艺出版社 / 1982 / 12.8,茨威格,False
2066292,异端的权利,https://book.douban.com/subject/2066292/,斯蒂芬·茨威格 / 任晓晋、方红、尹锐 / 光明日报出版社 / 2007-04-01 / 18.00元,茨威格,False
1004063,永不安宁的心,https://book.douban.com/subject/1004063/,〔奥〕茨威格 / 张玉书 / 华艺出版社 / 2004-7-1 / 25.00,茨威格,False
1053246,象棋的故事,https://book.douban.com/subject/1053246/,茨威格(奥地利) / 高中甫 / 北京燕山出版社 / 2000-12 / 15.00,茨威格,False
20393646,一个陌生女人的来信,https://book.douban.com/subject/20393646/,[奥] 斯台芬·茨威格 / 张玉书 / 上海译文出版社 / 2012-12 / 26.00元,茨威格,False
20273057,象棋的故事,https://book.douban.com/subject/20273057/,[奥] 斯台芬·茨威格 / 张玉书 / 上海译文出版社 / 2012-11 / 23.00元,茨威格,False
1035997,与魔鬼作斗争: 荷尔德林、克莱斯特、尼采,https://book.douban.com/subject/1035997/,斯蒂芬·茨威格 / 徐畅 / 西苑出版社 / 1998-1 / 16.00元,茨威格,False
1024265,一个女人一生中的二十四小时,https://book.douban.com/subject/1024265/,（奥）斯台芬・茨威格 / 张玉书 / 华夏出版社 / 15.00,茨威格,False
19963460,与魔鬼作斗争: 荷尔德林、克莱斯特、尼采,https://book.douban.com/subject/19963460/,(奥)斯蒂芬·茨威格 / 徐畅 / 译林出版社 / 2013-2 / 28.80元,茨威格,False
1063769,异端的权利,https://book.douban.com/subject/1063769/,（奥）斯蒂芬・茨威格 / 张澜 / 希望出版社 / 2004-12 / 38.00,茨威格,False
6152975,一个女人一生中的二十四小时,https://book.douban.com/subject/6152975/,[奥]斯台芬·茨威格 / 高中甫 等 / 人民文学出版社 / 2011-4 / 29.80元,茨威格,False
35914071,身份,https://book.douban.com/subject/35914071/,米兰·昆德拉 / 董强 / 上海译文出版社 / 2022-9 / 50.00,米兰·昆德拉,False
35914064,笑忘录,https://book.douban.com/subject/35914064/,米兰·昆德拉 / 王东亮 / 上海译文出版社 / 2022-9 / 75.00,米兰·昆德拉,False
35914066,不朽,https://book.douban.com/subject/35914066/,米兰·昆德拉 / 王振孙、郑克鲁 / 上海译文出版社 / 2022-9 / 79.00,米兰·昆德拉,False
35914069,好笑的爱,https://book.douban.com/subject/35914069/,米兰·昆德拉 / 余中先、郭昌京 / 上海译文出版社 / 2022-9 / 72.00,米兰·昆德拉,False
1037954,告别圆舞曲,https://book.douban.com/subject/1037954/,[捷克] 米兰·昆德拉 / 余中先 / 上海译文出版社 / 2004-04 / 20.00,米兰·昆德拉,False
5917968,慢,https://book.douban.com/subject/5917968/,米兰·昆德拉 / 马振骋 / 上海译文出版社 / 2011-1 / 19.00元,米兰·昆德拉,False
35914070,生活在别处,https://book.douban.com/subject/35914070/,米兰·昆德拉 / 袁筱一 / 上海译文出版社 / 2022-9 / 75.00,米兰·昆德拉,False
1017143,不能承受的生命之轻,https://book.douban.com/subject/1017143/,[捷克] 米兰·昆德拉 / 许钧 / 上海译文出版社 / 2003-7 / 23.00元,米兰·昆德拉,False
35764760,慢,https://book.douban.com/subject/35764760/,[法] 米兰·昆德拉 / 马振骋 / 上海译文出版社 / 2022-4-30 / 42.00,米兰·昆德拉,False
35914067,帷幕,https://book.douban.com/subject/35914067/,米兰·昆德拉 / 董强 / 上海译文出版社 / 2022-9 / 58.00,米兰·昆德拉,False
1060117,不朽,https://book.douban.com/subject/1060117/,[捷克] 米兰·昆德拉 / 王振孙、郑克鲁 / 上海译文出版社 / 2003-06 / 24.00元,米兰·昆德拉,False
35285924,米兰·昆德拉: 一种作家人生,https://book.douban.com/subject/35285924/,[法] 让-多米尼克·布里埃 / 刘云虹、许钧 / 南京大学出版社 / 2021-1 / 68.00元,米兰·昆德拉,False
1013225,生活在别处,https://book.douban.com/subject/1013225/,[捷克] 米兰·昆德拉 / 袁筱一 / 上海译文出版社 / 2004-5 / 25.00元,米兰·昆德拉,False
1052828,玩笑,https://book.douban.com/subject/1052828/,[捷克] 米兰·昆德拉 / 蔡若明 / 上海译文出版社 / 2003-6 / 24.00,米兰·昆德拉,False
1876746,帷幕,https://book.douban.com/subject/1876746/,[捷克] 米兰·昆德拉 / 董强 / 上海译文出版社 / 2006-9 / 18.00元,米兰·昆德拉,False
1023709,被背叛的遗嘱,https://book.douban.com/subject/1023709/,米兰·昆德拉 / 余中先 / 上海译文出版社 / 2003-02 / 17.00元,米兰·昆德拉,False
1433381,生活在别处,https://book.douban.com/subject/1433381/,[捷] 米兰·昆德拉 / 景凯旋、景黎明 / 作家出版社 / 1989-1 / 3.05元,米兰·昆德拉,False
1063796,小说的艺术,https://book.douban.com/subject/1063796/,[捷克] 米兰·昆德拉 / 董强 / 上海译文出版社 / 2004-08 / 17.00元,米兰·昆德拉,False
5917736,不朽,https://book.douban.com/subject/5917736/,米兰·昆德拉 / 王振孙、郑克鲁 / 上海译文出版社 / 2011-1 / 32.00元,米兰·昆德拉,False
1449451,为了告别的聚会,https://book.douban.com/subject/1449451/,[捷] 米兰·昆德拉 / 景凯旋、徐乃健 / 作家出版社 / 1987-8 / 1.75元,米兰·昆德拉,False
5918057,玩笑,https://book.douban.com/subject/5918057/,米兰·昆德拉 / 蔡若明 / 上海译文出版社 / 2011-1 / 32.00元,米兰·昆德拉,False
5917968,慢,https://book.douban.com/subject/5917968/,米兰·昆德拉 / 马振骋 / 上海译文出版社 / 2011-1 / 19.00元,米兰·昆德拉,False
5918007,好笑的爱,https://book.douban.com/subject/5918007/,[捷克] 米兰·昆德拉 / 余中先、郭昌京 / 上海译文出版社 / 2011-1 / 29.00元,米兰·昆德拉,False
1023709,被背叛的遗嘱,https://book.douban.com/subject/1023709/,米兰·昆德拉 / 余中先 / 上海译文出版社 / 2003-02 / 17.00元,米兰·昆德拉,False
26877993,不能承受的生命之轻（新）,https://book.douban.com/subject/26877993/,[捷克] 米兰·昆德拉 / 许钧 / 上海译文出版社 / 2017-1-1 / CNY 39.00,米兰·昆德拉,False
25900388,生活在别处,https://book.douban.com/subject/25900388/,[捷克] 米兰·昆德拉 / 袁筱一 / 上海译文出版社 / 2014-6 / 45.00,米兰·昆德拉,False
1394427,不朽,https://book.douban.com/subject/1394427/,(捷)米兰·昆德拉 / 宁敏 / 作家出版社 / 1991 / 4.75,米兰·昆德拉,False
5917945,无知,https://book.douban.com/subject/5917945/,米兰·昆德拉 / 许钧 / 上海译文出版社 / 2011-1 / 20.00元,米兰·昆德拉,False
1317301,生命中不能承受之輕,https://book.douban.com/subject/1317301/,米兰·昆德拉、Milan Kundera / 韩少功、韩刚 / 時報文化 / 1988/11/15 / 24元,米兰·昆德拉,False
5917720,告别圆舞曲,https://book.douban.com/subject/5917720/,米兰·昆德拉(Milan Kundera) / 余中先 / 上海译文出版社 / 2011-1-1 / 28.00元,米兰·昆德拉,False
5918375,小说的艺术,https://book.douban.com/subject/5918375/,米兰·昆德拉 / 董强 / 上海译文出版社 / 2011-1 / 21.00元,米兰·昆德拉,False
30355939,笑忘录,https://book.douban.com/subject/30355939/,[法]米兰·昆德拉 / 王东亮 / 上海译文出版社 / 2019-3 / 55.00,米兰·昆德拉,False
1361931,笑忘書,https://book.douban.com/subject/1361931/,米蘭·昆德拉、[捷克] 米兰·昆德拉 / 尉遲秀 / 皇冠 / 2002-3 / 新台币240元,米兰·昆德拉,False
1547222,生命中不能承受之轻,https://book.douban.com/subject/1547222/,米兰·昆德拉(Milan Kundera) / 韩少功 / 敦煌文艺出版社 / 2000年 / 14.80,米兰·昆德拉,False
25902728,不朽,https://book.douban.com/subject/25902728/,[捷克] 米兰·昆德拉 / 王振孙、郑克鲁 / 上海译文出版社 / 2015-1-1 / 49.00元,米兰·昆德拉,False
1018902,小说的艺术,https://book.douban.com/subject/1018902/,米兰.昆德拉(捷) / 孟湄 / 生活·读书·新知三联书店 / 1995-11 / 5.80,米兰·昆德拉,False
25900973,告别圆舞曲,https://book.douban.com/subject/25900973/,[捷克] 米兰·昆德拉 / 余中先 / 上海译文出版社 / 2014-6 / 40.00,米兰·昆德拉,False
25900374,无知,https://book.douban.com/subject/25900374/,[捷克] 米兰·昆德拉 / 许钧 / 上海译文出版社 / 2014-6 / 32.00,米兰·昆德拉,False
1915837,玩笑,https://book.douban.com/subject/1915837/,米兰・昆德拉 / 景黎明、景凯旋 / 作家出版社 / 1991-2 / 4.00 元,米兰·昆德拉,False
5917726,被背叛的遗嘱,https://book.douban.com/subject/5917726/,米兰·昆德拉 / 余中先 / 上海译文出版社 / 2011-1 / 27.00元,米兰·昆德拉,False
25900377,身份,https://book.douban.com/subject/25900377/,[捷克] 米兰·昆德拉 / 邱瑞銮、董强 / 上海译文出版社 / 2014-6 / 32.00,米兰·昆德拉,False
2076095,被背叛的遗嘱,https://book.douban.com/subject/2076095/,(法)米兰·昆德拉 / 孟湄 / 上海人民出版社 / 1995年12月 / 13,米兰·昆德拉,False
5917733,帷幕,https://book.douban.com/subject/5917733/,[捷克] 米兰·昆德拉 / 董强 / 上海译文出版社 / 2011-1-1 / 22.00元,米兰·昆德拉,False
25900369,慢,https://book.douban.com/subject/25900369/,[捷克] 米兰·昆德拉 / 马振骋 / 上海译文出版社 / 2014-8 / 30.00,米兰·昆德拉,False
25900376,玩笑,https://book.douban.com/subject/25900376/,[捷克] 米兰·昆德拉 / 蔡若明 / 上海译文出版社 / 2014-6 / 48.00元,米兰·昆德拉,False
25900366,小说的艺术,https://book.douban.com/subject/25900366/,米兰·昆德拉 / 董强 / 上海译文出版社 / 2014-6 / 33.00,米兰·昆德拉,False
5918367,身份,https://book.douban.com/subject/5918367/,米兰·昆德拉 / 董强 / 上海译文出版社 / 2011-1 / 20.00元,米兰·昆德拉,False
25900365,好笑的爱,https://book.douban.com/subject/25900365/,[捷克] 米兰·昆德拉 / 余中先、郭昌京 / 上海译文出版社 / 2014-6 / 42.00元,米兰·昆德拉,False
1781177,缓慢,https://book.douban.com/subject/1781177/,米兰·昆德拉 / 尉迟秀 / 皇冠 / 2005 / 新台币$180,米兰·昆德拉,False
1068960,阿涅丝的最后一个下午,https://book.douban.com/subject/1068960/,（加拿大）里卡尔 / 袁筱一 / 上海译文出版社 / 2005-01 / 22.00元,米兰·昆德拉,False
25873157,爱，谎言与写作: 杜拉斯影像记,https://book.douban.com/subject/25873157/,[法] 蕾蒂西娅·塞纳克 / 黄荭 / 重庆大学出版社 / 2014-6 / 78.00元,杜拉斯,False
36849670,在欲望之所写作: 玛格丽特·杜拉斯访谈录,https://book.douban.com/subject/36849670/,[法] 玛格丽特·杜拉斯、[法] 米歇尔·波尔特 / 黄荭 / 南京大学出版社 / 2024-7 / 56.00元,杜拉斯,False
1400705,情人,https://book.douban.com/subject/1400705/,[法] 玛格丽特·杜拉斯 / 王道乾 / 上海译文出版社 / 2005-7 / 20.00元,杜拉斯,False
1793713,中国北方的情人,https://book.douban.com/subject/1793713/,[法] 玛格丽特·杜拉斯 / 施康强 / 上海译文出版社 / 2006-5 / 28.00元,杜拉斯,False
3571554,抵挡太平洋的堤坝,https://book.douban.com/subject/3571554/,[法] 玛格丽特·杜拉斯 / 谭立德 / 上海译文出版社 / 2009-3 / 30.00元,杜拉斯,False
36848117,淤泥与纯洁: 寻找杜拉斯,https://book.douban.com/subject/36848117/,户思社 / 中信出版社 / 2024-5 / 79,杜拉斯,False
35993534,"Revisioning Duras: Film, Race, Sex",https://book.douban.com/subject/35993534/,James S. Williams / Liverpool University Press / 2001,杜拉斯,False
4582140,In the Dark Room: Marguerite Duras and cinema,https://book.douban.com/subject/4582140/,Rosanna Maule / Peter Lang / 2009 / USD 79.95,杜拉斯,False
36968703,The Cinema of Marguerite Duras: Multisensoriality and Female Subjectivity,https://book.douban.com/subject/36968703/,Michelle Royer / Edinburgh University Press / 2019-6 / GBP 16.99,杜拉斯,False
30141453,1962-1991 私人文学史: 杜拉斯访谈录,https://book.douban.com/subject/30141453/,[法] 玛格丽特·杜拉斯 / 黄荭、唐洋洋、张亦舒 / 中信出版社 / 2018-5 / 78.00元,杜拉斯,False
3571371,平静的生活: 玛格丽特·杜拉斯作品系列,https://book.douban.com/subject/3571371/,[法]玛格丽特·杜拉斯 / 王文融 / 上海译文出版社 / 2009-3 / 25.00元,杜拉斯,False
1028446,来自中国北方的情人,https://book.douban.com/subject/1028446/,玛格丽特・杜拉斯 / 周国强 / 春风文艺出版社 / 2000-01-01 / 12.00,杜拉斯,False
3571554,抵挡太平洋的堤坝,https://book.douban.com/subject/3571554/,[法] 玛格丽特·杜拉斯 / 谭立德 / 上海译文出版社 / 2009-3 / 30.00元,杜拉斯,False
2003634,情人杜拉斯,https://book.douban.com/subject/2003634/,扬·安德烈亚 / 胡小跃 / 作家出版社 / 2007-1 / 22.00元,杜拉斯,False
3571360,长别离: 玛格丽特·杜拉斯作品系列,https://book.douban.com/subject/3571360/,[法]玛格丽特·杜拉斯 / 陈景亮 / 上海译文出版社 / 2009-3 / 19.00元,杜拉斯,False
1793720,无耻之徒,https://book.douban.com/subject/1793720/,[法] 玛格丽特·杜拉斯 / 桂裕芳 / 上海译文出版社 / 2006-5 / 25.00元,杜拉斯,False
2148464,夏雨,https://book.douban.com/subject/2148464/,(法)玛格丽特·杜拉斯 / 桂裕芳 / 上海译文出版社 / 2007-7 / 22.00元,杜拉斯,False
2216385,扬·安德烈亚·斯泰奈,https://book.douban.com/subject/2216385/,[法]玛格丽特·杜拉斯 / 王文融 / 上海译文出版社 / 2007-8 / 16.00元,杜拉斯,False
1072471,抵挡太平洋的堤坝,https://book.douban.com/subject/1072471/,玛格丽特・杜拉斯 / 张容 / 春风文艺出版社 / 2000-1-1 / 15.00,杜拉斯,False
2053331,外面的世界,https://book.douban.com/subject/2053331/,[法] 玛格丽特·杜拉斯 / 袁筱一 / 作家出版社 / 2007-1 / 28.00元,杜拉斯,False
3571555,直布罗陀水手: 玛格丽特·杜拉斯作品系列,https://book.douban.com/subject/3571555/,[法]玛格丽特·杜拉斯 / 金志平 / 上海译文出版社 / 2009-3 / 30.00元,杜拉斯,False
1013936,写作,https://book.douban.com/subject/1013936/,（法）玛格丽特・杜拉斯 / 曹德明 / 春风文艺出版社 / 2000-01-01 / 11.00,杜拉斯,False
26879325,杜拉斯谈杜拉斯: 悬而未决的激情,https://book.douban.com/subject/26879325/,[意] 莉奥波迪娜·帕洛塔·德拉·托雷 访谈 / 缪咏华 / 广西师范大学出版社 / 2017-12 / 42.00,杜拉斯,False
1062258,平静的生活,https://book.douban.com/subject/1062258/,玛格丽特・杜拉斯 / 俞佳乐 / 春风文艺出版社 / 2000-1-1 / 9.00,杜拉斯,False
1026236,直布罗陀水手,https://book.douban.com/subject/1026236/,杜拉斯 / 边芹 / 春风文艺出版社 / 2000-1-1 / 19.00,杜拉斯,False
3559051,副领事: 玛格丽特·杜拉斯作品系列,https://book.douban.com/subject/3559051/,[法]玛格丽特·杜拉斯 / 王东亮 / 上海译文出版社 / 2009-3 / 26.00元,杜拉斯,False
3551720,情人: L'amant,https://book.douban.com/subject/3551720/,[法] 玛格丽特·杜拉斯 / 王道乾 / 上海译文出版社 / 2005-7-1 / 25.00,杜拉斯,False
4282073,埃米莉·L,https://book.douban.com/subject/4282073/,[法]玛格丽特·杜拉斯 / 王道乾 / 上海译文出版社 / 2010-7 / 21.00元,杜拉斯,False
1986386,玛格丽特·杜拉斯: 真相与传奇,https://book.douban.com/subject/1986386/,阿兰·维尔贡德莱 / 胡小跃 / 作家出版社 / 2007.01 / 46.00元,杜拉斯,False
1022885,毁灭，她说,https://book.douban.com/subject/1022885/,[法] 玛格丽特·杜拉斯 / 马振聘 / 作家出版社 / 1999-10 / 12.00元,杜拉斯,False
3559050,卡车: 玛格丽特·杜拉斯作品系列,https://book.douban.com/subject/3559050/,[法]玛格丽特·杜拉斯 / 马振骋 / 上海译文出版社 / 2009-3 / 20.00元,杜拉斯,False
1006183,副领事,https://book.douban.com/subject/1006183/,杜拉斯、王殿忠、宋学智 / 宋学智 王殿忠 / 春风文艺出版社 / 2000-1-1 / 18.00,杜拉斯,False
2053332,外面的世界II,https://book.douban.com/subject/2053332/,[法] 玛格丽特·杜拉斯 / 黄荭 / 作家出版社 / 2007-1 / 25.00 元,杜拉斯,False
1029209,英国情人,https://book.douban.com/subject/1029209/,玛格丽特・杜拉斯 / 周国强 谭成春 / 春风文艺出版社 / 2000-1 / 12.00,杜拉斯,False
1006983,爱,https://book.douban.com/subject/1006983/,玛格丽特・杜拉斯 / 袁莉 户思社 / 春风文艺出版社 / 2000-01-01 / 11.00,杜拉斯,False
1975351,杜拉斯,https://book.douban.com/subject/1975351/,李亚凡 / 人民文学出版社 / 2006-12 / 29.00元,杜拉斯,False
1031459,劳儿的劫持,https://book.douban.com/subject/1031459/,玛格丽特・杜拉斯 / 王东亮 / 春风文艺出版社 / 2000-01-01 / 9.00,杜拉斯,False
2216396,塔尔奎尼亚的小马,https://book.douban.com/subject/2216396/,[法]玛格丽特·杜拉斯 / 马振骋 / 上海译文出版社 / 2007-7 / 27.00元,杜拉斯,False
1054905,树上的岁月,https://book.douban.com/subject/1054905/,杜拉斯 / 李末 黄芳 刘娟 / 春风文艺出版社 / 2000-01 / 9.00,杜拉斯,False
1021968,厚颜无耻的人,https://book.douban.com/subject/1021968/,杜拉斯、王士元 / 王士元 / 春风文艺出版社 / 2000-01 / 11.00,杜拉斯,False
2053333,女友杜拉斯,https://book.douban.com/subject/2053333/,(法)米榭勒·芒梭、Michèle Manceaux / 胡小跃 / 作家出版社 / 2007-1 / 22.00元,杜拉斯,False
2343931,解读杜拉斯,https://book.douban.com/subject/2343931/,(法)布洛-拉巴雷尔 / 黄荭 / 作家出版社 / 2007-11 / 56.00元,杜拉斯,False
1031729,街心花园,https://book.douban.com/subject/1031729/,玛格丽特・杜拉斯 / 刘和平 韩琳 / 春风文艺出版社 / 2000-01 / 11.00,杜拉斯,False
4219013,成天上树的日子,https://book.douban.com/subject/4219013/,[法]玛格丽特·杜拉斯 / 刘方 / 上海译文出版社 / 2010-08 / 25.00元,杜拉斯,False
1021932,夏日夜晚十点半,https://book.douban.com/subject/1021932/,玛格丽特・杜拉斯 / 苏影 胡小力 / 春风文艺出版社 / 2000-01-01 / 10.00,杜拉斯,False
2266758,情人: 当代法国中篇小说集,https://book.douban.com/subject/2266758/,(法)杜拉斯 / 王道乾 / 上海译文出版社 / 1986-02-01 / 3.00,杜拉斯,False
25861368,广岛之恋,https://book.douban.com/subject/25861368/,[法] 玛格丽特·杜拉斯 / 谭立德 / 上海译文出版社 / 2014-5 / 30.00元,杜拉斯,False
1012616,塔吉尼亚的小马,https://book.douban.com/subject/1012616/,[法]玛格丽特・杜拉斯 / 刘云虹 / 春风文艺出版社 / 2000-1 / 12.00,杜拉斯,False
25873157,爱，谎言与写作: 杜拉斯影像记,https://book.douban.com/subject/25873157/,[法] 蕾蒂西娅·塞纳克 / 黄荭 / 重庆大学出版社 / 2014-6 / 78.00元,杜拉斯,False
5345599,广岛之恋,https://book.douban.com/subject/5345599/,（法）杜拉斯　著，谭立德　译 / 谭立德 / 上海译文出版社 / 2010-10 / 22.00元,杜拉斯,False
36713560,一氣通下上: 清乾隆年間甘肅的蠹捐與冒賑,https://book.douban.com/subject/36713560/,林柏安 / 秀威資訊 / 2024-1 / NTD280,港台,False
36300612,碼頭上的陌生人,https://book.douban.com/subject/36300612/,歐大旭 (Tash Aw) / 宋瑛堂 / 時報出版 / 2023-3,港台,False
35564429,夜行之子: 十周年經典版,https://book.douban.com/subject/35564429/,郭強生 / 聯合文學 / 2021-8-23,港台,False
35392338,社會·作家·文本: 南來文人的香港書寫,https://book.douban.com/subject/35392338/,沈海燕 / 中華書局(香港)有限公司 / 2020-11 / HK$128.00,港台,False
37156840,江山大勢: 1949年國共和平談判,https://book.douban.com/subject/37156840/,羅平漢 / 香港中和出版有限公司 / 2024-11,港台,False
1379409,現實與象徵: 蕭紅「自我」，「女性」，「作家」的身份探尋,https://book.douban.com/subject/1379409/,陳潔儀 / 香港中文大學 / 2005-12 / 113.00元,港台,False
1858974,感傷的旅程: 在香港讀文學,https://book.douban.com/subject/1858974/,陳國球 / 台灣學生書局 / 2003-8 / NT$420,港台,False
35564428,惑鄉之人: 十周年經典版,https://book.douban.com/subject/35564428/,郭強生 / 聯合文學 / 2021-8-23 / NT420,港台,False
36478309,解構薇薇安·邁爾: 保母攝影家不為人知的故事,https://book.douban.com/subject/36478309/,安·馬可思（Ann Marks） / 鄭依如、黃妤萱 / 黑體文化 / 2023-7-19 / NT$750,港台,False
36229967,離散與回歸: 在滿洲的臺灣人（1905-1948）,https://book.douban.com/subject/36229967/,許雪姬、许雪姬 / 左岸文化 / 2023-1,港台,False
37147300,重振西藏文化的密續佛教,https://book.douban.com/subject/37147300/,羅納德·戴維森 / 黃書蓉、陳桂芬、釋若理、陳美靜、洪琬雯 / 法鼓文化 / 2024-12-18 / NTD1000,港台,False
36229834,傳入西藏的中國禪法,https://book.douban.com/subject/36229834/,薩姆・范・謝克 / 黃書蓉 / 法鼓文化 / 2022-12,港台,False
36666227,查泰萊夫人的情人,https://book.douban.com/subject/36666227/,D.H. Lawrence / 饒述一 / 本事 / 2023-12 / HK$180,港台,False
26842035,疊印: 漫步香港文學地景 2,https://book.douban.com/subject/26842035/,香港中文大學香港文學研究中心、李凱琳、張婉雯、鄧小樺、阿三、徐焯賢、鄭政恆、陳德錦、袁兆昌、廖偉棠 / 商務印書館(香港)有限公司 / 2016-7 / HK$ 98.00,港台,False
26842033,疊印: 漫步香港文學地景 1,https://book.douban.com/subject/26842033/,香港中文大學香港文學研究中心、劉偉成、呂永佳、蘇偉柟、梁璇筠、陳子謙、鄒文律、唐睿、陳麗娟、阿修 / 商務印書館(香港)有限公司 / 2016-7 / HK$ 98.00,港台,False
34909881,看小說,https://book.douban.com/subject/34909881/,西西 / 洪範書店 / 2019-12-10 / NTD320,港台,False
35071890,走入亞細安: 臺灣青年在東南亞國家的第一手觀察報導,https://book.douban.com/subject/35071890/,衛城出版,港台,False
36982200,外國古建築二十講(插圖珍藏本)第二版,https://book.douban.com/subject/36982200/,陳志華 / 香港中和出版有限公司 / 2020-8 / HK$188,港台,False
20560844,從漢才到和魂: 日本國學思想的形成與發展,https://book.douban.com/subject/20560844/,王小林 / 聯經出版公司 / 2013-1-14 / NTD550,港台,False
36507259,解讀呂思勉,https://book.douban.com/subject/36507259/,楊照、吕思勉 / 三民書局 / 2023-7-26 / NT$ 570,港台,False
36512326,解讀陳垣,https://book.douban.com/subject/36512326/,楊照、陈垣 / 三民書局 / 2023-7-10,港台,False
3168295,三民主義,https://book.douban.com/subject/3168295/,孫文 / 三民書局 / 2006-3 / NTD 130,港台,False
35343621,被隱藏的眾神: 一段在中東尋找古老智慧的旅程,https://book.douban.com/subject/35343621/,傑拉德.羅素(Gerard Russell) / 葉品岑 / 八旗文化 / 2021-3-4 / NTD540,港台,False
36052367,中日文學之間: 鄭清茂論著集,https://book.douban.com/subject/36052367/,鄭清茂 / 聯經出版公司 / 2022-10-27 / NTD680,港台,False
25943053,平家物語（下）,https://book.douban.com/subject/25943053/,鄭清茂/譯注 / 洪範 / 2014-8-8 / NT480,港台,False
5371332,易傳廣玩-文史哲學集成,https://book.douban.com/subject/5371332/,林汉仕 / 文史哲出版社 / 1999 / 208.00元,港台,False
1347936,昨天的雲: 少年時代,https://book.douban.com/subject/1347936/,王鼎钧 / 爾雅出版社 / 2005-2-20 / NT$ 280,港台,False
1128321,玫瑰奴隶王,https://book.douban.com/subject/1128321/,深雪 / 当代世界出版社 / 2003-09-01 / 20.00元,港台,False
30314736,大清帝國與中華的混迷: 現代東亞如何處理內亞帝國的遺產,https://book.douban.com/subject/30314736/,平野聰 / 林琪禎 / 八旗文化 / 2018-10-3 / NT$550,港台,False
30476691,日中關係1500年: 經濟與政治交互影響的東亞命運,https://book.douban.com/subject/30476691/,岡本隆司 / 郭清華 / 麥田 / 2019-3-30 / NTD 360,港台,False
36892328,迷宮中的盲眼蚯蚓,https://book.douban.com/subject/36892328/,威拉蓬.尼迪巴帕 / 梁震牧 / 聯經 / 2024-6-6 / NTD400,港台,False
27124930,極樂之邦,https://book.douban.com/subject/27124930/,阿蘭達蒂·洛伊、Arundhati Roy / 廖月娟 / 天下文化 / 2017-8-25 / NTD450元,港台,False
35583013,神婆的歡喜生活,https://book.douban.com/subject/35583013/,努努伊・茵瓦 / 罕麗姝 / 時報文化 / 2021-9-7 / NTD350,港台,False
36059341,一切未曾逝去: 越南與戰爭記憶,https://book.douban.com/subject/36059341/,[美国] 阮清越 / 胡宗香 / 馬可孛羅 / 2022-11-10 / NTD590,港台,False
36752481,少年蒙歌,https://book.douban.com/subject/36752481/,道格拉斯.史都華 / 章晉唯 / 麥田 / 2024-5-2,港台,False
36823597,三流超級英雄,https://book.douban.com/subject/36823597/,游朝凱 / 彭臨桂 / 潮浪文化 / 2024-4-3,港台,False
35277073,被埋沒的足跡: 中國性別史研究入門,https://book.douban.com/subject/35277073/,小濱正子、下倉涉、佐佐木愛、高嶋航、江上幸子 / 姚毅、鄭威、施厚羽、邵迎建、翁育瑄、白玉冬、張文昌、梁雯、瞿艷丹、王天馳、柳雨春、李亞姣、莊卓燐、蔡燕梅、李亚姣 / 國立臺灣大學出版中心 / 2020-12 / TWD 730,港台,False
35436748,從“修身”到“工夫”: 儒家内聖學的開顯與轉折,https://book.douban.com/subject/35436748/,陳立勝 / 台灣大學出版中心 / 2021-4,港台,False
26253699,台北人,https://book.douban.com/subject/26253699/,白先勇 / 广西师范大学出版社 / 2015-1 / 48.00,港台,False
2378484,政體與身體: 蘇維埃的革命與身體，1928-1937,https://book.douban.com/subject/2378484/,黃金麟 / 聯經出版事業股份有限公司 / 2005 / TWD480.00,港台,False
1316609,後殖民誌,https://book.douban.com/subject/1316609/,黃碧雲 / 天地圖書有限公司 / 2004-3 / 港币65元,港台,False
37176682,張愛玲的電影史,https://book.douban.com/subject/37176682/,河本美紀 / INK印刻出版公司 / 2025-1 / NTD700,港台,False
35778177,隱娘,https://book.douban.com/subject/35778177/,劉宇昆 / 歸也光 / 新經典 / 2022-4-8,港台,False
37144552,以俄為師: 中國現代作家的改造,https://book.douban.com/subject/37144552/,陳相因 / 臺大出版中心 / 2024-12,港台,False
35527956,文學四十講: 常識與慧悟,https://book.douban.com/subject/35527956/,聯經出版公司 / 2021-8-6 / 550新台币,港台,False
1378904,本土性的糾葛: 边缘放逐 “南洋”虚构 本土迷思,https://book.douban.com/subject/1378904/,朱崇科 / 唐山出版社 / 20040501 / NT$ 320,港台,False
36610393,強制移住: 臺灣高山原住民的分與離,https://book.douban.com/subject/36610393/,葉高華 / 臺大出版中心 / 2023-11 / NTD660,港台,False
36369077,共和國的饑餓: 回顧我們的當下,https://book.douban.com/subject/36369077/,拉賈德雅克薩 Ashish Rajadhyaksha / 手民出版社 / 2023-2 / HK$188,港台,False
25835943,關于馬華文學,https://book.douban.com/subject/25835943/,張錦忠 / 國立中山大學文學院 / 2009 / TWD150.00,港台,False
36514104,辣味马华文学,https://book.douban.com/subject/36514104/,张永修、张光达、林春美 编 / 2002-1 / RM25,港台,False
37013342,怪异与阴森,https://book.douban.com/subject/37013342/,[英] 马克·费舍 / 王知夏 / 上海人民出版社 / 2024-11 / 48,流行,False
7001192,后宫·甄嬛传（套装共6册）,https://book.douban.com/subject/7001192/,流潋紫 / 浙江文艺出版社 / 2012-1 / 168.00元,流行,False
6798506,华胥引,https://book.douban.com/subject/6798506/,唐七公子 / 现代出版社 / 2011-8 / 45.00元,流行,False
3426869,三生三世 十里桃花,https://book.douban.com/subject/3426869/,唐七公子 / 沈阳出版社 / 2009-1 / 26.80,流行,False
3879301,微微一笑很倾城,https://book.douban.com/subject/3879301/,顾漫 / 江苏文艺出版社 / 2009-8 / 25.00,流行,False
5686369,何以笙箫默,https://book.douban.com/subject/5686369/,顾漫 / 沈阳出版社 / 2011-1 / 25.00元,流行,False
4224758,花千骨（上下）,https://book.douban.com/subject/4224758/,Fresh果果 / 北方妇女儿童出版社 / 2009 / 56.00元,流行,False
6041758,脫骨香 上,https://book.douban.com/subject/6041758/,Fresh果果 著、千里魚 繪 / 藍襪子出版社 / 2011-1-18 / NT$210,流行,False
1059406,幻城,https://book.douban.com/subject/1059406/,郭敬明 / 春风文艺出版社 / 2003-1 / 28.00元,流行,False
4920037,临界·爵迹 I,https://book.douban.com/subject/4920037/,郭敬明 / 长江文艺出版社 / 2010-8 / 19.80元,流行,False
25941696,齊木楠雄的災難 1: 超能力者的災難,https://book.douban.com/subject/25941696/,麻生周一 / 東立出版社 / 2014-8-4 / NT$100,流行,False
3028711,豆蔻年华,https://book.douban.com/subject/3028711/,程玮 / 江苏少儿 / 2008-3 / 17.00元,流行,False
26949680,Hit Makers: The Science of Popularity in an Age of Distraction,https://book.douban.com/subject/26949680/,Derek Thompson / Penguin Press / 2017-2-7 / USD 28.00,流行,False
4100372,引爆趋势,https://book.douban.com/subject/4100372/,亨利克·维加尔德 / 中信出版社 / 2010-1 / 28.00元,流行,False
3008942,八卦多一点: 解读你所不知道的娱乐圈,https://book.douban.com/subject/3008942/,孟静 / 新星出版社 / 2008 / 29.00元,流行,False
27601754,大军师司马懿之军师联盟,https://book.douban.com/subject/27601754/,常江 / 人民文学出版社 / 2018-1 / 48.00,流行,False
1794041,The Official Preppy Handbook,https://book.douban.com/subject/1794041/,Lisa Birnbach / Workman Publishing / 1980-10 / USD 4.95,流行,False
1490120,不羁的灵魂: 街舞必读之全档案,https://book.douban.com/subject/1490120/,秋山 / 中国宇航出版社 / 2006-1 / 29.80元,流行,False
1441909,劍橋大學流行音樂與搖滾樂讀本: The Cambridge Companion to Pop and Rock,https://book.douban.com/subject/1441909/,Simon Frith、Will Straw、John Street / 蔡佩君、张志宇 / 商周出版 / 2005 / 新台币450,流行,False
3381707,奇怪@壹,https://book.douban.com/subject/3381707/,锚&大眼 / 新星出版社 / 2009-1-1 / 25.00元,流行,False
1918723,整形日本,https://book.douban.com/subject/1918723/,湯禎兆 / 天窗出版社 / 2006 / 88.00,流行,False
1041007,哈利·波特与魔法石,https://book.douban.com/subject/1041007/,[英] J. K. 罗琳 / 苏农 / 人民文学出版社 / 2000-9 / 19.50元,流行,False
1026425,三重门,https://book.douban.com/subject/1026425/,韩寒 / 作家出版社 / 2000-5 / 16.00,流行,False
2041277,造型之书,https://book.douban.com/subject/2041277/,徐银暎  张允柱 / 杨华芸 / 当代世界出版社 / 2007-4 / 35.00元,流行,False
1613110,FANTASY PLUS: 周杰伦范特西EP+13MV VCD,https://book.douban.com/subject/1613110/,周杰伦 / 鸿艺唱片 / 2004 / 37.0,流行,False
1291535,Blink: The Power of Thinking Without Thinking,https://book.douban.com/subject/1291535/,"Malcolm Gladwell / Little, Brown and Company / 2005-1-11 / USD 25.95",流行,False
1066462,向左走·向右走,https://book.douban.com/subject/1066462/,幾米 / 生活·读书·新知三联书店 / 2002-8 / 16.00元,流行,False
1028916,雨衣,https://book.douban.com/subject/1028916/,蔡智恒 / 知识出版社 / 2000-10 / 13.80,流行,False
25747921,从你的全世界路过: 让所有人心动的故事,https://book.douban.com/subject/25747921/,张嘉佳 / 湖南文艺出版社 / 2013-11-1 / 36.00元,流行,False
3908071,豆瓣，流行的秘密,https://book.douban.com/subject/3908071/,黄修源 / 机械工业出版社 / 2009-9 / 29.00,流行,False
1948901,盗墓笔记: 七星鲁王宫,https://book.douban.com/subject/1948901/,南派三叔 / 中国友谊出版公司 / 2007-1 / 26.80元,流行,False
1882933,鬼吹灯之精绝古城: 之精绝古城,https://book.douban.com/subject/1882933/,天下霸唱 / 安徽文艺出版社 / 2006 / 25.0,流行,False
1856892,该隐与亚伯: 走向经典系列 1,https://book.douban.com/subject/1856892/,[英]杰弗里·阿切尔 / 杨孟华 / 新星出版社 / 2006-7 / 24.00,流行,False
1345593,He's Just Not That Into You: The No-Excuses Truth to Understanding Guys,https://book.douban.com/subject/1345593/,Greg Behrendt、Liz Tuccillo / Simon Spotlight Entertainment / 2004-9-7 / USD 21.95,流行,False
1059406,幻城,https://book.douban.com/subject/1059406/,郭敬明 / 春风文艺出版社 / 2003-1 / 28.00元,流行,False
1046265,挪威的森林,https://book.douban.com/subject/1046265/,[日] 村上春树 / 林少华 / 上海译文出版社 / 2001-2 / 18.80元,流行,False
1012203,檞寄生,https://book.douban.com/subject/1012203/,蔡智恒 / 中国戏剧出版社 / 2001-12 / 19.80元,流行,False
1003000,悟空传: 修订版,https://book.douban.com/subject/1003000/,今何在 / 光明日报出版社 / 2001-4 / 14.80元,流行,False
25862578,解忧杂货店,https://book.douban.com/subject/25862578/,[日] 东野圭吾 / 李盈春 / 南海出版公司 / 2014-5 / 39.50元,流行,False
24876117,泰忒斯独行: 歌门鬼城四部曲之三,https://book.douban.com/subject/24876117/,(英)马尔文·皮克、马温·匹克 / 洪世民 / 上海译文出版社 / 2014-7 / 38.00元,流行,False
4246292,金玉良言: 关于动荡、生存与应变,https://book.douban.com/subject/4246292/,艾伦 M. 韦伯 / 马小艳 / 中信出版社 / 2009 / 29,流行,False
2256039,杜拉拉升职记,https://book.douban.com/subject/2256039/,李可 / 陕西师范大学出版社 / 2007-9 / 26.00元,流行,False
1873231,明朝那些事儿（壹）: 洪武大帝,https://book.douban.com/subject/1873231/,当年明月 / 中国友谊出版公司 / 2006-9 / 24.80,流行,False
1291760,会有天使替我爱你,https://book.douban.com/subject/1291760/,明晓溪 / 新世界出版社 / 2005-5 / 20.00元,流行,False
1227838,年华是无效信,https://book.douban.com/subject/1227838/,落落 / 春风文艺出版社 / 2005-2 / 20.00元,流行,False
34911508,国潮纹样：国粹 设计 手工 刺绣 服装 素材 图谱 敦煌 收藏,https://book.douban.com/subject/34911508/,栾威 张岩 著 / 机械工业出版社 / 2019-11 / 238,流行,False
27012405,黑锅4: 我和罪犯玩命的日子,https://book.douban.com/subject/27012405/,常书欣 / 江苏人民出版社 / 2017-4 / 36.00元,流行,False
10763902,偷影子的人,https://book.douban.com/subject/10763902/,(法)马克·李维 / 段韵灵 / 湖南文艺出版社 / 2012-6-20 / 29.80元,流行,False
6972863,香港粤语流行歌词研究Ⅰ: 七十年代中期至八十年代中期,https://book.douban.com/subject/6972863/,朱耀伟 / 亮光文化有限公司 / 2011-10-10 / HKD 120,流行,False
5317075,蔡康永的说话之道,https://book.douban.com/subject/5317075/,蔡康永 著、熊宝 插图 / 沈阳出版社 / 2010-10 / 25.00元,流行,False
36122667,再见绘梨,https://book.douban.com/subject/36122667/,[日] 藤本树 / 吴曦 / 中信出版社 / 2023-1-1 / 35.00元,漫画,False
37074767,青春方程式 1-3,https://book.douban.com/subject/37074767/,[日]安达充 / 焦阳 / 新星出版社 / 2025-1 / 168.00元,漫画,False
35552416,敖丙传. 壹,https://book.douban.com/subject/35552416/,二斯特洛夫斯基 绘、古吉 绘、李子兰 编 / 九州出版社 / 2021-8 / 56.00元,漫画,False
35801543,蓦然回首,https://book.douban.com/subject/35801543/,[日本] 藤本树 / 吴曦 / 新星出版社 / 2022-8 / 30.00元,漫画,False
36919549,伊藤润二的漫画术: 恐怖诞生的地方,https://book.douban.com/subject/36919549/,[日] 伊藤润二 / 烨伊 / 中国友谊出版公司 / 2025-1 / 88,漫画,False
37049534,春晖,https://book.douban.com/subject/37049534/,阮筠庭 / 新星出版社 / 2024-11 / 88.00元,漫画,False
36955784,镖人：卷十二: 卷十二,https://book.douban.com/subject/36955784/,许先哲 / 北京联合出版公司 / 2024-8 / 59.90元,漫画,False
36082424,带壳的牡蛎是大人的心脏,https://book.douban.com/subject/36082424/,拟泥nini、王曼霓 / 北京联合出版公司 / 2022-9-23 / 68.00元,漫画,False
35469751,去唱卡拉OK吧！,https://book.douban.com/subject/35469751/,和山やま / 江昱霖 / 東立出版社有限公司 / 2021-5-13 / NTD 140,漫画,False
36940822,照明商店: 1-3,https://book.douban.com/subject/36940822/,(韩)姜草 / 田汉 / 文化发展出版社 / 2024-12 / 168.00元,漫画,False
37003209,小家伙,https://book.douban.com/subject/37003209/,[法] 玛丽昂·法约尔 / 广东人民出版社 / 2025-1 / 68,漫画,False
36888397,去家庭餐廳吧。 上,https://book.douban.com/subject/36888397/,和山やま / 江昱霖 / 東立 / 2024-10-7 / 新台幣140元,漫画,False
37135583,手上有毒的猫,https://book.douban.com/subject/37135583/,[日] 原田千秋 / 马文赫 / 四川美术出版社 / 2025-3 / 58,漫画,False
37122391,我想记得的小事: 蜻蜓、梅子酒、风和长长的街道,https://book.douban.com/subject/37122391/,李宁静 / 北京联合出版公司 / 2024-11-20 / 79.00元,漫画,False
36799715,迷宫饭14,https://book.douban.com/subject/36799715/,（日）九井谅子 编绘 / 刘晨 / 百花文艺出版社 / 2024-4 / 35.00元,漫画,False
36913872,回忆爱玛侬,https://book.douban.com/subject/36913872/,(日)梶尾真治 著、(日)鹤田谦二 绘 / 烨伊 / 中信出版社 / 2024-8 / 42.8元,漫画,False
36289703,我破碎的真理子,https://book.douban.com/subject/36289703/,[日]平库和歌 / 混成连合会 / 中信出版社 / 2023-10-2 / 42.8,漫画,False
36640580,写写画画: 全五册,https://book.douban.com/subject/36640580/,[日] 东村明子 / 胡欢欢 / 海豚出版社 / 2024-3 / 150,漫画,False
36990136,好きなら脱がせて。,https://book.douban.com/subject/36990136/,佐倉 リコ / リブレ / 2024-9-10,漫画,False
26634871,迷宮飯(01),https://book.douban.com/subject/26634871/,九井諒子 / 望 / 青文出版社 / 2015-10-16 / NT$130,漫画,False
35083619,旋涡: 全2册,https://book.douban.com/subject/35083619/,[日] 伊藤润二 / 穆迪 / 新星出版社 / 2020-8 / 99.00元,漫画,False
36997601,《三体》图像小说: 第一部,https://book.douban.com/subject/36997601/,吴青松 编绘、刘慈欣 原著 / 译林出版社 / 2025-1 / 88元,漫画,False
35217357,养狗 然后……养猫,https://book.douban.com/subject/35217357/,[日] 谷口治郎 / [日] 吉井忍 / 新星出版社 / 2024-6 / 36.00元,漫画,False
37042864,筑摩小姐决定不干了,https://book.douban.com/subject/37042864/,(日)西村培 / 夏殷 / 长江文艺出版社 / 2024-11 / 49.80元,漫画,False
36733944,格里格外,https://book.douban.com/subject/36733944/,天然 / 湖南文艺出版社 / 2024-2 / 118.00元,漫画,False
36639380,藤本树短篇集. 17-21,https://book.douban.com/subject/36639380/,[日] 藤本树 / 吴曦 / 中信出版社 / 2023-12 / 35,漫画,False
36830056,去唱卡拉OK吧!,https://book.douban.com/subject/36830056/,(日)和山山 / 黄文娟 / 海豚出版社 / 2024-5 / 39.00元,漫画,False
36808328,为你着迷,https://book.douban.com/subject/36808328/,(日)和山山 / 黄文娟 / 海豚出版社 / 2024-5 / 39.00元,漫画,False
36436442,伊藤润二的猫日记: 小四和小六,https://book.douban.com/subject/36436442/,[日]伊藤润二 / 孙雅甜 / 中国友谊出版公司 / 2023-11 / 48,漫画,False
37124685,人类是落选的星星（签名本）鹅出没，请注意！谁能拒绝一只爱说脱口秀的小企鹅！Edd温暖治愈漫画,https://book.douban.com/subject/37124685/,,漫画,False
36754306,东京平常日1,https://book.douban.com/subject/36754306/,[日]松本大洋 / 高华鑫 / 海豚出版社 / 2024-4,漫画,False
37186730,人生须尽欢，到点就下班,https://book.douban.com/subject/37186730/,礼貌太太 / 微信读书出品 / 2025-1-3 / 59元,漫画,False
37163271,半小时漫画水浒传,https://book.douban.com/subject/37163271/,文汇出版社 / 2024-12 / 59.9,漫画,False
37163272,半小时漫画水浒传2,https://book.douban.com/subject/37163272/,文汇出版社 / 2024-12 / 59.9,漫画,False
36639381,藤本树短篇集 22-26,https://book.douban.com/subject/36639381/,[日] 藤本树 / 吴曦 / 中信出版社 / 2023-12 / 35,漫画,False
36909817,世界是你的猫窝,https://book.douban.com/subject/36909817/,Daisy / 湖南文艺出版社 / 2024-6 / 58.00,漫画,False
37157440,无花果之味,https://book.douban.com/subject/37157440/,[西]帕科·罗卡 / 张子祎 / 四川美术出版社 / 2025-1 / 75.00元,漫画,False
36679894,女校之星,https://book.douban.com/subject/36679894/,(日)和山山 / 黄文娟 / 海豚出版社 / 2024-1 / 39.00元,漫画,False
37049488,去看房,https://book.douban.com/subject/37049488/,(日)好想睡 / 王大明 / 新星出版社 / 2025-3-1 / 58,漫画,False
27047659,FIRE PUNCH炎拳1,https://book.douban.com/subject/27047659/,藤本樹 / 林家祥 / 東立出版社有限公司 / 2017-4-17 / NT$110,漫画,False
36785191,最后一人1-3,https://book.douban.com/subject/36785191/,[法]巴斯蒂安·维韦斯、巴拉克、米夏埃尔·桑拉维尔 编绘 / 周晨欣 / 四川美术出版社 / 2025-2,漫画,False
36437522,大奥 1—6,https://book.douban.com/subject/36437522/,[日]  吉永史 / 吕灵芝、袁斌 / 上海人民出版社 / 2023-11 / 298,漫画,False
30248778,血之轍 1,https://book.douban.com/subject/30248778/,押見修造 / 蔡夢芳 / 東立出版社有限公司 / 2018-10-22 / NT$150,漫画,False
36447976,路傍のフジイ(1),https://book.douban.com/subject/36447976/,鍋倉夫 / 小学館 / 2023-10-30 / 715 日元,漫画,False
36978324,绍宋,https://book.douban.com/subject/36978324/,李晓楠  编绘、榴弹怕水  著 / 中信出版社 / 2024-11 / 55,漫画,False
26653614,孤高之人 1: 校舍攀登,https://book.douban.com/subject/26653614/,[日本] 坂本真一、[日本] 新田次郎、[日本] 锅田吉郎 / 賴思宇 / 尖端出版 / 2014-9-18 / NT$ 130,漫画,False
35255979,鱼 （全2册）,https://book.douban.com/subject/35255979/,[日] 伊藤润二 / 金静和 / 新星出版社 / 2021-5 / 75.00元,漫画,False
37244516,我会和你一起远走高飞,https://book.douban.com/subject/37244516/,Daisy / 湖南文艺出版社 / 2025-2 / ¥59.80,漫画,False
36959421,我爱每场属于你的大雨,https://book.douban.com/subject/36959421/,皮皮猫meow / 北京联合出版公司 / 2024-7-1 / 65.00元,漫画,False
37056740,机器人之梦,https://book.douban.com/subject/37056740/,[美] 萨拉·瓦伦 / 李文清 / 南海出版公司 / 2024-10 / 68.00元,漫画,False
36832093,方舟,https://book.douban.com/subject/36832093/,[日] 夕木春央 / 佳辰 / 中国友谊出版公司 / 2025-1 / 59,推理,False
36987849,你杀了谁,https://book.douban.com/subject/36987849/,[日] 东野圭吾 / 苏玖龄 / 南海出版公司 / 2025-1 / 59.00元,推理,False
36743030,恶女的告白,https://book.douban.com/subject/36743030/,[日] 叶真中显 / 吴曦 / 中国友谊出版公司 / 2024-9 / 55.00元,推理,False
36952611,世界末日前的谋杀,https://book.douban.com/subject/36952611/,[日] 荒木茜 / 董纾含 / 北京日报出版社 / 2024-12-20 / 49.90元,推理,False
36858240,怪画谜案,https://book.douban.com/subject/36858240/,[日] 雨穴 / 烨伊 / 台海出版社 / 2024-7 / 55.00元,推理,False
37101170,诡计策划师,https://book.douban.com/subject/37101170/,[日] 片冈翔 / 周煜 / 新星出版社 / 2024-12 / 49.00元,推理,False
30475757,圣母,https://book.douban.com/subject/30475757/,[日] 秋吉理香子 / 郑晓蕾 / 新星出版社 / 2019-3 / 42.00,推理,False
35031587,绝叫,https://book.douban.com/subject/35031587/,[日] 叶真中显 / 林佩瑾 / 北京联合出版公司 / 2020-7 / 58.00元,推理,False
36953534,死神广播,https://book.douban.com/subject/36953534/,[日] 白井智之 / 佳辰 / 江苏凤凰文艺出版社 / 2024-8 / 59.00元,推理,False
36570620,星咏师的记忆,https://book.douban.com/subject/36570620/,[日] 阿津川辰海 / 佳辰 / 贵州人民出版社 / 2024-6 / 58.00元,推理,False
34996429,消失的13级台阶,https://book.douban.com/subject/34996429/,[日] 高野和明 / 赵建勋 / 上海文艺出版社 / 2020-5-15 / 42.00元,推理,False
37115819,罗宾计划,https://book.douban.com/subject/37115819/,[日] 横山秀夫 / 王蕴洁 / 北京联合出版公司 / 2025-1 / 59.00元,推理,False
36874976,怪谈研究室,https://book.douban.com/subject/36874976/,[日] 三津田信三 / 曹逸冰 / 北京日报出版社 / 2024-12 / 49.90元,推理,False
26877752,恶意,https://book.douban.com/subject/26877752/,[日] 东野圭吾 / 娄美莲 / 南海出版公司 / 2016-11 / 39.50元,推理,False
36512989,名侦探的献祭: 人民教会杀人事件,https://book.douban.com/subject/36512989/,[日] 白井智之 / 吕灵芝 / 九州出版社 / 2023-9 / 59.00元,推理,False
36894796,麦卡托如是说,https://book.douban.com/subject/36894796/,[日] 麻耶雄嵩 / 吕文开 / 人民文学出版社 / 2024-7 / 55.00,推理,False
33658616,克莱因壶,https://book.douban.com/subject/33658616/,[日] 冈岛二人 / 张舟 / 化学工业出版社 / 2019-9 / 48.00元,推理,False
26771719,钟表馆事件,https://book.douban.com/subject/26771719/,[日] 绫辻行人 / 刘羽阳 / 新星出版社 / 2016-6 / 35.00元,推理,False
21371175,罗杰疑案: 阿加莎·克里斯蒂作品02,https://book.douban.com/subject/21371175/,[英] 阿加莎·克里斯蒂 / 常禾 / 新星出版社 / 2013-3 / 28.00元,推理,False
36407256,怪屋谜案,https://book.douban.com/subject/36407256/,[日] 雨穴 / 烨伊 / 台海出版社 / 2023-7-19 / 45.00元,推理,False
37109567,阿缪莱特酒店,https://book.douban.com/subject/37109567/,[日] 方丈贵惠 / 吕灵芝 / 新星出版社 / 2024-12 / 52.00元,推理,False
36962267,失控的照护,https://book.douban.com/subject/36962267/,[日] 叶真中显 / 代珂 / 四川文艺出版社 / 2024-8-26 / 55.00元,推理,False
36826819,七个证人,https://book.douban.com/subject/36826819/,[日] 西村京太郎 / 穆迪 / 新星出版社 / 2024-7 / 52.00元,推理,False
36995035,时钟馆事件,https://book.douban.com/subject/36995035/,[日] 今邑彩 / 佳辰 / 上海文化出版社 / 2024-10 / 49,推理,False
36283547,六个说谎的大学生,https://book.douban.com/subject/36283547/,[日] 浅仓秋成 / 王星星 / 四川文艺出版社 / 2023-4 / 45.00元,推理,False
36497658,エレファントヘッド,https://book.douban.com/subject/36497658/,白井智之 / 角川书店 / 2023-9 / JPY 2145,推理,False
10554308,白夜行,https://book.douban.com/subject/10554308/,[日] 东野圭吾 / 刘姿君 / 南海出版公司 / 2013-1-1 / 39.50元,推理,False
37000496,第十三位陪审员,https://book.douban.com/subject/37000496/,[英] 史蒂夫·卡瓦纳 / 杨沐希 / 百花文艺出版社 / 2024-10 / 48.00元,推理,False
37042978,再见神明,https://book.douban.com/subject/37042978/,[日] 麻耶雄嵩 / 沈佳炜 / 北京日报出版社 / 2024-12 / 45.00元,推理,False
37008516,大宋悬疑录：貔貅刑,https://book.douban.com/subject/37008516/,记无忌 / 江苏凤凰文艺出版社 / 2024-11 / 68.00元,推理,False
37022270,饭桌追凶,https://book.douban.com/subject/37022270/,[美] 詹姆斯·亚飞、James Yaffe / 郭垚飞 / 浙江文艺出版社 / 2024-10 / 56.00元,推理,False
25897884,13 67: 陳浩基作品2,https://book.douban.com/subject/25897884/,陳浩基 / 皇冠文化出版有限公司 / 2014-6-9 / NT$350,推理,False
24859822,无人生还: 阿加莎·克里斯蒂作品10,https://book.douban.com/subject/24859822/,(英)阿加莎·克里斯蒂 / 夏阳 / 新星出版社 / 2013-7 / 28.00元,推理,False
3211779,嫌疑人X的献身,https://book.douban.com/subject/3211779/,[日] 东野圭吾 / 刘子倩 / 南海出版公司 / 2008-9 / 28.00,推理,False
36944376,独眼少女,https://book.douban.com/subject/36944376/,[日] 麻耶雄嵩 / 张舟 / 新星出版社 / 2024-9 / 56.00元,推理,False
27054451,体育馆之谜: 里染天马系列01,https://book.douban.com/subject/27054451/,[日] 青崎有吾 / 李讴琳 / 人民文学出版社 / 2017-10 / 48,推理,False
36952612,出版禁止,https://book.douban.com/subject/36952612/,[日] 长江俊和 / 王星星 / 北京日报出版社 / 2024-10 / 45.00元,推理,False
35406149,如首无作祟之物,https://book.douban.com/subject/35406149/,[日] 三津田信三 / 张舟 / 文化发展出版社 / 2021-8 / 68.00,推理,False
36284336,孤岛的来访者,https://book.douban.com/subject/36284336/,[日] 方丈贵惠 / 穆迪 / 新星出版社 / 2023-4 / 49.00元,推理,False
36480391,X的悲剧,https://book.douban.com/subject/36480391/,[美] 埃勒里·奎因 / 百里 / 河南文艺出版社 / 2023-9-20 / 69.90元,推理,False
10740776,占星术杀人魔法: 岛田庄司作品集01,https://book.douban.com/subject/10740776/,[日] 岛田庄司 / 王鹏帆 / 新星出版社 / 2012-5 / 28.00元,推理,False
35430467,时空旅行者的沙漏,https://book.douban.com/subject/35430467/,[日] 方丈贵惠 / 穆迪 / 新星出版社 / 2021-5 / 48.00,推理,False
37143179,祈愿女神,https://book.douban.com/subject/37143179/,[日] 东野圭吾 / 吕灵芝 / 湖南文艺出版社 / 2025-1 / 59.00元,推理,False
36628430,六小时后你会死,https://book.douban.com/subject/36628430/,[日] 高野和明 / 张静乔 / 中国友谊出版公司 / 2024-1 / 59.00元,推理,False
37176838,夏与冬的奏鸣曲,https://book.douban.com/subject/37176838/,[日] 麻耶雄嵩 / 吴春燕 / 新星出版社 / 2025-2 / 69.00元,推理,False
1827374,东方快车谋杀案,https://book.douban.com/subject/1827374/,[英] 阿加莎·克里斯蒂 / 陈尧光 / 人民文学出版社 / 2006-5 / 18.00元,推理,False
36710597,食南之徒,https://book.douban.com/subject/36710597/,马伯庸 / 湖南文艺出版社 / 2024-4-1 / 56.00元,推理,False
37031012,周四推理俱乐部：“魔鬼”的最后一眼,https://book.douban.com/subject/37031012/,[英] 理查德·奥斯曼 / 姚向辉 / 接力出版社 / 2024-11-11 / 68.00,推理,False
30210250,谁杀了她,https://book.douban.com/subject/30210250/,(日) 东野圭吾 / 袁斌 / 北京十月文艺出版社 / 2018-6 / 49.50元,推理,False
26292535,帷幕: 阿加莎·克里斯蒂作品33,https://book.douban.com/subject/26292535/,[英]阿加莎·克里斯蒂 / 李杨 / 新星出版社 / 2015-2 / 26.00,推理,False
37003209,小家伙,https://book.douban.com/subject/37003209/,[法] 玛丽昂·法约尔 / 广东人民出版社 / 2025-1 / 68,绘本,False
36733944,格里格外,https://book.douban.com/subject/36733944/,天然 / 湖南文艺出版社 / 2024-2 / 118.00元,绘本,False
37130866,老房子: 俄罗斯的百年历史,https://book.douban.com/subject/37130866/,［俄］亚历山德拉·利特维娜、［俄］阿尼娅·杰斯尼茨卡娅、亚历山德拉·利特维娜 / 叶晓奕 / 上海三联书店 / 2024-11 / 92.00,绘本,False
36790833,小小小小的人间,https://book.douban.com/subject/36790833/,李彬 / 湖南文艺出版社 / 2024-3 / 118.00元,绘本,False
36082424,带壳的牡蛎是大人的心脏,https://book.douban.com/subject/36082424/,拟泥nini、王曼霓 / 北京联合出版公司 / 2022-9-23 / 68.00元,绘本,False
37215819,哪吒·三界往事: 哪吒之魔童闹海电影原创番外绘本,https://book.douban.com/subject/37215819/,可可豆动画、彩条屋影业 / 中信出版集团 / 2025-1 / 168.00元,绘本,False
37122391,我想记得的小事: 蜻蜓、梅子酒、风和长长的街道,https://book.douban.com/subject/37122391/,李宁静 / 北京联合出版公司 / 2024-11-20 / 79.00元,绘本,False
35088492,生活蒙太奇,https://book.douban.com/subject/35088492/,天然 / 湖南文艺出版社 / 2020-7 / 128.00元,绘本,False
37049534,春晖,https://book.douban.com/subject/37049534/,阮筠庭 / 新星出版社 / 2024-11 / 88.00元,绘本,False
36851212,只有春天和爱允许入内,https://book.douban.com/subject/36851212/,秦梦轩 / 湖南文艺出版社 / 2024-4 / 59.8,绘本,False
37183387,小鸟啃坏玫瑰还说人类脾气太暴躁,https://book.douban.com/subject/37183387/,[英] 奥斯卡·王尔德、红花 绘 / 刘露 / 江苏凤凰文艺出版社 / 2025-2 / 59.80元,绘本,False
35607441,讲故事的房子: 吉田诚治美术设定集,https://book.douban.com/subject/35607441/,[日] 吉田诚治 / 陈梦晓 / 湖南美术出版社 / 2022-2 / 99.00,绘本,False
37070364,快乐健身第1年,https://book.douban.com/subject/37070364/,(日)高木直子 / 莫凡 / 新星出版社 / 2024-11,绘本,False
37186730,人生须尽欢，到点就下班,https://book.douban.com/subject/37186730/,礼貌太太 / 微信读书出品 / 2025-1-3 / 59元,绘本,False
34445993,这是苹果吗也许是吧,https://book.douban.com/subject/34445993/,[日]吉竹伸介、爱心书童书 出品 / 毛丹青 / 甘肃少年儿童出版社 / 2019-7 / 49.8元,绘本,False
10427241,小金鱼逃走了,https://book.douban.com/subject/10427241/,(日)五味太郎 / (日)猿渡静子 / 新星出版社 / 2012-4 / 23.80元,绘本,False
1257365,活了100万次的猫,https://book.douban.com/subject/1257365/,佐野洋子 / 唐亚明 / 接力出版社 / 2004-10 / 28.00元,绘本,False
24089128,云朵面包,https://book.douban.com/subject/24089128/,[韩] 白嬉娜 著、[韩] 金向寿 摄 / 明书 / 接力出版社 / 2013-3 / 32.00元,绘本,False
3332517,海底的秘密,https://book.douban.com/subject/3332517/,大卫·威斯纳 / 河北教育出版社 / 2008-12 / 32.80元,绘本,False
36996450,怎么看都很可爱,https://book.douban.com/subject/36996450/,一天到晚气fufu / 湖南美术出版社 / 2024-4 / 48,绘本,False
37124685,人类是落选的星星（签名本）鹅出没，请注意！谁能拒绝一只爱说脱口秀的小企鹅！Edd温暖治愈漫画,https://book.douban.com/subject/37124685/,,绘本,False
36909817,世界是你的猫窝,https://book.douban.com/subject/36909817/,Daisy / 湖南文艺出版社 / 2024-6 / 58.00,绘本,False
35685349,一家好认真好认真的餐厅,https://book.douban.com/subject/35685349/,[日] 田代千里 / 彭懿 / 少年儿童出版社 / 2021-8 / 42.00元,绘本,False
36723143,鸡蛋讲的故事,https://book.douban.com/subject/36723143/,[日]盐谷真实子 / 彭懿 / 新星出版社 / 2024-7 / 49,绘本,False
36800209,游鸭: 被迫迁徙的我们,https://book.douban.com/subject/36800209/,[加]凯特·比顿 / 李雅欣 / 中信出版集团 / 2024-7 / 118.00元,绘本,False
37157440,无花果之味,https://book.douban.com/subject/37157440/,[西]帕科·罗卡 / 张子祎 / 四川美术出版社 / 2025-1 / 75.00元,绘本,False
37021133,小狗疑心大宇宙阴谋篡夺它的位置,https://book.douban.com/subject/37021133/,[印] 泰戈尔、红花 绘 / 郑振铎、白开元 / 江苏凤凰文艺出版社 / 2024-8 / 59.80元,绘本,False
36290199,我想成为不错的人，但这并不容易,https://book.douban.com/subject/36290199/,洪和廷 / 黄艳涛 / 浙江文艺出版社 / 2023-4 / 59.9,绘本,False
5333081,妈妈，买绿豆！,https://book.douban.com/subject/5333081/,曾阳晴 文、万华国 图 / 明天出版社 / 2010-11 / 28.80元,绘本,False
36589933,难过的话我可以把你吃掉,https://book.douban.com/subject/36589933/,bibi园长 / 南海出版公司 / 2023-10 / 49.00元,绘本,False
1433640,猜猜我有多爱你,https://book.douban.com/subject/1433640/,[英] 山姆·麦克布雷尼 文、安妮塔·婕朗 图 / 梅子涵 / 少年儿童出版社 / 2005-4 / 29.80元,绘本,False
36178198,我是你的小狗: 狗狗心事绘本,https://book.douban.com/subject/36178198/,大绵羊BOBO / 人民邮电出版社 / 2022-12 / 79.90元,绘本,False
36450800,漫长岁月，没有一天是适合上班的,https://book.douban.com/subject/36450800/,动物办公室 / 湖南文艺出版社 / 2023-7-7 / 49.80元,绘本,False
36622877,我是地铁,https://book.douban.com/subject/36622877/,（韩）金晓恩 / 徐丽红 / 新星出版社 / 2023-11-1 / 79,绘本,False
30156169,我的情绪小怪兽,https://book.douban.com/subject/30156169/,安娜·耶纳斯 / 叶淑吟 / 明天出版社 / 2017-5-1 / 42.80,绘本,False
37187462,生命成长桥梁书（全3册）: 《小熊的好朋友》 《旅行的小屋》 《娜琪的好朋友》,https://book.douban.com/subject/37187462/,[日] 北川千春 著、[日] 吉野万理子 著、[日] 东直子 著、[日] 青山邦彦 绘、[日] 吉田尚令 绘、[日] 高桥和枝 绘 / 北京联合出版有限公司 / 110.00元,绘本,False
36168920,寻找自己名字的猫,https://book.douban.com/subject/36168920/,[日] 竹下文子  著、[日] 町田尚子  绘 / 崔维燕 / 海豚出版社 / 2023-3 / 49.8,绘本,False
37179683,勃朗特姐妹的小小书,https://book.douban.com/subject/37179683/,[加] 莎拉·奥莱莉 著、[英] 布里奥尼·梅·史密斯 绘 / 徐如梦 / 贵州人民出版社 / 2025-3 / 52,绘本,False
26975609,方向,https://book.douban.com/subject/26975609/,[法] 马克-安托万·马修 / 后浪漫（编译） / 北京联合出版公司 / 2017-4 / 99.80元,绘本,False
2117875,我爸爸,https://book.douban.com/subject/2117875/,[英国]安东尼·布朗 / 余治莹 / 河北教育出版社 / 2007年4月 / 29.80元,绘本,False
3106707,好饿的毛毛虫,https://book.douban.com/subject/3106707/,[美] 艾瑞·卡尔 / 郑明进 / 明天出版社 / 2008-4 / 39.80元,绘本,False
26958661,小小聪明豆绘本系列: 波西和皮普,https://book.douban.com/subject/26958661/,阿克塞尔·舍夫勒、绘、艾赛尔·薛弗勒 / 外语教学与研究出版社 / 2015-8-1 / CNY 73.00,绘本,False
37039545,嘿，我有“亿”点点喜欢你,https://book.douban.com/subject/37039545/,鸽手猫不一 / 人民邮电出版社 / 2024-10 / 59.8元,绘本,False
34446001,脱不下来啦,https://book.douban.com/subject/34446001/,[日]吉竹伸介、爱心书童书 出品 / 毛丹青 / 甘肃少年儿童出版社 / 2019-7 / 45元,绘本,False
35292432,男孩、鼹鼠、狐狸和马,https://book.douban.com/subject/35292432/,[英]查理·麦克西 / 汪晗雪 / 北京联合出版公司 / 2021-1-14 / 88.00元,绘本,False
26987895,我在伊朗长大,https://book.douban.com/subject/26987895/,玛赞·莎塔碧 / 马爱农、左涛 / 生活·读书·新知三联书店 / 2017-2 / 59.00,绘本,False
36442643,猫的自信,https://book.douban.com/subject/36442643/,[马来西亚]林行瑞 / 周高逸 / 文汇出版社 / 2023-7 / 49.90元,绘本,False
35217952,你想过怎样的一生？: 从0 到100 岁，该学会的人生大事，都在这些生活的小事里了,https://book.douban.com/subject/35217952/,[德] 海克·法勒  文、[意] 瓦莱里奥·维达里  图、海克·法勒 / 俞洁琼 / 后浪｜北京联合出版公司 / 2020-11 / 118.00元,绘本,False
37110622,星星还没出来的夜晚（夜光版）: 我们开始对生活、命运、梦想、焦虑甚至是死亡提问,https://book.douban.com/subject/37110622/,[加拿大]米歇尔· 勒米厄、Michèle Lemieux / 丁伟 / 四川文艺出版社 / 2024-11 / 69.90元,绘本,False
1901751,星星还没出来的夜晚,https://book.douban.com/subject/1901751/,[加拿大]米歇尔· 勒米厄、Michèle Lemieux / 洪翠娥 / 昆仑出版社 / 2000-10 / 23.60元,绘本,False
36743030,恶女的告白,https://book.douban.com/subject/36743030/,[日] 叶真中显 / 吴曦 / 中国友谊出版公司 / 2024-9 / 55.00元,悬疑,False
35031587,绝叫,https://book.douban.com/subject/35031587/,[日] 叶真中显 / 林佩瑾 / 北京联合出版公司 / 2020-7 / 58.00元,悬疑,False
30475757,圣母,https://book.douban.com/subject/30475757/,[日] 秋吉理香子 / 郑晓蕾 / 新星出版社 / 2019-3 / 42.00,悬疑,False
36987849,你杀了谁,https://book.douban.com/subject/36987849/,[日] 东野圭吾 / 苏玖龄 / 南海出版公司 / 2025-1 / 59.00元,悬疑,False
10554308,白夜行,https://book.douban.com/subject/10554308/,[日] 东野圭吾 / 刘姿君 / 南海出版公司 / 2013-1-1 / 39.50元,悬疑,False
36858240,怪画谜案,https://book.douban.com/subject/36858240/,[日] 雨穴 / 烨伊 / 台海出版社 / 2024-7 / 55.00元,悬疑,False
26877752,恶意,https://book.douban.com/subject/26877752/,[日] 东野圭吾 / 娄美莲 / 南海出版公司 / 2016-11 / 39.50元,悬疑,False
33658616,克莱因壶,https://book.douban.com/subject/33658616/,[日] 冈岛二人 / 张舟 / 化学工业出版社 / 2019-9 / 48.00元,悬疑,False
34996429,消失的13级台阶,https://book.douban.com/subject/34996429/,[日] 高野和明 / 赵建勋 / 上海文艺出版社 / 2020-5-15 / 42.00元,悬疑,False
36952611,世界末日前的谋杀,https://book.douban.com/subject/36952611/,[日] 荒木茜 / 董纾含 / 北京日报出版社 / 2024-12-20 / 49.90元,悬疑,False
36832093,方舟,https://book.douban.com/subject/36832093/,[日] 夕木春央 / 佳辰 / 中国友谊出版公司 / 2025-1 / 59,悬疑,False
24859822,无人生还: 阿加莎·克里斯蒂作品10,https://book.douban.com/subject/24859822/,(英)阿加莎·克里斯蒂 / 夏阳 / 新星出版社 / 2013-7 / 28.00元,悬疑,False
36782247,最后一个死去的女孩,https://book.douban.com/subject/36782247/,[美] 哈里·多兰 / 仲召明 / 北京联合出版公司 / 2024-4-30 / 69.00元,悬疑,False
21371175,罗杰疑案: 阿加莎·克里斯蒂作品02,https://book.douban.com/subject/21371175/,[英] 阿加莎·克里斯蒂 / 常禾 / 新星出版社 / 2013-3 / 28.00元,悬疑,False
36407256,怪屋谜案,https://book.douban.com/subject/36407256/,[日] 雨穴 / 烨伊 / 台海出版社 / 2023-7-19 / 45.00元,悬疑,False
25897884,13 67: 陳浩基作品2,https://book.douban.com/subject/25897884/,陳浩基 / 皇冠文化出版有限公司 / 2014-6-9 / NT$350,悬疑,False
36512989,名侦探的献祭: 人民教会杀人事件,https://book.douban.com/subject/36512989/,[日] 白井智之 / 吕灵芝 / 九州出版社 / 2023-9 / 59.00元,悬疑,False
37000496,第十三位陪审员,https://book.douban.com/subject/37000496/,[英] 史蒂夫·卡瓦纳 / 杨沐希 / 百花文艺出版社 / 2024-10 / 48.00元,悬疑,False
30210250,谁杀了她,https://book.douban.com/subject/30210250/,(日) 东野圭吾 / 袁斌 / 北京十月文艺出版社 / 2018-6 / 49.50元,悬疑,False
26864984,金色梦乡,https://book.douban.com/subject/26864984/,[日] 伊坂幸太郎 / 代珂 / 南海出版公司 / 2016-11 / 69.00元,悬疑,False
1827374,东方快车谋杀案,https://book.douban.com/subject/1827374/,[英] 阿加莎·克里斯蒂 / 陈尧光 / 人民文学出版社 / 2006-5 / 18.00元,悬疑,False
36283547,六个说谎的大学生,https://book.douban.com/subject/36283547/,[日] 浅仓秋成 / 王星星 / 四川文艺出版社 / 2023-4 / 45.00元,悬疑,False
36878587,西游八十一案: 长安击壤歌,https://book.douban.com/subject/36878587/,陈渐 / 重庆出版社 / 2024-8 / 59.80元,悬疑,False
3211779,嫌疑人X的献身,https://book.douban.com/subject/3211779/,[日] 东野圭吾 / 刘子倩 / 南海出版公司 / 2008-9 / 28.00,悬疑,False
30237176,19年间谋杀小叙,https://book.douban.com/subject/30237176/,那多 / 人民文学出版社 / 2018-7 / 59.00元,悬疑,False
26265745,清明上河图密码: 隐藏在千古名画中的阴谋与杀局,https://book.douban.com/subject/26265745/,北京联合出版公司 / 2015-1-1 / 49.90元,悬疑,False
36647809,桥头楼上,https://book.douban.com/subject/36647809/,Priest / 国际文化出版公司 / 2024-3 / 52.80元,悬疑,False
36540441,宋慈洗冤笔记: 太学岳祠案,https://book.douban.com/subject/36540441/,巫童 / 四川文艺出版社 / 2023-10-1 / 58.00,悬疑,False
35503551,Blue,https://book.douban.com/subject/35503551/,[日] 叶真中显 / 吕灵芝 / 新星出版社 / 2021-7 / 58.00元,悬疑,False
35923191,鱼猎,https://book.douban.com/subject/35923191/,史迈 / 湖南文艺出版社 / 2022-6 / 49.00元,悬疑,False
36980164,河流之齿,https://book.douban.com/subject/36980164/,史迈 / 湖南文艺出版社 / 2024-9,悬疑,False
36573581,十日终焉·囚笼,https://book.douban.com/subject/36573581/,杀虫队队员 / 江苏凤凰文艺出版社 / 2023-10 / 46.80元,悬疑,False
36953534,死神广播,https://book.douban.com/subject/36953534/,[日] 白井智之 / 佳辰 / 江苏凤凰文艺出版社 / 2024-8 / 59.00元,悬疑,False
34778574,夏天、烟火和我的尸体,https://book.douban.com/subject/34778574/,[日] 乙一 / 连子心 / 南海出版公司 / 2019-9 / 45.00,悬疑,False
37156691,海昏,https://book.douban.com/subject/37156691/,雷克斯 / 太白文艺出版社 / 2025-2 / 69.80,悬疑,False
37008516,大宋悬疑录：貔貅刑,https://book.douban.com/subject/37008516/,记无忌 / 江苏凤凰文艺出版社 / 2024-11 / 68.00元,悬疑,False
26771719,钟表馆事件,https://book.douban.com/subject/26771719/,[日] 绫辻行人 / 刘羽阳 / 新星出版社 / 2016-6 / 35.00元,悬疑,False
36710597,食南之徒,https://book.douban.com/subject/36710597/,马伯庸 / 湖南文艺出版社 / 2024-4-1 / 56.00元,悬疑,False
26723423,动物园: ズ一,https://book.douban.com/subject/26723423/,[日] 乙一 / 张筱森 / 人民文学出版社 / 2016-8-1 / 49.80,悬疑,False
27115970,秘密,https://book.douban.com/subject/27115970/,[日] 东野圭吾 / 连子心 / 南海出版公司 / 2017-11 / 45.00元,悬疑,False
36628430,六小时后你会死,https://book.douban.com/subject/36628430/,[日] 高野和明 / 张静乔 / 中国友谊出版公司 / 2024-1 / 59.00元,悬疑,False
26292535,帷幕: 阿加莎·克里斯蒂作品33,https://book.douban.com/subject/26292535/,[英]阿加莎·克里斯蒂 / 李杨 / 新星出版社 / 2015-2 / 26.00,悬疑,False
36874976,怪谈研究室,https://book.douban.com/subject/36874976/,[日] 三津田信三 / 曹逸冰 / 北京日报出版社 / 2024-12 / 49.90元,悬疑,False
26651926,红手指,https://book.douban.com/subject/26651926/,[日] 东野圭吾 / 于壮 / 南海出版公司 / 2015-1 / 39.50,悬疑,False
26923390,长夜难明: 紫金陈“推理之王”第3部,https://book.douban.com/subject/26923390/,紫金陈 / 云南人民出版社 / 2017-1 / 42.00元,悬疑,False
27609563,西游八十一案: 大唐泥犁狱,https://book.douban.com/subject/27609563/,陈渐 / 重庆出版社 / 2018-2 / 39.8元,悬疑,False
30205286,清明上河图密码5: 隐藏在千古名画中的阴谋与杀局,https://book.douban.com/subject/30205286/,冶文彪 / 北京联合出版公司 / 2018-5 / 64.90元,悬疑,False
37115819,罗宾计划,https://book.douban.com/subject/37115819/,[日] 横山秀夫 / 王蕴洁 / 北京联合出版公司 / 2025-1 / 59.00元,悬疑,False
36826819,七个证人,https://book.douban.com/subject/36826819/,[日] 西村京太郎 / 穆迪 / 新星出版社 / 2024-7 / 52.00元,悬疑,False
26681984,告白,https://book.douban.com/subject/26681984/,[日] 凑佳苗 / 竺家荣 / 湖南文艺出版社 / 2016-4 / 36.80元,悬疑,False
2567698,三体: “地球往事”三部曲之一,https://book.douban.com/subject/2567698/,刘慈欣 / 重庆出版社 / 2008-1 / 23.00,科幻,False
35170896,平面国: 多维空间传奇往事,https://book.douban.com/subject/35170896/,[英] 埃德温·A.艾勃特 / 鲁冬旭 / 上海文化出版社 / 2020-8 / 39.80元,科幻,False
36953532,2181序曲,https://book.douban.com/subject/36953532/,顾适 / 新星出版社 / 2024-7 / 58.00元,科幻,False
36480385,阿西莫夫科幻短篇全集 1: 最后的问题,https://book.douban.com/subject/36480385/,[美] 艾萨克·阿西莫夫 / 老光 / 江苏凤凰文艺出版社 / 2023-12-1 / 119.00元,科幻,False
35494160,挽救计划,https://book.douban.com/subject/35494160/,[美] 安迪·威尔 / 耿辉 / 译林出版社 / 2021-9 / 68.00,科幻,False
36831351,献灯使,https://book.douban.com/subject/36831351/,[日本] 多和田叶子 / 蕾克 / 广西师范大学出版社 / 2025-1 / 65.00元,科幻,False
36701790,仿生人会梦见电子羊吗?,https://book.douban.com/subject/36701790/,[美] 菲利普·迪克 / 姚向辉 / 江苏凤凰文艺出版社 / 2024-10-15 / 59.90元,科幻,False
35802914,如果我们无法以光速前行,https://book.douban.com/subject/35802914/,[韩] 金草叶 / 春喜 / 四川科学技术出版社 / 2022-6 / 42.00元,科幻,False
35989392,献给阿尔吉侬的花束,https://book.douban.com/subject/35989392/,[美] 丹尼尔·凯斯 / 陈澄和 / 河南文艺出版社 / 2022-8-1 / 48.00元,科幻,False
37180039,金桃,https://book.douban.com/subject/37180039/,杨晚晴 / 四川科学技术出版社 / 2025 / 75,科幻,False
3066477,三体Ⅱ: 黑暗森林,https://book.douban.com/subject/3066477/,刘慈欣 / 重庆出版社 / 2008-5 / 32.00,科幻,False
5363767,三体Ⅲ: 死神永生,https://book.douban.com/subject/5363767/,刘慈欣 / 重庆出版社 / 2010-11 / 38.00元,科幻,False
26362836,献给阿尔吉侬的花束,https://book.douban.com/subject/26362836/,[美] 丹尼尔·凯斯 / 陈澄和 / 广西师范大学出版社 / 2015-4 / 36.00元,科幻,False
25829693,永恒的终结: 关于时间旅行的终极奥秘和恢宏构想,https://book.douban.com/subject/25829693/,[美] 艾萨克·阿西莫夫 / 崔正男 / 江苏凤凰文艺出版社 / 2014-9 / 32.00元,科幻,False
33658616,克莱因壶,https://book.douban.com/subject/33658616/,[日] 冈岛二人 / 张舟 / 化学工业出版社 / 2019-9 / 48.00元,科幻,False
6518605,三体全集: 地球往事三部曲,https://book.douban.com/subject/6518605/,刘慈欣 / 重庆出版社 / 2012-1 / 168.00元,科幻,False
36577822,米奇7号,https://book.douban.com/subject/36577822/,[美]爱德华·阿什顿 / 王雪妍 / 南海出版公司 / 2024-2 / 59.00元,科幻,False
30471298,2001：太空漫游: 《太空漫游四部曲》第1部,https://book.douban.com/subject/30471298/,[英] 阿瑟·克拉克 / 郝明义 / 上海文艺出版社 / 2019-4-10 / 62.00元,科幻,False
35330057,未来学大会,https://book.douban.com/subject/35330057/,[波] 斯坦尼斯瓦夫·莱姆 / 许东华 / 译林出版社 / 2021-8 / 42.00元,科幻,False
36985532,血孩子,https://book.douban.com/subject/36985532/,[美] 奥克塔维娅·E.巴特勒 / 吴华 / 中国友谊出版公司 / 2025-2 / 55.00,科幻,False
35049755,索拉里斯星,https://book.douban.com/subject/35049755/,[波] 斯坦尼斯瓦夫·莱姆 / 靖振忠 / 译林出版社 / 2021-8 / 49.00元,科幻,False
37013827,如果我们将在25岁死去,https://book.douban.com/subject/37013827/,[日] 砂川雨路 / 丁丁虫 / 新星出版社 / 2024-10 / 56.00元,科幻,False
27041533,仿生人会梦见电子羊吗？,https://book.douban.com/subject/27041533/,[美] 菲利普·迪克 / 许东华 / 译林出版社 / 2017-10 / 39.80元,科幻,False
26916012,黑暗的左手,https://book.douban.com/subject/26916012/,[美] 厄休拉·勒古恩 / 陶雪蕾 / 北京联合出版公司 / 2017-11 / 45.00,科幻,False
37149565,水星逆行,https://book.douban.com/subject/37149565/,双翅目 / 译林出版社 / 2025-1 / 59.00,科幻,False
36759693,卞和与玉: 国潮元宇宙Ⅳ·求索篇,https://book.douban.com/subject/36759693/,东心爰 / 四川大学出版社 / 2024-4 / 42.00,科幻,False
26295448,你一生的故事: 特德·姜科幻小说集,https://book.douban.com/subject/26295448/,[美] 特德·姜 / 李克勤、王荣生、姚向辉 / 译林出版社 / 2015-5 / 36.00元,科幻,False
1192090,球状闪电,https://book.douban.com/subject/1192090/,刘慈欣 / 四川科学技术出版社 / 2005-6 / 22.00元,科幻,False
36715864,天钧,https://book.douban.com/subject/36715864/,[美] 厄休拉·勒古恩 / 夏星 / 北京日报出版社 / 2024-10-15 / 49.9元,科幻,False
26264967,神们自己: 关于平行宇宙的一切,https://book.douban.com/subject/26264967/,[美] 艾萨克·阿西莫夫 / 崔正男 / 江苏凤凰文艺出版社 / 2014-12-1 / 39.00元,科幻,False
35268281,其主之声,https://book.douban.com/subject/35268281/,[波] 斯坦尼斯瓦夫·莱姆 / 由美 / 译林出版社 / 2021-8 / 46.00元,科幻,False
36997601,《三体》图像小说: 第一部,https://book.douban.com/subject/36997601/,吴青松 编绘、刘慈欣 原著 / 译林出版社 / 2025-1 / 88元,科幻,False
26836970,沙丘,https://book.douban.com/subject/26836970/,[美] 弗兰克·赫伯特 / 潘振华 / 江苏凤凰文艺出版社 / 2017-1 / 68.00元,科幻,False
34672176,呼吸,https://book.douban.com/subject/34672176/,[美] 特德·姜 / 耿辉、Ent、李克勤、姚向辉 / 译林出版社 / 2019-12 / 42.00元,科幻,False
35462687,盲视,https://book.douban.com/subject/35462687/,[加] 彼得·沃茨 / 胡纾 / 理想国 ｜ 北京日报出版社 / 2021-7 / 62.00元,科幻,False
36593833,失去的过去与未来的犯罪,https://book.douban.com/subject/36593833/,[日] 小林泰三 / 曹逸冰 / 湖南文艺出版社 / 2024-3 / 49.80,科幻,False
26586492,火星救援,https://book.douban.com/subject/26586492/,[美] 安迪·威尔 / 陈灼 / 译林出版社 / 2015-10 / 38.00,科幻,False
33420947,三体全集,https://book.douban.com/subject/33420947/,刘慈欣 / 读客文化 / 2018-11-26,科幻,False
26389900,银河帝国1：基地: 银河帝国1,https://book.douban.com/subject/26389900/,[美] 艾萨克·阿西莫夫 / 叶李华 / 江苏凤凰文艺出版社 / 2015-10 / 45.00元,科幻,False
37020367,模糊边缘: 最佳科幻小说选集,https://book.douban.com/subject/37020367/,[澳] 乔纳森·斯特拉罕 编 / 秦含璞 / 新星出版社 / 2024-12 / 88.00元,科幻,False
34933700,莫比乌斯时空,https://book.douban.com/subject/34933700/,顾适 / 新星出版社 / 2020-3 / 48.00元,科幻,False
1394364,银河系漫游指南,https://book.douban.com/subject/1394364/,[英] 道格拉斯·亚当斯 / 徐百柯 / 四川科学技术出版社 / 2005-6 / 16.00元,科幻,False
37135605,银河边缘021：迈克·雷斯尼克纪念特辑: 迈克·雷斯尼克纪念特辑,https://book.douban.com/subject/37135605/,杨枫 主编、[美] 迈克·雷斯尼克 / 于百九、祖云鹏 / 新星出版社 / 2025-1 / 48,科幻,False
36126737,我们生活在南京,https://book.douban.com/subject/36126737/,天瑞说符 / 中信出版社 / 2022-12 / 99.80元,科幻,False
27125958,人生复本,https://book.douban.com/subject/27125958/,[美国] 布莱克·克劳奇 / 颜湘如 / 中信出版社 / 2017-11 / 45.00元,科幻,False
26389895,银河帝国：基地七部曲: 百万册纪念版,https://book.douban.com/subject/26389895/,[美] 艾萨克·阿西莫夫 / 叶李华 / 江苏凤凰文艺出版社 / 2015-10-1 / 328.00元,科幻,False
36138906,祈祷之海: 格雷格·伊根经典科幻三重奏I,https://book.douban.com/subject/36138906/,[澳] 格雷格·伊根 / 鲁冬旭、阿古、刘文元、萧傲然、张涵 / 新星出版社 / 2023-1 / 58,科幻,False
37124490,再见了，木星,https://book.douban.com/subject/37124490/,[日]小松左京 / 马彦荣、徐莎莎 / 译林出版社 / 2025-3-1,科幻,False
36592210,爱 时光和大怪兽,https://book.douban.com/subject/36592210/,阿缺 / 四川科学技术出版社 / 2024-3 / 58.00元,科幻,False
30359030,醉步男,https://book.douban.com/subject/30359030/,[日] 小林泰三 / 丁丁虫 / 北京时代华文书局 / 2019-10-1 / 49.00,科幻,False
36987849,你杀了谁,https://book.douban.com/subject/36987849/,[日] 东野圭吾 / 苏玖龄 / 南海出版公司 / 2025-1 / 59.00元,东野圭吾,False
37143179,祈愿女神,https://book.douban.com/subject/37143179/,[日] 东野圭吾 / 吕灵芝 / 湖南文艺出版社 / 2025-1 / 59.00元,东野圭吾,False
26877752,恶意,https://book.douban.com/subject/26877752/,[日] 东野圭吾 / 娄美莲 / 南海出版公司 / 2016-11 / 39.50元,东野圭吾,False
10554308,白夜行,https://book.douban.com/subject/10554308/,[日] 东野圭吾 / 刘姿君 / 南海出版公司 / 2013-1-1 / 39.50元,东野圭吾,False
30317423,我杀了他,https://book.douban.com/subject/30317423/,[日]东野圭吾 / 郑琳 / 南海出版公司 / 2019-5 / 55.00元,东野圭吾,False
27115970,秘密,https://book.douban.com/subject/27115970/,[日] 东野圭吾 / 连子心 / 南海出版公司 / 2017-11 / 45.00元,东野圭吾,False
30210250,谁杀了她,https://book.douban.com/subject/30210250/,(日) 东野圭吾 / 袁斌 / 北京十月文艺出版社 / 2018-6 / 49.50元,东野圭吾,False
25862578,解忧杂货店,https://book.douban.com/subject/25862578/,[日] 东野圭吾 / 李盈春 / 南海出版公司 / 2014-5 / 39.50元,东野圭吾,False
26651926,红手指,https://book.douban.com/subject/26651926/,[日] 东野圭吾 / 于壮 / 南海出版公司 / 2015-1 / 39.50,东野圭吾,False
3211779,嫌疑人X的献身,https://book.douban.com/subject/3211779/,[日] 东野圭吾 / 刘子倩 / 南海出版公司 / 2008-9 / 28.00,东野圭吾,False
36953574,永丰客栈,https://book.douban.com/subject/36953574/,吕家发 / 成都时代出版社 / 2024-8,东野圭吾,False
26118072,祈祷落幕时,https://book.douban.com/subject/26118072/,(日)东野圭吾 / 代珂 / 南海出版公司 / 2015-1 / 39.50元,东野圭吾,False
35355556,希望之线,https://book.douban.com/subject/35355556/,[日]东野圭吾 / 张舟 / 南海出版公司 / 2021-4 / 59.00元,东野圭吾,False
35791376,透明的螺旋,https://book.douban.com/subject/35791376/,[日] 东野圭吾 / 史诗 / 南海出版公司 / 2022-4 / 49,东野圭吾,False
4009552,幻夜: 东野圭吾作品06,https://book.douban.com/subject/4009552/,[日] 东野圭吾 / 李炜 / 南海出版公司 / 2009-9 / 28.00元,东野圭吾,False
26639966,新参者,https://book.douban.com/subject/26639966/,[日] 东野圭吾 / 岳远坤 / 南海出版公司 / 2016-1 / 39.50元,东野圭吾,False
30330292,沉睡的森林,https://book.douban.com/subject/30330292/,(日)东野圭吾 / 郑琳 / 南海出版公司 / 2019-3 / 49.50元,东野圭吾,False
35479856,无名之町,https://book.douban.com/subject/35479856/,[日本] 东野圭吾 / 王小燕 / 南海出版公司 / 2021-7 / 59.00元,东野圭吾,False
36952494,你殺了誰,https://book.douban.com/subject/36952494/,東野圭吾 / 王華懋 / 獨步文化 / 2024-8 / NT$499.00,东野圭吾,False
37129003,沉睡美人,https://book.douban.com/subject/37129003/,[日] 东野圭吾 / 岳冲 / 湖南文艺出版社 / 2025-3 / 59.80元,东野圭吾,False
26906797,圣女的救济,https://book.douban.com/subject/26906797/,[日] 东野圭吾 / 袁斌 / 南海出版公司 / 2017-1 / 45.00元,东野圭吾,False
37092930,白马山庄谜案,https://book.douban.com/subject/37092930/,[日] 东野圭吾 / 潘郁灵 / 湖南文艺出版社 / 2024-11 / 59.80元,东野圭吾,False
36866451,分身,https://book.douban.com/subject/36866451/,[日] 东野圭吾 / 王维幸 / 南海出版公司 / 2024-11 / 59.00元,东野圭吾,False
26598142,湖畔,https://book.douban.com/subject/26598142/,无东野圭吾 / 沈杨 / 化学工业出版社 / 2016-1-1 / 32.00元,东野圭吾,False
30317422,毕业,https://book.douban.com/subject/30317422/,[日]东野圭吾 / 黄真 / 南海出版公司 / 2019-3 / 49.50元,东野圭吾,False
34786086,沉默的巡游,https://book.douban.com/subject/34786086/,[日] 东野圭吾 / 边大玉 / 南海出版公司 / 2020-3 / 59.00元,东野圭吾,False
27200261,假面山庄,https://book.douban.com/subject/27200261/,[日] 东野圭吾 / 陈文娟 / 北京十月文艺出版社 / 2017-12 / 45,东野圭吾,False
26387514,时生: 东野圭吾作品08,https://book.douban.com/subject/26387514/,东野圭吾 / 徐建雄 / 南海出版公司 / 2015-7-1 / 39.50元,东野圭吾,False
27178063,黎明之街,https://book.douban.com/subject/27178063/,[日] 东野圭吾 / 李超楠 / 南海出版公司 / 2018-2 / 49.50元,东野圭吾,False
36328335,沉睡的人鱼之家,https://book.douban.com/subject/36328335/,[日] 东野圭吾 / 王蕴洁 / 北京联合出版公司 / 2023-10 / 56.00元,东野圭吾,False
35076023,信,https://book.douban.com/subject/35076023/,[日] 东野圭吾 / 赵江 / 北京联合出版公司 / 2020-10-15 / 48.00,东野圭吾,False
30245830,从前我死去的家,https://book.douban.com/subject/30245830/,[日]东野圭吾 / 李盈春 / 北京十月文艺出版社 / 2018-8 / 49.50元,东野圭吾,False
36074757,白鸟与蝙蝠,https://book.douban.com/subject/36074757/,[日本] 东野圭吾 / 李盈春 / 南海出版公司 / 2023-3 / 69.00元,东野圭吾,False
4074636,放学后,https://book.douban.com/subject/4074636/,[日] 东野圭吾 / 赵峻 / 南海出版公司 / 2010-1 / 20.00元,东野圭吾,False
26387513,麒麟之翼: 加贺探案集9,https://book.douban.com/subject/26387513/,东野圭吾 / 田秀娟 / 南海出版公司 / 2015-7-1 / 39.50元,东野圭吾,False
37054138,无凶之夜,https://book.douban.com/subject/37054138/,[日] 东野圭吾 / 潘郁灵 / 湖南文艺出版社 / 2025-1 / 59.80元,东野圭吾,False
26298572,彷徨之刃,https://book.douban.com/subject/26298572/,[日] 东野圭吾 / 刘珮瑄 / 南海出版公司 / 2015-4-1 / 39.50元,东野圭吾,False
27102207,放学后,https://book.douban.com/subject/27102207/,[日本] 东野圭吾 / 赵峻 / 南海出版公司 / 2017-9 / 45.00元,东野圭吾,False
36866459,我的晃荡的青春,https://book.douban.com/subject/36866459/,[日] 东野圭吾 / 代珂 / 南海出版公司 / 2024-7-1 / 59.00元,东野圭吾,False
27028847,沉睡的人鱼之家,https://book.douban.com/subject/27028847/,[日] 东野圭吾 / 王蕴洁 / 北京联合出版公司 / 2017-6 / 39.80元,东野圭吾,False
25924253,嫌疑人X的献身,https://book.douban.com/subject/25924253/,[日本] 东野圭吾 / 刘子倩 / 南海出版公司 / 2014-6-1 / 35.00元,东野圭吾,False
27173553,白金数据,https://book.douban.com/subject/27173553/,[日本] 东野圭吾 / 王蕴洁 / 北京联合出版公司 / 2018-1 / 42.00元,东野圭吾,False
10594788,谁杀了她: 加贺探案集3,https://book.douban.com/subject/10594788/,[日] 东野圭吾 / 袁斌 / 南海出版公司 / 2012-10 / 28.00元,东野圭吾,False
37031166,湖畔,https://book.douban.com/subject/37031166/,[日] 东野圭吾 / 沈杨 / 化学工业出版社 / 2024-9 / 49.80元,东野圭吾,False
36866224,宿命,https://book.douban.com/subject/36866224/,[日] 东野圭吾 / 张智渊 / 南海出版公司 / 2025-1 / 59.00元,东野圭吾,False
30464974,再见了，忍老师,https://book.douban.com/subject/30464974/,[日]东野圭吾 / 王雪 / 南海出版公司 / 2019-4 / 45.00元,东野圭吾,False
36782358,信,https://book.douban.com/subject/36782358/,[日] 东野圭吾 / 赵江 / 北京联合出版公司 / 2024-7 / 65.00元,东野圭吾,False
36561834,假面游戏,https://book.douban.com/subject/36561834/,[日] 东野圭吾 / 史诗 / 南海出版公司 / 2024-3 / 59.00元,东野圭吾,False
35000716,解忧杂货店,https://book.douban.com/subject/35000716/,[日] 东野圭吾 / 李盈春 / 南海出版公司 / 2020-9 / 59.00元,东野圭吾,False
20449829,我杀了他: 加贺探案集5,https://book.douban.com/subject/20449829/,[日] 东野圭吾 / 郑琳 / 南海出版公司 / 2013-4 / 32.00元,东野圭吾,False
26986954,新名字的故事: 那不勒斯四部曲2,https://book.douban.com/subject/26986954/,[意] 埃莱娜·费兰特 / 陈英 / 人民文学出版社 / 2017-4 / 59.00元,青春,False
37074767,青春方程式 1-3,https://book.douban.com/subject/37074767/,[日]安达充 / 焦阳 / 新星出版社 / 2025-1 / 168.00元,青春,False
26878124,我的天才女友: 那不勒斯四部曲1,https://book.douban.com/subject/26878124/,[意] 埃莱娜·费兰特 / 陈英 / 人民文学出版社 / 2017-1 / 42.00元,青春,False
35296868,难哄,https://book.douban.com/subject/35296868/,竹已 / 江苏凤凰文艺出版社 / 2020-12 / 48.00元,青春,False
36808328,为你着迷,https://book.douban.com/subject/36808328/,(日)和山山 / 黄文娟 / 海豚出版社 / 2024-5 / 39.00元,青春,False
35125822,春宵苦短，少女前进吧！,https://book.douban.com/subject/35125822/,[日]森见登美彦 / 陈晶 / 四川文艺出版社 / 2020-10 / 45,青春,False
27614904,房思琪的初恋乐园,https://book.douban.com/subject/27614904/,林奕含 / 北京联合出版公司 / 2018-2 / 45.00元,青春,False
27170951,生吞,https://book.douban.com/subject/27170951/,郑执 / 浙江文艺出版社 / 2017-11 / 39.00,青春,False
30254298,云边有个小卖部,https://book.douban.com/subject/30254298/,张嘉佳 / 湖南文艺出版社 / 2018-7 / 42.00元,青春,False
20421947,在细雨中呼喊,https://book.douban.com/subject/20421947/,余华 / 作家出版社 / 2012-11-1 / 25.00元,青春,False
26210487,强风吹拂,https://book.douban.com/subject/26210487/,三浦紫苑 / 林佩瑾、李建铨、杨正敏 / 广西师范大学出版社 / 2015-1-1 / 39.00元,青春,False
36212818,跃动青春 1,https://book.douban.com/subject/36212818/,(日) 高松美咲 / K.W翻译组 / 湖南文艺出版社 / 2023-4-1 / 32.00,青春,False
37199450,致1999年的自己,https://book.douban.com/subject/37199450/,陈琛、陈琛 / 长江文艺出版社 / 2025-1 / 59,青春,False
35190654,刻在你心底的名字：劇本原創小說: 劇本原創小說,https://book.douban.com/subject/35190654/,DiFer / 水靈文創 / 2020-9-1 / 250元,青春,False
24531956,哈利·波特,https://book.douban.com/subject/24531956/,J.K.罗琳 (J.K.Rowling) / 苏农、马爱农、马爱新 / 人民文学出版社 / 2008-12-1 / 498.00元,青春,False
35586946,这题超纲了1,https://book.douban.com/subject/35586946/,木瓜黄、五彩石漫画社 编、鸡精君 绘、守 绘 / 长江文艺出版社 / 2021-8 / 42.00 元,青春,False
37264947,海的尽头有歌声,https://book.douban.com/subject/37264947/,程伟 / 百花文艺出版社 / 2025-3 / 48,青春,False
2295163,哈利·波特与死亡圣器,https://book.douban.com/subject/2295163/,[英] J. K. 罗琳 / 马爱农、马爱新 / 人民文学出版社 / 2007-10 / 66.00元,青春,False
35736214,绿山墙的安妮: 安野光雅插图珍藏本,https://book.douban.com/subject/35736214/,[加拿大] 露西·莫德·蒙哥马利、[日] 安野光雅 绘 / 马爱农 / 江苏凤凰文艺出版社 / 2021-12 / 168.00元,青春,False
36691906,小巷人家,https://book.douban.com/subject/36691906/,大米 / 四川文艺出版社 / 2024-1 / 79.80元,青春,False
30336340,撒野,https://book.douban.com/subject/30336340/,巫哲 / 北京联合出版公司 / 2018-10-22 / 45.00元,青春,False
26278687,皮囊,https://book.douban.com/subject/26278687/,蔡崇达 / 天津人民出版社 / 2014-12-1 / 39.80元,青春,False
4231381,那些回不去的年少时光,https://book.douban.com/subject/4231381/,桐华 / 江苏文艺出版社 / 2010-01 / 23.80元,青春,False
35216488,只有你听到,https://book.douban.com/subject/35216488/,[日] 乙一 / 吴名、修愚 / 浙江人民出版社 / 2021-1 / 48.00,青春,False
25737796,库特利亚芙卡的排序: “冰菓”系列3,https://book.douban.com/subject/25737796/,[日] 米泽穗信 / 方宁 / 湖南美术出版社 / 2013-11 / 30.00元,青春,False
36212823,跃动青春 6,https://book.douban.com/subject/36212823/,(日) 高松美咲 / K.W翻译组 / 湖南文艺出版社 / 2023-4 / 32.00,青春,False
36198524,三伏,https://book.douban.com/subject/36198524/,巫哲 / 中国致公出版社 / 2023-8-1 / 59.6元,青春,False
35552619,我的阿勒泰,https://book.douban.com/subject/35552619/,李娟 / 花城出版社 / 2021-8 / 45.00元,青春,False
1046265,挪威的森林,https://book.douban.com/subject/1046265/,[日] 村上春树 / 林少华 / 上海译文出版社 / 2001-2 / 18.80元,青春,False
1566311,第一次亲密接触,https://book.douban.com/subject/1566311/,蔡智恒 / 四川文艺音像出版社 / 2000-1 / 15.0,青春,False
37005053,你要去哪里,https://book.douban.com/subject/37005053/,,青春,False
34907839,镜之孤城,https://book.douban.com/subject/34907839/,[日] 辻村深月 / 李大鸣 / 浙江文艺出版社 / 2020-4 / 56.00元,青春,False
34778574,夏天、烟火和我的尸体,https://book.douban.com/subject/34778574/,[日] 乙一 / 连子心 / 南海出版公司 / 2019-9 / 45.00,青春,False
1071241,哈利·波特与阿兹卡班的囚徒,https://book.douban.com/subject/1071241/,[英] J. K. 罗琳 / 郑须弥 / 人民文学出版社 / 2000-9 / 26.50元,青春,False
25886229,少年维特的烦恼,https://book.douban.com/subject/25886229/,[德] 歌德 / 杨武能 / 人民文学出版社 / 2015-4 / 20.00元,青春,False
35885926,吉祥寺的朝日奈,https://book.douban.com/subject/35885926/,中田永一、[日本] 乙一 / 杜星宇 / 台海出版社 / 2022-8 / 48.00元,青春,False
35923191,鱼猎,https://book.douban.com/subject/35923191/,史迈 / 湖南文艺出版社 / 2022-6 / 49.00元,青春,False
33440237,强风吹拂,https://book.douban.com/subject/33440237/,[日] 三浦紫苑 / 林佩瑾、李建铨、杨正敏 / 广西师范大学出版社 / 2019-10 / 58.00元,青春,False
30237176,19年间谋杀小叙,https://book.douban.com/subject/30237176/,那多 / 人民文学出版社 / 2018-7 / 59.00元,青春,False
37170468,一个都不会放过,https://book.douban.com/subject/37170468/,尖叫的羊驼 / 江苏凤凰文艺出版社 / 2025 / 49.80,青春,False
35739006,四叠半时光机布鲁斯,https://book.douban.com/subject/35739006/,[日]森见登美彦 / 冯锦源 / 新星出版社 / 2022-3 / 46,青春,False
33426127,渺小一生,https://book.douban.com/subject/33426127/,[美] 柳原汉雅 / 尤传莉 / 广西师范大学出版社 / 2019-6 / 98.00元,青春,False
36975945,成濑要征服世界,https://book.douban.com/subject/36975945/,[日] 宫岛未奈 / 许永兰、尹凤先 / 江苏凤凰文艺出版社 / 2024-10 / 52.00元,青春,False
25934953,惡之華 11,https://book.douban.com/subject/25934953/,押見修造 / 猴 / 東立出版社 / 2015-6-23 / NT$100,青春,False
5337254,孽子,https://book.douban.com/subject/5337254/,白先勇 / 广西师范大学出版社 / 2010-10 / 46.00元,青春,False
27599188,青春咖啡馆,https://book.douban.com/subject/27599188/,[法]帕特里克·莫迪亚诺 / 金龙格 / 人民文学出版社 / 2018-1 / 25.00,青春,False
35430408,乒乓,https://book.douban.com/subject/35430408/,[日] 松本大洋 / 刘雨轩 / 广东旅游出版社 / 2022-3 / 258.00元,青春,False
25817203,我很好,https://book.douban.com/subject/25817203/,岡崎京子 / 謝仲其 / 臉譜文化 / 2014-2 / NT$ 260,青春,False
36122667,再见绘梨,https://book.douban.com/subject/36122667/,[日] 藤本树 / 吴曦 / 中信出版社 / 2023-1-1 / 35.00元,青春,False
35541167,春枝秋雨,https://book.douban.com/subject/35541167/,帘十里 / 花山文艺出版社 / 2021-7 / 45.80元,青春,False
35813425,成何体统,https://book.douban.com/subject/35813425/,七英俊 / 湖南文艺出版社 / 2022-4-1 / 79.80元,言情,False
35296868,难哄,https://book.douban.com/subject/35296868/,竹已 / 江苏凤凰文艺出版社 / 2020-12 / 48.00元,言情,False
36584894,枭起青壤,https://book.douban.com/subject/36584894/,尾鱼 / 四川文艺出版社 / 2024-4 / 135.00元,言情,False
33401169,白色橄榄树,https://book.douban.com/subject/33401169/,玖月晞 / 百花洲文艺出版社 / 2019-4 / 69.80元,言情,False
37109070,灯花笑·花时恨：全2册,https://book.douban.com/subject/37109070/,千山茶客 / 江苏凤凰文艺出版社 / 2024-11 / 69.8元,言情,False
36091351,见春天,https://book.douban.com/subject/36091351/,纵虎嗅花 / 黄七阳、黄阳 / 北京联合出版公司 / 2023-1,言情,False
36235211,陷入我们的热恋,https://book.douban.com/subject/36235211/,耳东兔子 / 青岛出版社 / 2023-2 / 85.00元,言情,False
11443660,不负如来不负卿,https://book.douban.com/subject/11443660/,小春 / 浙江文艺出版社 / 2012-8 / 29.80元,言情,False
26853361,夜旅人,https://book.douban.com/subject/26853361/,赵熙之 / 百花洲文艺出版社 / 2016-9 / 32.80元,言情,False
36467450,观鹤笔记2,https://book.douban.com/subject/36467450/,她与灯 / 中国友谊出版公司 / 2023-8 / 49.80元,言情,False
36909079,三生三世步生莲 肆·永生花,https://book.douban.com/subject/36909079/,唐七 / 人民文学出版社 / 2024-5 / 59.80元,言情,False
35389475,坤宁,https://book.douban.com/subject/35389475/,时镜 / 江苏凤凰文艺出版社 / 2021-4 / 88元（2册）,言情,False
35428112,长安小饭馆,https://book.douban.com/subject/35428112/,樱桃糕 / 青岛出版社 / 2021-4 / 69.8,言情,False
35985456,狙击蝴蝶,https://book.douban.com/subject/35985456/,七宝酥 / 长江出版社 / 2022-8 / 39.80元,言情,False
36480768,竹稚,https://book.douban.com/subject/36480768/,江月年年 / 江苏凤凰文艺出版社 / 2023-8 / 49.80 元,言情,False
36337087,全世界都以为他暗恋我,https://book.douban.com/subject/36337087/,容无笺 / 江苏凤凰文艺出版社 / 2023-3 / 49.80,言情,False
35754576,难哄 完结篇,https://book.douban.com/subject/35754576/,竹已 / 江苏凤凰文艺出版社 / 2021-6 / 49.80,言情,False
26780911,大哥（上）,https://book.douban.com/subject/26780911/,Priest / 上海人民美术出版社 / 2016-3-1 / CNY 32.00,言情,False
26778494,大哥（下）,https://book.douban.com/subject/26778494/,Priest / 上海人民美术出版社 / 2016-3-1 / CNY 32.00,言情,False
26948956,将门嫡女之定乾坤,https://book.douban.com/subject/26948956/,千山茶客 / 青岛出版社 / 2016-10 / 59.80元,言情,False
26393716,爱你，是我做过最好的事,https://book.douban.com/subject/26393716/,笙离 / 有2016年1月2印本 / 花山文艺出版社 / 2015-4 / 28.00,言情,False
35527968,京华子午,https://book.douban.com/subject/35527968/,樱桃糕 / 江苏凤凰文艺出版社 / 2021-7 / 79.8,言情,False
36919424,当我开始失去你,https://book.douban.com/subject/36919424/,面包有毒 / 青岛出版社 / 2024-6 / 69.8,言情,False
35447930,末世第十年,https://book.douban.com/subject/35447930/,扶华 / 青岛出版社 / 2021-5 / 59.08,言情,False
36435705,The Boyfriend Candidate,https://book.douban.com/subject/36435705/,Ashley Winstead / 2023-5-9,言情,False
1812439,步步惊心,https://book.douban.com/subject/1812439/,桐华 / 民族出版社 / 2006-6 / 25.00元,言情,False
2703292,兰陵缭乱,https://book.douban.com/subject/2703292/,Vivibear / 朝华出版社 / 2008-2 / 22.00元,言情,False
1958655,寻找前世之旅（上下册）,https://book.douban.com/subject/1958655/,Vivibear / 河南文艺出版社 / 2007-1 / 40.00元,言情,False
3879301,微微一笑很倾城,https://book.douban.com/subject/3879301/,顾漫 / 江苏文艺出版社 / 2009-8 / 25.00,言情,False
2281912,醉玲珑（上卷）,https://book.douban.com/subject/2281912/,十四夜 / 朝华出版社 / 2007-10 / 29.80元,言情,False
2283084,云中歌1,https://book.douban.com/subject/2283084/,桐华 / 作家出版社 / 2007-9 / 24.80元,言情,False
21242062,长相思,https://book.douban.com/subject/21242062/,桐华 / 湖南文艺出版社 / 2013-2 / 35.00元,言情,False
35005782,献鱼,https://book.douban.com/subject/35005782/,扶华 / 青岛出版社 / 2020-4-2 / 59.8,言情,False
3161021,赤河戀影(01): 日本小學館正式授權台灣中文版,https://book.douban.com/subject/3161021/,篠原千絵、筱原千绘 / 王淑蓉 / 東立 / 2004-06-21 / 85元,言情,False
1853785,天是红河岸,https://book.douban.com/subject/1853785/,荻原千绘 / 丁梵馨 / 日本小学馆 / 1990 / 37.00,言情,False
1481362,城市猎人,https://book.douban.com/subject/1481362/,[日] 北条司 / 内蒙古人民出版社 / 2005 / 6.90,言情,False
26284304,簪中录1: 春灯暗,https://book.douban.com/subject/26284304/,侧侧轻寒 / 江苏凤凰文艺出版社 / 2015-1-1 / 30.00元,言情,False
30313981,西出玉门 上,https://book.douban.com/subject/30313981/,尾鱼 / 敦煌文艺出版社 / 2018-10 / 42.00元,言情,False
30141285,良陈美锦,https://book.douban.com/subject/30141285/,沉香灰烬、闻檀 / 江苏凤凰文艺出版社 / 2018-3 / 59.8元,言情,False
30270985,良陈美锦·终章,https://book.douban.com/subject/30270985/,沉香灰烬、闻檀 / 江苏文艺出版社 / 2018-8 / 59.8元,言情,False
1361857,豔陽天,https://book.douban.com/subject/1361857/,亦舒 / 果樹出版社有限公司 / 2001-7-11 / 新台币190元,言情,False
36955170,你不知道的事,https://book.douban.com/subject/36955170/,叹西茶 / 天津人民出版社 / 2024-7 / 42.8元,言情,False
26334227,昭奚旧草,https://book.douban.com/subject/26334227/,书海沧生 / 百花洲文艺出版社 / 2015-4 / 49.80元,言情,False
2193908,我的皇后（上）,https://book.douban.com/subject/2193908/,谢楼南 / 重庆出版集团 / 2007-7 / 22.00元,言情,False
2239424,我的皇后（下）,https://book.douban.com/subject/2239424/,谢楼南 / 重庆出版社 / 2007-8 / 22.00元,言情,False
1489555,寂寞空庭春欲晚,https://book.douban.com/subject/1489555/,匪我思存 / 新世界出版社 / 2011-7 / 28.00元,言情,False
1521535,玫瑰的故事,https://book.douban.com/subject/1521535/,[加] 亦舒 / 南海出版公司 / 2002-10 / 22.00元,言情,False
36747143,和离·完结篇,https://book.douban.com/subject/36747143/,九鹭非香 / 湖南文艺出版社 / 52.8,言情,False
26365847,美人为馅,https://book.douban.com/subject/26365847/,丁墨 / 百花洲文艺出版社 / 2015-4 / 35.00元,言情,False
4912789,八夫临门: 三夫四侍真要命,https://book.douban.com/subject/4912789/,张廉 / 台湾三采文化 / 2010年2月,言情,False
36987849,你杀了谁,https://book.douban.com/subject/36987849/,[日] 东野圭吾 / 苏玖龄 / 南海出版公司 / 2025-1 / 59.00元,推理小说,False
37101170,诡计策划师,https://book.douban.com/subject/37101170/,[日] 片冈翔 / 周煜 / 新星出版社 / 2024-12 / 49.00元,推理小说,False
36832093,方舟,https://book.douban.com/subject/36832093/,[日] 夕木春央 / 佳辰 / 中国友谊出版公司 / 2025-1 / 59,推理小说,False
36952611,世界末日前的谋杀,https://book.douban.com/subject/36952611/,[日] 荒木茜 / 董纾含 / 北京日报出版社 / 2024-12-20 / 49.90元,推理小说,False
36743030,恶女的告白,https://book.douban.com/subject/36743030/,[日] 叶真中显 / 吴曦 / 中国友谊出版公司 / 2024-9 / 55.00元,推理小说,False
36858240,怪画谜案,https://book.douban.com/subject/36858240/,[日] 雨穴 / 烨伊 / 台海出版社 / 2024-7 / 55.00元,推理小说,False
35031587,绝叫,https://book.douban.com/subject/35031587/,[日] 叶真中显 / 林佩瑾 / 北京联合出版公司 / 2020-7 / 58.00元,推理小说,False
30475757,圣母,https://book.douban.com/subject/30475757/,[日] 秋吉理香子 / 郑晓蕾 / 新星出版社 / 2019-3 / 42.00,推理小说,False
37115819,罗宾计划,https://book.douban.com/subject/37115819/,[日] 横山秀夫 / 王蕴洁 / 北京联合出版公司 / 2025-1 / 59.00元,推理小说,False
37022270,饭桌追凶,https://book.douban.com/subject/37022270/,[美] 詹姆斯·亚飞、James Yaffe / 郭垚飞 / 浙江文艺出版社 / 2024-10 / 56.00元,推理小说,False
36407256,怪屋谜案,https://book.douban.com/subject/36407256/,[日] 雨穴 / 烨伊 / 台海出版社 / 2023-7-19 / 45.00元,推理小说,False
36826819,七个证人,https://book.douban.com/subject/36826819/,[日] 西村京太郎 / 穆迪 / 新星出版社 / 2024-7 / 52.00元,推理小说,False
37008516,大宋悬疑录：貔貅刑,https://book.douban.com/subject/37008516/,记无忌 / 江苏凤凰文艺出版社 / 2024-11 / 68.00元,推理小说,False
37092926,死亡与魔术师,https://book.douban.com/subject/37092926/,[英] 汤姆·米德 / 许言 / 上海文化出版社 / 2025-1 / 49.00元,推理小说,False
26877752,恶意,https://book.douban.com/subject/26877752/,[日] 东野圭吾 / 娄美莲 / 南海出版公司 / 2016-11 / 39.50元,推理小说,False
36953534,死神广播,https://book.douban.com/subject/36953534/,[日] 白井智之 / 佳辰 / 江苏凤凰文艺出版社 / 2024-8 / 59.00元,推理小说,False
36685230,変な家 2: 〜11の間取り図〜,https://book.douban.com/subject/36685230/,雨穴 / 飛鳥新社 / 2023-12-18 / JPY 1485,推理小说,False
36995035,时钟馆事件,https://book.douban.com/subject/36995035/,[日] 今邑彩 / 佳辰 / 上海文化出版社 / 2024-10 / 49,推理小说,False
36874976,怪谈研究室,https://book.douban.com/subject/36874976/,[日] 三津田信三 / 曹逸冰 / 北京日报出版社 / 2024-12 / 49.90元,推理小说,False
37000496,第十三位陪审员,https://book.douban.com/subject/37000496/,[英] 史蒂夫·卡瓦纳 / 杨沐希 / 百花文艺出版社 / 2024-10 / 48.00元,推理小说,False
36361899,红房间: 江户川乱步诡计篇,https://book.douban.com/subject/36361899/,[日] 江户川乱步 / 竺家荣、马梦瑶 / 河南文艺出版社 / 2023-5 / 52.00元,推理小说,False
37092927,谋杀之轮,https://book.douban.com/subject/37092927/,[英] 汤姆·米德 / 苏米梦 / 上海文化出版社 / 2025-1 / 49.00元,推理小说,False
21371175,罗杰疑案: 阿加莎·克里斯蒂作品02,https://book.douban.com/subject/21371175/,[英] 阿加莎·克里斯蒂 / 常禾 / 新星出版社 / 2013-3 / 28.00元,推理小说,False
34996429,消失的13级台阶,https://book.douban.com/subject/34996429/,[日] 高野和明 / 赵建勋 / 上海文艺出版社 / 2020-5-15 / 42.00元,推理小说,False
36944378,黑暗坡食人树: 全新修订版,https://book.douban.com/subject/36944378/,[日]岛田庄司 / 张翔娜 / 新星出版社 / 2024-11 / 69.00元,推理小说,False
37042978,再见神明,https://book.douban.com/subject/37042978/,[日] 麻耶雄嵩 / 沈佳炜 / 北京日报出版社 / 2024-12 / 45.00元,推理小说,False
36669749,替身计划,https://book.douban.com/subject/36669749/,[日] 山泽晴雄 / 朱东冬 / 新星出版社 / 2024-3 / 49.00元,推理小说,False
37046687,爱丽丝梦境事件,https://book.douban.com/subject/37046687/,[日]辻真先 / 木海 / 浙江文艺出版社 / 2024-11 / 68.00元,推理小说,False
36139365,涅墨西斯的使者,https://book.douban.com/subject/36139365/,[日] 中山七里 / 段白 / 天地出版社 / 2024-5 / 49.00元,推理小说,False
30210250,谁杀了她,https://book.douban.com/subject/30210250/,(日) 东野圭吾 / 袁斌 / 北京十月文艺出版社 / 2018-6 / 49.50元,推理小说,False
26771717,十角馆事件,https://book.douban.com/subject/26771717/,[日] 绫辻行人 / 龚群 / 新星出版社 / 2016-6 / 29.00元,推理小说,False
37172316,象之首,https://book.douban.com/subject/37172316/,白井智之 / Shiguang / 2024-3-25,推理小说,False
25897884,13 67: 陳浩基作品2,https://book.douban.com/subject/25897884/,陳浩基 / 皇冠文化出版有限公司 / 2014-6-9 / NT$350,推理小说,False
37109567,阿缪莱特酒店,https://book.douban.com/subject/37109567/,[日] 方丈贵惠 / 吕灵芝 / 新星出版社 / 2024-12 / 52.00元,推理小说,False
35406149,如首无作祟之物,https://book.douban.com/subject/35406149/,[日] 三津田信三 / 张舟 / 文化发展出版社 / 2021-8 / 68.00,推理小说,False
36497658,エレファントヘッド,https://book.douban.com/subject/36497658/,白井智之 / 角川书店 / 2023-9 / JPY 2145,推理小说,False
36570620,星咏师的记忆,https://book.douban.com/subject/36570620/,[日] 阿津川辰海 / 佳辰 / 贵州人民出版社 / 2024-6 / 58.00元,推理小说,False
26265745,清明上河图密码: 隐藏在千古名画中的阴谋与杀局,https://book.douban.com/subject/26265745/,北京联合出版公司 / 2015-1-1 / 49.90元,推理小说,False
33658616,克莱因壶,https://book.douban.com/subject/33658616/,[日] 冈岛二人 / 张舟 / 化学工业出版社 / 2019-9 / 48.00元,推理小说,False
24859822,无人生还: 阿加莎·克里斯蒂作品10,https://book.douban.com/subject/24859822/,(英)阿加莎·克里斯蒂 / 夏阳 / 新星出版社 / 2013-7 / 28.00元,推理小说,False
36991056,死刑之病,https://book.douban.com/subject/36991056/,[日] 栉木理宇 / 蔡东辉 / 北京联合出版公司 / 2024-10 / 52.00,推理小说,False
36170929,玻璃塔谜案,https://book.douban.com/subject/36170929/,[日] 知念实希人 / 烨伊 / 四川文艺出版社 / 2023-1 / 68.00元,推理小说,False
35430467,时空旅行者的沙漏,https://book.douban.com/subject/35430467/,[日] 方丈贵惠 / 穆迪 / 新星出版社 / 2021-5 / 48.00,推理小说,False
36283547,六个说谎的大学生,https://book.douban.com/subject/36283547/,[日] 浅仓秋成 / 王星星 / 四川文艺出版社 / 2023-4 / 45.00元,推理小说,False
36504668,很久很久以前，在某一个地方，果然......,https://book.douban.com/subject/36504668/,[日] 青柳碧人 / 蔡东辉 / 中国友谊出版公司 / 2023-11-15 / 49.80元,推理小说,False
36462589,玻璃之锤,https://book.douban.com/subject/36462589/,[日] 贵志祐介 / 潘郁灵 / 北京日报出版社 / 2023-11-15 / 59.9,推理小说,False
36641699,深渊,https://book.douban.com/subject/36641699/,深蓝 / 中信出版集团 / 2024-2 / 59.80,推理小说,False
36952612,出版禁止,https://book.douban.com/subject/36952612/,[日] 长江俊和 / 王星星 / 北京日报出版社 / 2024-10 / 45.00元,推理小说,False
37027118,世界上最透明的故事,https://book.douban.com/subject/37027118/,杉井光 / 簡捷 / 皇冠 / 2024-9-30 / NT$360,推理小说,False
35503551,Blue,https://book.douban.com/subject/35503551/,[日] 叶真中显 / 吕灵芝 / 新星出版社 / 2021-7 / 58.00元,推理小说,False
34841936,紫与黑: K.J.帕克短篇小说集,https://book.douban.com/subject/34841936/,[英] K.J.帕克 / 沈恺宇、夜潮音、傅临春、Roc Lee、贝阿朵、恶童、萧贰 / 四川科学技术出版社 / 2020-4 / 69.00元,奇幻,False
36584894,枭起青壤,https://book.douban.com/subject/36584894/,尾鱼 / 四川文艺出版社 / 2024-4 / 135.00元,奇幻,False
36872489,奇幻百科全书,https://book.douban.com/subject/36872489/,[法] 贝亚特丽斯·博泰 / 陈阳 / 上海三联书店 / 2024-11 / 148.00,奇幻,False
30378207,冷宴,https://book.douban.com/subject/30378207/,[英] 乔·阿克罗比 (Joe Abercrombie) / 屈畅、赵琳 / 重庆出版社 / 2019-1 / 93.00元,奇幻,False
21979017,魔戒,https://book.douban.com/subject/21979017/,[英] J.R.R.托尔金 / 邓嘉宛、石中歌、杜蕴慈 / 上海人民出版社 / 2013-9 / 169.00元,奇幻,False
36328704,太白金星有点烦,https://book.douban.com/subject/36328704/,马伯庸 / 湖南文艺出版社 / 2023-6 / 45.00,奇幻,False
24882304,地海传奇1: 地海巫师,https://book.douban.com/subject/24882304/,[美] 厄休拉·勒古恩 / 蔡美玲 / 江苏文艺出版社 / 2013-10-1 / 28.00元,奇幻,False
36628430,六小时后你会死,https://book.douban.com/subject/36628430/,[日] 高野和明 / 张静乔 / 中国友谊出版公司 / 2024-1 / 59.00元,奇幻,False
36799715,迷宫饭14,https://book.douban.com/subject/36799715/,（日）九井谅子 编绘 / 刘晨 / 百花文艺出版社 / 2024-4 / 35.00元,奇幻,False
35603886,猎魔人 卷八: 风暴季节,https://book.douban.com/subject/35603886/,[波兰] 安杰伊·萨普科夫斯基 (Andrzej Sapkowski) / 乌兰、小龙 / 重庆出版社 / 2022-1 / 88.80元,奇幻,False
36504188,城防十六计,https://book.douban.com/subject/36504188/,[英] K.J.帕克 / 钟睿一 / 四川科学技术出版社 / 2023-8 / 58.00元,奇幻,False
24531956,哈利·波特,https://book.douban.com/subject/24531956/,J.K.罗琳 (J.K.Rowling) / 苏农、马爱农、马爱新 / 人民文学出版社 / 2008-12-1 / 498.00元,奇幻,False
36329727,龙骨焚箱,https://book.douban.com/subject/36329727/,尾鱼 / 四川文艺出版社 / 2023-6 / 135.00元,奇幻,False
37179472,她对此感到厌烦2,https://book.douban.com/subject/37179472/,妚鹤 / 北京联合出版公司 / 2024-3-12,奇幻,False
36392723,她对此感到厌烦,https://book.douban.com/subject/36392723/,妚鹤 / 北京联合出版公司 / 2023-4 / 54.80元,奇幻,False
37081419,今夜有龙飞过,https://book.douban.com/subject/37081419/,杨枫 / 中国科学技术出版社 / 2024-12,奇幻,False
1039487,哈利·波特与密室,https://book.douban.com/subject/1039487/,[英] J. K. 罗琳 / 马爱新 / 人民文学出版社 / 2000-9 / 22.00元,奇幻,False
24882313,地海传奇2：地海古墓: 地海古墓,https://book.douban.com/subject/24882313/,(美)厄休拉·勒古恩 / 蔡美玲 / 江苏文艺出版社 / 2013-10-1 / 28.00元,奇幻,False
6082808,百年孤独,https://book.douban.com/subject/6082808/,[哥伦比亚] 加西亚·马尔克斯 / 范晔 / 南海出版公司 / 2011-6 / 39.50元,奇幻,False
35051813,诡秘之主 1,https://book.douban.com/subject/35051813/,爱潜水的乌贼 / 广东旅游出版社 / 2020-5 / 39.80元,奇幻,False
25815081,霍比特人,https://book.douban.com/subject/25815081/,[英]J.R.R. 托尔金 著 / 吴刚 / 上海人民出版社 / 2014-1 / 36.00元,奇幻,False
5912701,查理九世1·黑贝街的亡灵,https://book.douban.com/subject/5912701/,雷欧幻像 / 浙江少年儿童出版社 / 2011-1 / 15.00元,奇幻,False
35092878,三线轮洄 下,https://book.douban.com/subject/35092878/,尾鱼 / 敦煌文艺出版社 / 2020-11 / 48.00元,奇幻,False
34954108,坟场之书,https://book.douban.com/subject/34954108/,[英] 尼尔·盖曼 / 李雅欣 / 江苏凤凰文艺出版社 / 2020-2-21 / 48,奇幻,False
36463571,巴别塔,https://book.douban.com/subject/36463571/,[美]匡灵秀 / 陈阳 / 中信出版集团 / 2023-10 / 98.00元,奇幻,False
36847919,濒死地球之歌,https://book.douban.com/subject/36847919/,[美] 乔治·R.R.马丁、[美] 加德纳·多佐伊斯 / 黄林松、冰村 等 / 重庆出版社 / 2024-10-1 / 186.00,奇幻,False
35740017,我独自升级 1,https://book.douban.com/subject/35740017/,[韩] Chugong (原著)、[韩] DUBU (绘)、秋空 / 羊城晚报出版社 / 2021-12 / 49.00元,奇幻,False
36657407,龙与地下铁,https://book.douban.com/subject/36657407/,马伯庸 / 湖南文艺出版社 / 2024-1 / 49.80元,奇幻,False
36930983,幻镜·志异千年,https://book.douban.com/subject/36930983/,独角兽书系编委会 编 / 重庆出版社 / 2024-11 / 78.00元,奇幻,False
26617142,最后的猎巫人,https://book.douban.com/subject/26617142/,[美] 詹姆斯·莫罗 / 杨晨光 / 外语教学与研究出版社 / 2015-10 / 55.00元,奇幻,False
25752955,来自新世界 （上下）,https://book.douban.com/subject/25752955/,[日] 贵志祐介 / 丁丁虫 / 上海译文出版社 / 2014-1 / 88.00元,奇幻,False
1041007,哈利·波特与魔法石,https://book.douban.com/subject/1041007/,[英] J. K. 罗琳 / 苏农 / 人民文学出版社 / 2000-9 / 19.50元,奇幻,False
1071241,哈利·波特与阿兹卡班的囚徒,https://book.douban.com/subject/1071241/,[英] J. K. 罗琳 / 郑须弥 / 人民文学出版社 / 2000-9 / 26.50元,奇幻,False
36639381,藤本树短篇集 22-26,https://book.douban.com/subject/36639381/,[日] 藤本树 / 吴曦 / 中信出版社 / 2023-12 / 35,奇幻,False
35051814,诡秘之主 2,https://book.douban.com/subject/35051814/,爱潜水的乌贼 / 广东旅游出版社 / 2020-5 / 39.80元,奇幻,False
35051815,诡秘之主 3,https://book.douban.com/subject/35051815/,爱潜水的乌贼 / 广东旅游出版社 / 2020-9-1 / 39.80元,奇幻,False
36641714,谋杀桃乐丝,https://book.douban.com/subject/36641714/,小林泰三 / 丁丁虫 / 北京联合出版公司 / 2023-9 / 42.00元,奇幻,False
26636873,山海经（精美绘本）,https://book.douban.com/subject/26636873/,陈丝雨、孙见坤 / 清华大学出版社 / 2017-6-1 / 128,奇幻,False
35904702,热夜之梦,https://book.douban.com/subject/35904702/,[美] 乔治 R·R·马丁 / 姚向辉 / 湖南文艺出版社 / 2022-11 / 68元,奇幻,False
35719493,中国古代异闻录: 那些历史上的神秘事件,https://book.douban.com/subject/35719493/,呼延云 / 浙江人民出版社 / 2022-5 / 58.00元,奇幻,False
2265312,鬼吹灯Ⅱ之二·南海归墟,https://book.douban.com/subject/2265312/,天下霸唱 / 安徽文艺出版社 / 2007-10 / 28.00元,奇幻,False
36644810,谋杀叮克铃,https://book.douban.com/subject/36644810/,[日] 小林泰三 / 丁丁虫 / 北京联合出版公司 / 2023-9 / 42.00元,奇幻,False
34907838,血与火: 坦格利安王朝史 第一卷,https://book.douban.com/subject/34907838/,[美] 乔治·R·R·马丁 / 屈畅、赵琳 / 重庆出版社 / 2020-2 / 180.00元,奇幻,False
36934940,重现中洲: 艾伦·李的《霍比特人》素描集,https://book.douban.com/subject/36934940/,[英] 艾伦·李 / 邓嘉宛、许湛 校 / 上海人民出版社 / 2024-11 / 128.00元,奇幻,False
27625554,神奇动物在哪里（插图版）,https://book.douban.com/subject/27625554/,[英]纽特·斯卡曼德 / 一目、马爱农 / 人民文学出版社 / 2018-3 / 45.00,奇幻,False
37029615,火旺,https://book.douban.com/subject/37029615/,狐尾的笔 / 花城出版社 / 2024-11 / 99.6,奇幻,False
25826936,冰与火之歌: （1-5卷：权力的游戏、列王的纷争、冰雨的风暴、群鸦的盛宴、魔龙的狂,https://book.douban.com/subject/25826936/,[美]乔治·R.R.马丁 / 谭光磊、屈畅、胡绍晏 / 重庆出版社 / 2013-10-1 / 330.00元,奇幻,False
36848913,花生·琼斯之彩虹城,https://book.douban.com/subject/36848913/,[英] 罗伯·比达尔夫 / 洪宇 / 中国中福会出版社 / 2024-9 / 128.00元,奇幻,False
27034437,最后的独角兽: 作者修订完整版,https://book.douban.com/subject/27034437/,[美] 彼得·毕格 / 王爽 / 湖南文艺出版社 / 2017-11 / 39.80元,奇幻,False
36839021,星眉传奇: 托尔金奇幻故事集,https://book.douban.com/subject/36839021/,[英] J.R.R.托尔金、周鸦 绘 / 郑诗画 / 江苏凤凰文艺出版社 / 2024-6 / 69.80元,奇幻,False
21349726,囚われた甘い獣たち,https://book.douban.com/subject/21349726/,藤崎こう / 芳文社 / 2013-4-27 / JPY 630,日本漫画,False
26975170,甘い懲罰~私は看守専用ペット,https://book.douban.com/subject/26975170/,いづみ翔 / 星雲社 / 2017-2-18 / JPY 700,日本漫画,False
36919549,伊藤润二的漫画术: 恐怖诞生的地方,https://book.douban.com/subject/36919549/,[日] 伊藤润二 / 烨伊 / 中国友谊出版公司 / 2025-1 / 88,日本漫画,False
11638500,花色バージンソイル,https://book.douban.com/subject/11638500/,みなみ 遥 / ビブロス / 2005-3-10 / JPY 590,日本漫画,False
37074767,青春方程式 1-3,https://book.douban.com/subject/37074767/,[日]安达充 / 焦阳 / 新星出版社 / 2025-1 / 168.00元,日本漫画,False
35924664,陰キャな僕が双子に愛される理由 1,https://book.douban.com/subject/35924664/,三ツ矢凡人 / 白泉社 / 2022-8-31 / JPY 748,日本漫画,False
36639380,藤本树短篇集. 17-21,https://book.douban.com/subject/36639380/,[日] 藤本树 / 吴曦 / 中信出版社 / 2023-12 / 35,日本漫画,False
35217357,养狗 然后……养猫,https://book.douban.com/subject/35217357/,[日] 谷口治郎 / [日] 吉井忍 / 新星出版社 / 2024-6 / 36.00元,日本漫画,False
26634871,迷宮飯(01),https://book.douban.com/subject/26634871/,九井諒子 / 望 / 青文出版社 / 2015-10-16 / NT$130,日本漫画,False
35924559,地。―关于地球的运动― 01,https://book.douban.com/subject/35924559/,[日] 鱼丰 / 王钰如 / 九州出版社 / 2022-10 / 48.00元,日本漫画,False
36949042,银河巡警加克,https://book.douban.com/subject/36949042/,[日] 鸟山明 / 如果蓝 / 中信出版社 / 2024-12 / 42.80元,日本漫画,False
36570670,葬送的芙莉蓮 11,https://book.douban.com/subject/36570670/,山田鐘人、阿部司 / 里歐貝萊 / 東立出版社 / 2023-12-22 / NT$120,日本漫画,False
36754306,东京平常日1,https://book.douban.com/subject/36754306/,[日]松本大洋 / 高华鑫 / 海豚出版社 / 2024-4,日本漫画,False
36864855,葬送的芙莉蓮 13,https://book.douban.com/subject/36864855/,原作：山田鐘人、作画：阿部司 / 里歐貝萊 / 東立 / 2024-7-29 / 新台幣110元,日本漫画,False
35356338,葬送的芙莉蓮 01,https://book.douban.com/subject/35356338/,山田鐘人、阿部司 / 里歐貝萊 / 東立出版社 / 2021-5-13 / NT$100,日本漫画,False
35469751,去唱卡拉OK吧！,https://book.douban.com/subject/35469751/,和山やま / 江昱霖 / 東立出版社有限公司 / 2021-5-13 / NTD 140,日本漫画,False
3896447,漂流網咖(01),https://book.douban.com/subject/3896447/,押見修造 / 郝致鈞 / 東立 / 2009年6月22日 / 120元,日本漫画,False
36808328,为你着迷,https://book.douban.com/subject/36808328/,(日)和山山 / 黄文娟 / 海豚出版社 / 2024-5 / 39.00元,日本漫画,False
36639381,藤本树短篇集 22-26,https://book.douban.com/subject/36639381/,[日] 藤本树 / 吴曦 / 中信出版社 / 2023-12 / 35,日本漫画,False
36799715,迷宫饭14,https://book.douban.com/subject/36799715/,（日）九井谅子 编绘 / 刘晨 / 百花文艺出版社 / 2024-4 / 35.00元,日本漫画,False
36640580,写写画画: 全五册,https://book.douban.com/subject/36640580/,[日] 东村明子 / 胡欢欢 / 海豚出版社 / 2024-3 / 150,日本漫画,False
37078776,咒術迴戰 28,https://book.douban.com/subject/37078776/,芥見下々 / 方奕勝 / 東立 / 2024-12-23 / 新台幣 110 元,日本漫画,False
36930604,蓝色巨星（1）,https://book.douban.com/subject/36930604/,(日)石冢真一 / 吴辰天 / 上海人民出版社 / 2024-9 / 39.00,日本漫画,False
35887139,adabana 無實之花（上）,https://book.douban.com/subject/35887139/,[日] NON / 江昱霖 / 東立 / 2022-5-31 / NT$140,日本漫画,False
35926625,沉溺在熱吻之後: 特装版,https://book.douban.com/subject/35926625/,まさき茉生 / 趙秋鳳 / 东立 / 2022-2-20 / NT$180,日本漫画,False
30342369,無節操☆Bitch社 3,https://book.douban.com/subject/30342369/,おげれつたなか / 東立 / 2019-11-6 / NTD 140,日本漫画,False
36437522,大奥 1—6,https://book.douban.com/subject/36437522/,[日]  吉永史 / 吕灵芝、袁斌 / 上海人民出版社 / 2023-11 / 298,日本漫画,False
36447976,路傍のフジイ(1),https://book.douban.com/subject/36447976/,鍋倉夫 / 小学館 / 2023-10-30 / 715 日元,日本漫画,False
26817341,黃金神威（3）,https://book.douban.com/subject/26817341/,野田サトル、野田智 / 賴思宇 / 尖端出版有限公司 / 2016-4-19 / 130NT,日本漫画,False
26817686,黃金神威（4）,https://book.douban.com/subject/26817686/,野田サトル / 賴思宇 / 尖端出版有限公司 / 2016-6-4 / 130NT,日本漫画,False
26849112,黃金神威（5）,https://book.douban.com/subject/26849112/,野田サトル / 赖思宇 / 尖端出版有限公司 / 2016-8-3 / 130NT,日本漫画,False
26871630,黃金神威（6）,https://book.douban.com/subject/26871630/,野田サトル / 賴思宇 / 尖端出版有限公司 / 2016-9-12 / 140NT,日本漫画,False
26922403,黃金神威（7）,https://book.douban.com/subject/26922403/,野田サトル / 赖思宇 / 台湾尖端出版有限公司 / 2016-11-22 / 140NT,日本漫画,False
26954911,黃金神威（8）,https://book.douban.com/subject/26954911/,野田サトル / 赖思宇 / 台湾尖端出版有限公司 / 2017-1-18 / 140NT,日本漫画,False
27045867,黃金神威 (9),https://book.douban.com/subject/27045867/,野田サトル / 赖思宇 / 尖端出版有限公司 / 2017-5-31 / 140NT,日本漫画,False
27115959,黃金神威（10）,https://book.douban.com/subject/27115959/,野田サトル / 赖思宇 / 尖端出版有限公司 / 2017-8-30 / 140NT,日本漫画,False
27153730,黃金神威（11）,https://book.douban.com/subject/27153730/,野田サトル / 赖思宇 / 尖端出版有限公司 / 2018-2-6 / 140NT,日本漫画,False
30144244,黃金神威（12）,https://book.douban.com/subject/30144244/,野田サトル / 賴思宇 / 尖端出版有限公司 / 2018-5-4 / 140NT,日本漫画,False
36807005,ONE PUNCH MAN 一拳超人 30,https://book.douban.com/subject/36807005/,原作：ONE、漫畫：村田雄介 / 吳勵誠 / 東立 / 2024-8-30 / 新台幣110元,日本漫画,False
36679075,葬送的芙莉蓮 12,https://book.douban.com/subject/36679075/,原作：山田鐘人、作画：アベ ツカサ / 里歐貝萊 / 東立 / 2024-2-1 / 新台幣110元,日本漫画,False
36247441,乐与路,https://book.douban.com/subject/36247441/,[日] 浅野一二〇 / 胡欢欢 / 四川美术出版社 / 2023-7 / 68.00元,日本漫画,False
2305834,まいちゃんの日常,https://book.douban.com/subject/2305834/,氏贺Y太、氏賀Y太 / 三和出版株式会社 / 2004年6月1 / 933円,日本漫画,False
36436442,伊藤润二的猫日记: 小四和小六,https://book.douban.com/subject/36436442/,[日]伊藤润二 / 孙雅甜 / 中国友谊出版公司 / 2023-11 / 48,日本漫画,False
1449957,烙印勇士1: 剑风传奇,https://book.douban.com/subject/1449957/,三浦建太郎 / 黃太平 / 台湾东立 / 1994 / 105元,日本漫画,False
36830056,去唱卡拉OK吧!,https://book.douban.com/subject/36830056/,(日)和山山 / 黄文娟 / 海豚出版社 / 2024-5 / 39.00元,日本漫画,False
36727315,强风吹拂: 全六册,https://book.douban.com/subject/36727315/,(日)海野空太  绘、(日)三浦紫苑  原作 / 王钰如 / 中国友谊出版公司 / 2024-11 / 199,日本漫画,False
35356339,葬送的芙莉蓮 02,https://book.douban.com/subject/35356339/,山田鐘人、阿部司 / 里歐貝萊 / 東立出版社 / 2021-7-23 / NT$100,日本漫画,False
35356340,葬送的芙莉蓮 03,https://book.douban.com/subject/35356340/,山田鐘人、阿部司 / 里歐貝萊 / 東立出版社 / 2021-9-10 / NT$100,日本漫画,False
36598491,OPUS（完全版）,https://book.douban.com/subject/36598491/,[日] 今敏 / 小岩井 / 北京联合出版公司 / 2023-11 / 108.00元,日本漫画,False
36799020,JOJO的奇妙冒險PART 9 The JOJOLands (2),https://book.douban.com/subject/36799020/,荒木 飛呂彦 / 吳勵誠 / 東立 / 2024-12-12 / 新台幣 120 元,日本漫画,False
1044547,射雕英雄传,https://book.douban.com/subject/1044547/,金庸 / 生活·读书·新知三联书店 / 1999-04 / 47.00元,武侠,False
1255625,天龙八部,https://book.douban.com/subject/1255625/,金庸 / 生活·读书·新知三联书店 / 1994-5 / 96.00元,武侠,False
1002299,笑傲江湖（全四册）,https://book.douban.com/subject/1002299/,金庸 / 生活·读书·新知三联书店 / 1994-5 / 76.80元,武侠,False
1070851,倚天屠龙记,https://book.douban.com/subject/1070851/,金庸 / 生活·读书·新知三联书店 / 1999-04 / 47.00,武侠,False
10466761,倚天屠龙记,https://book.douban.com/subject/10466761/,金庸 / 广州出版社 / 2012-8 / 96.00元,武侠,False
1255624,神雕侠侣,https://book.douban.com/subject/1255624/,金庸 / 有1996年11月北平第4次印本 / 生活·读书·新知三联书店 / 1994-5 / 76.80元,武侠,False
10466059,射雕英雄传,https://book.douban.com/subject/10466059/,金庸 / 广州出版社 / 2013-4 / 96.00元,武侠,False
6969096,连城诀,https://book.douban.com/subject/6969096/,金庸 / 广州出版社 / 2012-8 / 25.00元,武侠,False
6969074,天龙八部（全5册）,https://book.douban.com/subject/6969074/,金庸 / 广州出版社 / 2011-11 / 123.00元,武侠,False
4832584,笑傲江湖,https://book.douban.com/subject/4832584/,金庸 / 广州出版社 / 2011-11 / 98.00元,武侠,False
36788045,江湖的倒影: 金庸的武侠世界与人生寓言,https://book.douban.com/subject/36788045/,彭洁明 / 岳麓书社 / 2024-3 / 88,武侠,False
34803050,吉祥纹莲花楼,https://book.douban.com/subject/34803050/,藤萍 / 浙江文艺出版社 / 2019-9 / 109.00元,武侠,False
20397330,小李飞刀1：多情剑客无情剑（上中下）,https://book.douban.com/subject/20397330/,古龙 / 河南文艺出版社 / 2013-4-1 / 96.00元,武侠,False
1212893,鹿鼎记,https://book.douban.com/subject/1212893/,金庸 / 广州出版社 花城出版社 / 2008-3 / 108.00元,武侠,False
36229481,天之下,https://book.douban.com/subject/36229481/,三弦 / 2020-12,武侠,False
26322283,天龙八部（新修版）,https://book.douban.com/subject/26322283/,金庸 / 广州出版社 / 2013-4-1 / CNY 138.00,武侠,False
1559310,鹿鼎记,https://book.douban.com/subject/1559310/,金庸 / 生活·读书·新知三联书店 / 1994-5 / 96.00元,武侠,False
20397326,小李飞刀3：九月鹰飞（上下）,https://book.douban.com/subject/20397326/,古龙 / 河南文艺出版社 / 2013-4-1 / 59.00元,武侠,False
3128115,鸳鸯刀,https://book.douban.com/subject/3128115/,金庸,武侠,False
24870338,三少爷的剑: 上下册,https://book.douban.com/subject/24870338/,古龙 / 河南文艺出版社 / 2013-5-1 / 49,武侠,False
20516999,陆小凤传奇1：金鹏王朝,https://book.douban.com/subject/20516999/,古龙 / 河南文艺出版社 / 2013-5-1 / 32.00元,武侠,False
20516997,陆小凤传奇4：银钩赌坊,https://book.douban.com/subject/20516997/,古龙 / 河南文艺出版社 / 2013-5-1 / 29.00元,武侠,False
26592708,射雕英雄传（新修版）,https://book.douban.com/subject/26592708/,金庸 / 广州出版社 / 2013-4-1 / CNY 108.00,武侠,False
6560171,杯雪（全二册）,https://book.douban.com/subject/6560171/,小椴 / 新世界 / 2011-10 / 65.00元,武侠,False
20397327,小李飞刀2：边城浪子（上下）,https://book.douban.com/subject/20397327/,古龙 / 河南文艺出版社 / 2013-4-1 / 72.00元,武侠,False
20397334,楚留香新传1：借尸还魂,https://book.douban.com/subject/20397334/,古龙 / 河南文艺出版社 / 2013-4-15 / 24.00元,武侠,False
1422833,多情剑客无情剑,https://book.douban.com/subject/1422833/,古龙 / 海天出版社 / 1991-12-01 / 49.8,武侠,False
4116115,神雕侠侣,https://book.douban.com/subject/4116115/,金庸 / 广州出版社 / 2011-11 / 88.元,武侠,False
1264579,欢乐英雄,https://book.douban.com/subject/1264579/,古龙 / 珠海出版社 / 2005-8 / 28.00元,武侠,False
1068308,雪山飞狐,https://book.douban.com/subject/1068308/,金庸 / 生活·读书·新知三联书店 / 1999-04 / 12.00元,武侠,False
19987769,白发魔女传,https://book.douban.com/subject/19987769/,梁羽生 / 中山大学出版社 / 2012-11 / 46.00元,武侠,False
1789842,侠客行,https://book.douban.com/subject/1789842/,金庸 / 生活·读书·新知三联书店 / 1994-5 / 38.00,武侠,False
26331518,连城诀,https://book.douban.com/subject/26331518/,金庸 / 广州出版社 / 2013-4 / CNY 26.00,武侠,False
25714176,雪中悍刀行 1: 西北有雏凤,https://book.douban.com/subject/25714176/,烽火戏诸侯 / 江苏文艺出版社 / 2013-9-1 / 25.00元,武侠,False
1667254,飞狐外传（上下册）,https://book.douban.com/subject/1667254/,金庸 / 生活·读书·新知三联书店 / 1994-5 / 27.50元,武侠,False
3211103,"越女剑: Beautiful Rooms, Inspiring Stories",https://book.douban.com/subject/3211103/,金庸 / Simon & Schuster / 2008-09-09 / USD 25.00,武侠,False
36996254,剑来45：彩云一片城,https://book.douban.com/subject/36996254/,烽火戏诸侯 / 浙江文艺出版社 / 2024-7 / 48.00元,武侠,False
1793132,白马啸西风,https://book.douban.com/subject/1793132/,金庸 / 海口-南海出版社 / 1993.11,武侠,False
35768115,千秋,https://book.douban.com/subject/35768115/,梦溪石 / 天地出版社 / 2022-2 / 78.00（全2册）,武侠,False
36955784,镖人：卷十二: 卷十二,https://book.douban.com/subject/36955784/,许先哲 / 北京联合出版公司 / 2024-8 / 59.90元,武侠,False
24740296,书剑恩仇录（新修版）,https://book.douban.com/subject/24740296/,金庸 / 广州出版社 / 2013-4 / CNY 53.00,武侠,False
20516994,陆小凤传奇7：剑神一笑,https://book.douban.com/subject/20516994/,古龙 / 河南文艺出版社 / 2013-5 / 29.00元,武侠,False
20516993,陆小凤传奇6：凤舞九天,https://book.douban.com/subject/20516993/,古龙 / 河南文艺出版社 / 2013-5-1 / 36.00元,武侠,False
20516998,陆小凤传奇2：绣花大盗,https://book.douban.com/subject/20516998/,古龙 / 河南文艺出版社 / 2013-5-1 / 26.00元,武侠,False
20516996,陆小凤传奇3：决战前后,https://book.douban.com/subject/20516996/,古龙 / 河南文艺出版社 / 2013-5-1 / 29.00元,武侠,False
20516992,陆小凤传奇5：幽灵山庄,https://book.douban.com/subject/20516992/,古龙 / 河南文艺出版社 / 2013-5-1 / 32.00元,武侠,False
27146350,三少爷的剑,https://book.douban.com/subject/27146350/,古龙 / 文汇出版社 / 2017-9 / 69.00元,武侠,False
1789841,倚天屠龙记,https://book.douban.com/subject/1789841/,金庸 / 生活·读书·新知三联书店 / 1994年5月 / 76.80,武侠,False
1442035,连城诀,https://book.douban.com/subject/1442035/,金庸 / 生活·读书·新知三联书店 / 1994-5 / 18.60元,武侠,False
1442037,书剑恩仇录: 情深不寿，强极则辱,https://book.douban.com/subject/1442037/,金庸 / 生活·读书·新知三联书店 / 1994-5 / 38.00元,武侠,False
37136896,奇洛李维斯回信,https://book.douban.com/subject/37136896/,清明谷雨 / 作家出版社 / 2024-6,耽美,False
36181294,一屋暗灯,https://book.douban.com/subject/36181294/,麦香鸡呢 / 广东旅游出版社 / 2022-10 / 54.80元,耽美,False
36327424,天官赐福,https://book.douban.com/subject/36327424/,墨香铜臭 / 广东旅游出版社 / 2023-3 / 329.00元,耽美,False
36094951,吞海,https://book.douban.com/subject/36094951/,淮上 / 广东旅游出版社 / 2022-7-1 / 55.00元,耽美,False
11638500,花色バージンソイル,https://book.douban.com/subject/11638500/,みなみ 遥 / ビブロス / 2005-3-10 / JPY 590,耽美,False
35924664,陰キャな僕が双子に愛される理由 1,https://book.douban.com/subject/35924664/,三ツ矢凡人 / 白泉社 / 2022-8-31 / JPY 748,耽美,False
36768458,校园公约,https://book.douban.com/subject/36768458/,榆鱼 / 中国言实出版社 / 2024-4 / 49.8,耽美,False
35923341,人鱼陷落,https://book.douban.com/subject/35923341/,麟潜 / 湖南文艺出版社 / 2022-7 / 52.80元,耽美,False
36832615,等我·遇繁,https://book.douban.com/subject/36832615/,酱子贝 / 国际文化出版公司 / 2024-4 / 52.8,耽美,False
3998553,花色バージンソイル,https://book.douban.com/subject/3998553/,みなみ遥 / リブレ出版 / 2008年1月4日 / 600円,耽美,False
35160284,某某,https://book.douban.com/subject/35160284/,木苏里 / 江苏凤凰文艺出版社 / 2020-8 / 49.80元,耽美,False
35469751,去唱卡拉OK吧！,https://book.douban.com/subject/35469751/,和山やま / 江昱霖 / 東立出版社有限公司 / 2021-5-13 / NTD 140,耽美,False
35139523,小蘑菇: 审判日,https://book.douban.com/subject/35139523/,一十四洲 / 北京联合出版公司 / 2020-7 / 49.8元,耽美,False
35989396,我只喜欢你的人设,https://book.douban.com/subject/35989396/,稚楚 / 广东旅游出版社 / 2022-7 / 49.80元,耽美,False
36480765,欲言难止,https://book.douban.com/subject/36480765/,麦香鸡呢 / 长江出版社 / 2023-7 / 46.80 元,耽美,False
35003415,将进酒,https://book.douban.com/subject/35003415/,唐酒卿 / 江苏凤凰文艺出版社 / 2020-4 / 68.00（二册）,耽美,False
27608412,默读,https://book.douban.com/subject/27608412/,Priest / 百花洲文艺出版社 / 2018-1 / 45.00,耽美,False
34467283,破云,https://book.douban.com/subject/34467283/,淮上 / 江苏凤凰文艺出版社 / 2019-6 / 49.80元,耽美,False
30366217,魔道祖师：无羁,https://book.douban.com/subject/30366217/,墨香铜臭 / 四川文艺出版社 / 2018-12 / 48.00,耽美,False
36991588,尾钩,https://book.douban.com/subject/36991588/,左岸 / 海棠出版社 / 2024-8 / MOP 90,耽美,False
36351347,交易沦陷,https://book.douban.com/subject/36351347/,在下小神j / 2022,耽美,False
35913815,大珰,https://book.douban.com/subject/35913815/,折一枚针 / 槐安出版社 / 2022-3 / HK$138.00,耽美,False
35141790,小蘑菇：默示录: 大结局,https://book.douban.com/subject/35141790/,一十四洲 / 北京联合出版公司 / 2020-7 / 49.8元,耽美,False
35607423,义父,https://book.douban.com/subject/35607423/,尼罗 / 哔啵文化 / 2021-9-19 / USD 42.99,耽美,False
36631194,偷风不偷月: 第一册,https://book.douban.com/subject/36631194/,北南 / 贵州人民出版社 / 2024-8 / 55,耽美,False
26275998,寒武再临,https://book.douban.com/subject/26275998/,水千丞 / 百花洲文艺出版社 / 2014-12 / 26.80元,耽美,False
26718930,俺のパンツが人質にとられています,https://book.douban.com/subject/26718930/,春田 / 一迅社 / 2016-3-15 / JPY 734,耽美,False
30384054,残次品,https://book.douban.com/subject/30384054/,Priest / 江苏凤凰文艺出版社 / 2018-12 / 85.00元,耽美,False
37027288,等我·逢景,https://book.douban.com/subject/37027288/,酱子贝 / 国际文化出版公司 / 2024-11 / 52.8元,耽美,False
36702049,洄天: 第一册,https://book.douban.com/subject/36702049/,淮上 / 中信出版社 / 2024-1 / 55,耽美,False
35652811,楚天以南,https://book.douban.com/subject/35652811/,大风不是木偶 / 北京燕山出版社 / 2021-11 / 49.8,耽美,False
35297582,入池·3,https://book.douban.com/subject/35297582/,骑鲸南去 / 江苏凤凰文艺出版社 / 2021-2 / 49.80元,耽美,False
35920853,入池·完结篇,https://book.douban.com/subject/35920853/,骑鲸南去 / 天地出版社 / 2022-6 / 49.80,耽美,False
34912747,破云2,https://book.douban.com/subject/34912747/,淮上 / 江苏凤凰文艺出版社 / 2020-6 / 49.80元,耽美,False
35225417,翻车指南,https://book.douban.com/subject/35225417/,酱子贝 / 江苏凤凰文艺出版社 / 2020-10 / 68,耽美,False
34429608,伪装学渣,https://book.douban.com/subject/34429608/,木瓜黄 / 北京时代华文书局 / 2019-6 / 39.80元,耽美,False
36414392,惊封,https://book.douban.com/subject/36414392/,壶鱼辣椒 / 广东旅游出版社 / 2023-7 / 49.8,耽美,False
30342369,無節操☆Bitch社 3,https://book.douban.com/subject/30342369/,おげれつたなか / 東立 / 2019-11-6 / NTD 140,耽美,False
36899544,一颗苹果: 全两册,https://book.douban.com/subject/36899544/,孟还 / 海棠出版社 / 2022-9 / HKD 205,耽美,False
30435791,保鑣: （全二冊）,https://book.douban.com/subject/30435791/,香小陌、広 / 凌雲工作室 / 2015-3 / NTD 1280,耽美,False
34939308,我喜歡你的信息素 上,https://book.douban.com/subject/34939308/,引路星 / 沒譜文化出版社 / 2020-2 / NTD350,耽美,False
34939309,我喜歡你的信息素 下,https://book.douban.com/subject/34939309/,引路星 / 沒譜文化出版社 / 2020-2 / NTD 350,耽美,False
36792292,刺骨,https://book.douban.com/subject/36792292/,酸菜坛子 / 长江出版社 / 2024-5 / 45,耽美,False
36166625,キライナオトコ,https://book.douban.com/subject/36166625/,小指 / 徳間書店 / 2023-1-25,耽美,False
35301956,全球高考,https://book.douban.com/subject/35301956/,木苏里 / 北京燕山出版社 / 2020-12 / 180.00元,耽美,False
36580733,红白囍,https://book.douban.com/subject/36580733/,AyeAyeCaptain / 北京联合出版公司 / 2023-11 / 52.80元,耽美,False
27094488,过门,https://book.douban.com/subject/27094488/,priest、阿牧 / 2016-10-1 / 16.90,耽美,False
35788306,黒ギャルになったから親友とヤってみた。,https://book.douban.com/subject/35788306/,織島ユポポ / 2020-7-17,耽美,False
35788307,黒ギャルになったから親友とヤってみた。(2),https://book.douban.com/subject/35788307/,織島ユポポ / 2021-4-16,耽美,False
27075479,人渣反派自救系統 上,https://book.douban.com/subject/27075479/,墨香銅臭 / 平心工作室 / 2017-7-24 / NTD 330,耽美,False
37180039,金桃,https://book.douban.com/subject/37180039/,杨晚晴 / 四川科学技术出版社 / 2025 / 75,科幻小说,False
35494160,挽救计划,https://book.douban.com/subject/35494160/,[美] 安迪·威尔 / 耿辉 / 译林出版社 / 2021-9 / 68.00,科幻小说,False
33658616,克莱因壶,https://book.douban.com/subject/33658616/,[日] 冈岛二人 / 张舟 / 化学工业出版社 / 2019-9 / 48.00元,科幻小说,False
35170896,平面国: 多维空间传奇往事,https://book.douban.com/subject/35170896/,[英] 埃德温·A.艾勃特 / 鲁冬旭 / 上海文化出版社 / 2020-8 / 39.80元,科幻小说,False
36480385,阿西莫夫科幻短篇全集 1: 最后的问题,https://book.douban.com/subject/36480385/,[美] 艾萨克·阿西莫夫 / 老光 / 江苏凤凰文艺出版社 / 2023-12-1 / 119.00元,科幻小说,False
36831351,献灯使,https://book.douban.com/subject/36831351/,[日本] 多和田叶子 / 蕾克 / 广西师范大学出版社 / 2025-1 / 65.00元,科幻小说,False
36715864,天钧,https://book.douban.com/subject/36715864/,[美] 厄休拉·勒古恩 / 夏星 / 北京日报出版社 / 2024-10-15 / 49.9元,科幻小说,False
35330057,未来学大会,https://book.douban.com/subject/35330057/,[波] 斯坦尼斯瓦夫·莱姆 / 许东华 / 译林出版社 / 2021-8 / 42.00元,科幻小说,False
35049755,索拉里斯星,https://book.douban.com/subject/35049755/,[波] 斯坦尼斯瓦夫·莱姆 / 靖振忠 / 译林出版社 / 2021-8 / 49.00元,科幻小说,False
36723176,孤绝之星,https://book.douban.com/subject/36723176/,索何夫 / 四川科学技术出版社 / 2024-12 / 58.00元,科幻小说,False
36953532,2181序曲,https://book.douban.com/subject/36953532/,顾适 / 新星出版社 / 2024-7 / 58.00元,科幻小说,False
36701790,仿生人会梦见电子羊吗?,https://book.douban.com/subject/36701790/,[美] 菲利普·迪克 / 姚向辉 / 江苏凤凰文艺出版社 / 2024-10-15 / 59.90元,科幻小说,False
36577822,米奇7号,https://book.douban.com/subject/36577822/,[美]爱德华·阿什顿 / 王雪妍 / 南海出版公司 / 2024-2 / 59.00元,科幻小说,False
37013827,如果我们将在25岁死去,https://book.douban.com/subject/37013827/,[日] 砂川雨路 / 丁丁虫 / 新星出版社 / 2024-10 / 56.00元,科幻小说,False
2567698,三体: “地球往事”三部曲之一,https://book.douban.com/subject/2567698/,刘慈欣 / 重庆出版社 / 2008-1 / 23.00,科幻小说,False
26264967,神们自己: 关于平行宇宙的一切,https://book.douban.com/subject/26264967/,[美] 艾萨克·阿西莫夫 / 崔正男 / 江苏凤凰文艺出版社 / 2014-12-1 / 39.00元,科幻小说,False
35802914,如果我们无法以光速前行,https://book.douban.com/subject/35802914/,[韩] 金草叶 / 春喜 / 四川科学技术出版社 / 2022-6 / 42.00元,科幻小说,False
3066477,三体Ⅱ: 黑暗森林,https://book.douban.com/subject/3066477/,刘慈欣 / 重庆出版社 / 2008-5 / 32.00,科幻小说,False
35989392,献给阿尔吉侬的花束,https://book.douban.com/subject/35989392/,[美] 丹尼尔·凯斯 / 陈澄和 / 河南文艺出版社 / 2022-8-1 / 48.00元,科幻小说,False
36985532,血孩子,https://book.douban.com/subject/36985532/,[美] 奥克塔维娅·E.巴特勒 / 吴华 / 中国友谊出版公司 / 2025-2 / 55.00,科幻小说,False
37124490,再见了，木星,https://book.douban.com/subject/37124490/,[日]小松左京 / 马彦荣、徐莎莎 / 译林出版社 / 2025-3-1,科幻小说,False
33420947,三体全集,https://book.douban.com/subject/33420947/,刘慈欣 / 读客文化 / 2018-11-26,科幻小说,False
35462687,盲视,https://book.douban.com/subject/35462687/,[加] 彼得·沃茨 / 胡纾 / 理想国 ｜ 北京日报出版社 / 2021-7 / 62.00元,科幻小说,False
36351326,地球尽头的温室,https://book.douban.com/subject/36351326/,金草叶 / 胡椒筒 / 花城出版社 / 2023-5-15 / 49.00元,科幻小说,False
36511604,逃离未来,https://book.douban.com/subject/36511604/,(日) 小林泰三 / 丁丁虫 / 译林出版社 / 2023-10 / 56.00元,科幻小说,False
26295448,你一生的故事: 特德·姜科幻小说集,https://book.douban.com/subject/26295448/,[美] 特德·姜 / 李克勤、王荣生、姚向辉 / 译林出版社 / 2015-5 / 36.00元,科幻小说,False
30471298,2001：太空漫游: 《太空漫游四部曲》第1部,https://book.douban.com/subject/30471298/,[英] 阿瑟·克拉克 / 郝明义 / 上海文艺出版社 / 2019-4-10 / 62.00元,科幻小说,False
36126737,我们生活在南京,https://book.douban.com/subject/36126737/,天瑞说符 / 中信出版社 / 2022-12 / 99.80元,科幻小说,False
37149565,水星逆行,https://book.douban.com/subject/37149565/,双翅目 / 译林出版社 / 2025-1 / 59.00,科幻小说,False
34672178,你一生的故事,https://book.douban.com/subject/34672178/,[美] 特德·姜 / 李克勤、王荣生、姚向辉 / 译林出版社 / 2019-12 / 42.00元,科幻小说,False
35701052,接触,https://book.douban.com/subject/35701052/,[美] 卡尔·萨根 / 虞北冥 / 上海科学技术文献出版社 / 2022-2 / 68,科幻小说,False
37163249,蜂群城市,https://book.douban.com/subject/37163249/,王宽 / 文化艺术出版社 / 2024-12 / 58.00元,科幻小说,False
33391690,地球无应答,https://book.douban.com/subject/33391690/,王诺诺 / 湖南文艺出版社 / 2019-4 / 42.00元,科幻小说,False
26423329,带上她的眼睛: 刘慈欣科幻短篇小说集Ⅰ,https://book.douban.com/subject/26423329/,刘慈欣 / 有2019年1月成都2印本 / 四川科学技术出版社 / 2015-6 / 34.00,科幻小说,False
36628431,行星语书店,https://book.douban.com/subject/36628431/,[韩] 金草叶 / 王志国 / 中国友谊出版公司 / 2024-3 / 49.80元,科幻小说,False
22542737,银河帝国15：苍穹一粟,https://book.douban.com/subject/22542737/,[美] 艾萨克·阿西莫夫 / 叶李华 / 江苏文艺出版社 / 2014-1-20 / 29.90元,科幻小说,False
26389900,银河帝国1：基地: 银河帝国1,https://book.douban.com/subject/26389900/,[美] 艾萨克·阿西莫夫 / 叶李华 / 江苏凤凰文艺出版社 / 2015-10 / 45.00元,科幻小说,False
27001144,十三层空间: 幻世-3,https://book.douban.com/subject/27001144/,[美] 丹尼尔·加卢耶 / 赵伟轩 / 四川科学技术出版社 / 2017-4 / 20.00元,科幻小说,False
5363767,三体Ⅲ: 死神永生,https://book.douban.com/subject/5363767/,刘慈欣 / 重庆出版社 / 2010-11 / 38.00元,科幻小说,False
25829693,永恒的终结: 关于时间旅行的终极奥秘和恢宏构想,https://book.douban.com/subject/25829693/,[美] 艾萨克·阿西莫夫 / 崔正男 / 江苏凤凰文艺出版社 / 2014-9 / 32.00元,科幻小说,False
24531956,哈利·波特,https://book.douban.com/subject/24531956/,J.K.罗琳 (J.K.Rowling) / 苏农、马爱农、马爱新 / 人民文学出版社 / 2008-12-1 / 498.00元,科幻小说,False
26861460,环界2: 螺旋,https://book.douban.com/subject/26861460/,[日] 铃木光司 / 许木兰 / 南海出版公司 / 2017-1-1 / 39,科幻小说,False
35268281,其主之声,https://book.douban.com/subject/35268281/,[波] 斯坦尼斯瓦夫·莱姆 / 由美 / 译林出版社 / 2021-8 / 46.00元,科幻小说,False
35596032,山: 刘慈欣科幻漫画系列第3辑,https://book.douban.com/subject/35596032/,刘慈欣、Rubén Pellejero / 中信出版集团 / 2021-11 / 78.00元,科幻小说,False
1394364,银河系漫游指南,https://book.douban.com/subject/1394364/,[英] 道格拉斯·亚当斯 / 徐百柯 / 四川科学技术出版社 / 2005-6 / 16.00元,科幻小说,False
36168149,莱博维茨的赞歌,https://book.douban.com/subject/36168149/,[美] 小沃尔特·M.米勒 / 栾杰 / 北京日报出版社 / 2023-4 / 49.9元,科幻小说,False
36808898,土狼星,https://book.douban.com/subject/36808898/,[美]艾伦·斯蒂尔 / 张涵 / 新星出版社 / 2024-6 / 68.00元,科幻小说,False
37169459,冷湖 Ⅶ：冷湖纪元: 第七届冷湖科幻文学奖获奖作品集,https://book.douban.com/subject/37169459/,八光分文化 编 / 四川科学技术出版社 / 2024-12,科幻小说,False
37230214,从渔阳里出发,https://book.douban.com/subject/37230214/,陈晨 / 陕西师范大学出版总社 / 2025-1-1 / 59.00,科幻小说,False
37237566,怪兽迷宫: 罗伯特·谢克里科幻小说集 II,https://book.douban.com/subject/37237566/,[美] 罗伯特·谢克里 / 罗妍莉、陈阳 / 新星出版社 / 2025-3 / 66,科幻小说,False
36573581,十日终焉·囚笼,https://book.douban.com/subject/36573581/,杀虫队队员 / 江苏凤凰文艺出版社 / 2023-10 / 46.80元,网络小说,False
36838882,十日终焉·万相,https://book.douban.com/subject/36838882/,杀虫队队员 / 江苏凤凰文艺出版社 / 2024-12 / 46.80元,网络小说,False
36835658,十日终焉·不息,https://book.douban.com/subject/36835658/,杀虫队队员 / 江苏凤凰文艺出版社 / 2024-6 / 46.80元,网络小说,False
36838883,十日终焉·乐园,https://book.douban.com/subject/36838883/,杀虫队队员 / 江苏凤凰文艺出版社 / 2024-10 / 46.80元,网络小说,False
36718643,十日终焉·迷城,https://book.douban.com/subject/36718643/,杀虫队队员 / 江苏凤凰文艺出版社 / 2024-3 / 46.80元,网络小说,False
37029615,火旺,https://book.douban.com/subject/37029615/,狐尾的笔 / 花城出版社 / 2024-11 / 99.6,网络小说,False
37027195,穿进赛博游戏后干掉BOSS成功上位,https://book.douban.com/subject/37027195/,桉柏 / 浙江少年儿童出版社,网络小说,False
35285918,大奉打更人,https://book.douban.com/subject/35285918/,卖报小郎君 / 追梦人出版社、中国文学艺术出版社 / 2020-11-1 / 87,网络小说,False
36835657,十日终焉·白羊,https://book.douban.com/subject/36835657/,杀虫队队员 / 江苏凤凰文艺出版社 / 2025-3 / 48.00元,网络小说,False
35956608,大奉打更人 第一卷: 税银风波,https://book.douban.com/subject/35956608/,卖报小郎君 / 人民文学出版社 / 2022-6 / 49.00元,网络小说,False
36093240,大奉打更人 第二卷: 妖乱桑泊,https://book.douban.com/subject/36093240/,卖报小郎君 / 人民文学出版社 / 2022-9 / 49.00元,网络小说,False
36336675,大奉打更人 第三卷: 云州迷踪,https://book.douban.com/subject/36336675/,卖报小郎君 / 人民文学出版社 / 2023-3 / 49.00元,网络小说,False
36336687,大奉打更人 第四卷: 案起宫城,https://book.douban.com/subject/36336687/,卖报小郎君 / 人民文学出版社 / 2023-3 / 49.00元,网络小说,False
36341976,大奉打更人 第五卷: 佛意问心,https://book.douban.com/subject/36341976/,卖报小郎君 / 人民文学出版社 / 2023-4 / 49.00元,网络小说,False
36327424,天官赐福,https://book.douban.com/subject/36327424/,墨香铜臭 / 广东旅游出版社 / 2023-3 / 329.00元,网络小说,False
36085142,从红月开始,https://book.douban.com/subject/36085142/,黑山老鬼 / 北京联合出版公司 / 2022-9 / 49.80元,网络小说,False
37112877,白烁上神（全2册）,https://book.douban.com/subject/37112877/,星零 / 江苏凤凰文艺出版社 / 2024-11 / 69.8元,网络小说,False
35960200,我要上学,https://book.douban.com/subject/35960200/,红刺北 / 中国友谊出版公司 / 2022-6 / 49.80元,网络小说,False
36556023,大奉打更人 第六卷: 天人之争,https://book.douban.com/subject/36556023/,卖报小郎君 / 人民文学出版社 / 2023-9 / 49.00元,网络小说,False
36637632,大奉打更人 第七卷: 血屠千里,https://book.douban.com/subject/36637632/,卖报小郎君 / 人民文学出版社 / 2023-11 / 49.00元,网络小说,False
36798488,大奉打更人 第八卷: 江湖路远,https://book.douban.com/subject/36798488/,卖报小郎君 / 人民文学出版社 / 2024-2 / 49.00元,网络小说,False
36819044,大奉打更人 第九卷: 国士无双,https://book.douban.com/subject/36819044/,卖报小郎君 / 人民文学出版社 / 2024-3 / 49.00元,网络小说,False
36854896,大奉打更人 第十卷: 匹夫一怒,https://book.douban.com/subject/36854896/,卖报小郎君 / 人民文学出版社 / 2024-4 / 49.00元,网络小说,False
36893099,大奉打更人 第十一卷: 少年羁旅,https://book.douban.com/subject/36893099/,卖报小郎君 / 人民文学出版社 / 2024-5 / 49.00元,网络小说,False
36911182,大奉打更人 第十二卷: 雍州风云,https://book.douban.com/subject/36911182/,卖报小郎君 / 人民文学出版社 / 2024-6 / 49.00,网络小说,False
36955267,绍宋,https://book.douban.com/subject/36955267/,榴弹怕水、榴彈怕水 / 春风文艺出版社 / 2024-5 / 158.00元,网络小说,False
35296868,难哄,https://book.douban.com/subject/35296868/,竹已 / 江苏凤凰文艺出版社 / 2020-12 / 48.00元,网络小说,False
35179822,入池,https://book.douban.com/subject/35179822/,骑鲸南去 / 江苏凤凰文艺出版社 / 2020-9 / 49.80元,网络小说,False
36329727,龙骨焚箱,https://book.douban.com/subject/36329727/,尾鱼 / 四川文艺出版社 / 2023-6 / 135.00元,网络小说,False
36647809,桥头楼上,https://book.douban.com/subject/36647809/,Priest / 国际文化出版公司 / 2024-3 / 52.80元,网络小说,False
36094951,吞海,https://book.douban.com/subject/36094951/,淮上 / 广东旅游出版社 / 2022-7-1 / 55.00元,网络小说,False
35609074,穿堂惊掠琵琶声,https://book.douban.com/subject/35609074/,高台树色 / 广东旅游出版社 / 2021-9 / 49.80元,网络小说,False
36996254,剑来45：彩云一片城,https://book.douban.com/subject/36996254/,烽火戏诸侯 / 浙江文艺出版社 / 2024-7 / 48.00元,网络小说,False
30336340,撒野,https://book.douban.com/subject/30336340/,巫哲 / 北京联合出版公司 / 2018-10-22 / 45.00元,网络小说,False
36442379,异常生物见闻录,https://book.douban.com/subject/36442379/,远瞳 / 2018,网络小说,False
36229481,天之下,https://book.douban.com/subject/36229481/,三弦 / 2020-12,网络小说,False
2117552,历史的尘埃 1: 兽城风云,https://book.douban.com/subject/2117552/,知秋 / 九州出版社 / 2007-5 / 22.00元,网络小说,False
36448808,黎明之剑,https://book.douban.com/subject/36448808/,远瞳 / 2022,网络小说,False
34884826,大道朝天 一：临江仙,https://book.douban.com/subject/34884826/,猫腻 / 云南美术出版社 / 2019-11 / 49.00元,网络小说,False
35565643,判·闻时,https://book.douban.com/subject/35565643/,木苏里 / 湖南文艺出版社 / 2021-8 / 58.00元,网络小说,False
35691375,判·尘不到,https://book.douban.com/subject/35691375/,木苏里 / 湖南文艺出版社 / 2021-12 / 54.80元,网络小说,False
4737329,龙族Ⅰ: 火之晨曦,https://book.douban.com/subject/4737329/,江南 / 长江出版社 / 2010-4 / 24.80元,网络小说,False
35139523,小蘑菇: 审判日,https://book.douban.com/subject/35139523/,一十四洲 / 北京联合出版公司 / 2020-7 / 49.8元,网络小说,False
36676218,秦吏,https://book.douban.com/subject/36676218/,七月新番,网络小说,False
36996113,剑来46：人间半部书,https://book.douban.com/subject/36996113/,烽火戏诸侯 / 浙江文艺出版社 / 2024-7 / 48.00元,网络小说,False
37042857,谢家的短命鬼长命百岁了,https://book.douban.com/subject/37042857/,怡然 / 四川大学出版社 / 2024-1-1,网络小说,False
36827653,异兽迷城,https://book.douban.com/subject/36827653/,彭湃 / 百花文艺出版社 / 2024-5 / 49.80元,网络小说,False
36764775,宿命之环 1: 梦魇 上,https://book.douban.com/subject/36764775/,爱潜水的乌贼 / 新星出版社 / 2024-4 / 49.80元,网络小说,False
36996255,剑来47：饮者折镆干,https://book.douban.com/subject/36996255/,烽火戏诸侯 / 浙江文艺出版社 / 2024-7 / 48.00元,网络小说,False
35710857,牧神记1,https://book.douban.com/subject/35710857/,宅猪 / 安徽文艺出版社 / 2022-2 / 39.80元,网络小说,False
35815898,撒哈拉的故事,https://book.douban.com/subject/35815898/,三毛 / 南海出版公司 / 2022-4 / 49.00元,三毛,False
1082399,闹学记,https://book.douban.com/subject/1082399/,三毛 / 哈尔滨出版社 / 2003-08 / 16.60,三毛,False
35906078,温柔的夜,https://book.douban.com/subject/35906078/,三毛 / 南海出版公司 / 2022-9 / 49.00元,三毛,False
1060068,撒哈拉的故事,https://book.douban.com/subject/1060068/,三毛 / 哈尔滨出版社 / 2003-8 / 15.80元,三毛,False
36048437,亲爱的三毛,https://book.douban.com/subject/36048437/,三毛 / 南海出版公司 / 2023-2 / 49.00元,三毛,False
6558709,万水千山走遍,https://book.douban.com/subject/6558709/,三毛 / 北京十月文艺出版社 / 2011-7-1 / 24.00元,三毛,False
33412495,그 끝에 있는 것 4,https://book.douban.com/subject/33412495/,"하리보 / 반양장본 / 2019-4-15 / KRW 12,600",三毛,False
6820477,滚滚红尘,https://book.douban.com/subject/6820477/,三毛 / 北京十月文艺出版社 / 2011-9-1 / 22.00元,三毛,False
26997273,我的宝贝,https://book.douban.com/subject/26997273/,三毛 / 北京十月文艺出版社 / 2017-3 / 35,三毛,False
35582002,我的灵魂骑在纸背上,https://book.douban.com/subject/35582002/,三毛 / 南海出版公司 / 2021-10 / 49.00,三毛,False
1036490,万水千山走遍,https://book.douban.com/subject/1036490/,三毛 / 哈尔滨出版社 / 2003-08 / 13.80,三毛,False
2136140,雨季不再来,https://book.douban.com/subject/2136140/,三毛 / 北京十月文艺出版社 / 2007-7 / 28.00元,三毛,False
6558707,梦里花落知多少,https://book.douban.com/subject/6558707/,三毛 / 北京十月文艺出版社 / 2011-7-1 / 24.00元,三毛,False
26997185,亲爱的三毛,https://book.douban.com/subject/26997185/,三毛 / 北京十月文艺出版社 / 2017-3 / 32,三毛,False
36828356,流星雨,https://book.douban.com/subject/36828356/,三毛 / 南海出版公司 / 2025-1 / 49.00元,三毛,False
6558705,雨季不再来,https://book.douban.com/subject/6558705/,三毛 / 北京十月文艺出版社 / 2011-7-1 / 24.00元,三毛,False
6815824,送你一匹马,https://book.douban.com/subject/6815824/,三毛 / 北京十月文艺出版社 / 2011-9 / 22.00元,三毛,False
35906076,梦里花落知多少,https://book.douban.com/subject/35906076/,三毛 / 南海出版公司 / 2023-1 / 49.00元,三毛,False
36892067,数字化IT运维管理体系建设指南,https://book.douban.com/subject/36892067/,洛恺辰、王庆、丁振兴、刁书天 / 黑龙江科学技术出版社 / 2024-5-1 / 98,三毛,False
3844820,小学生语文阅读与作文双效训练,https://book.douban.com/subject/3844820/,严敬群 编 / 中国社会出版社 / 2009-6 / 14.00元,三毛,False
26997307,流星雨,https://book.douban.com/subject/26997307/,三毛 / 北京十月文艺出版社 / 2017-3 / 32.00元,三毛,False
36243129,我还没护住她,https://book.douban.com/subject/36243129/,星球酥 / 青岛出版社 / 2023-2 / 45.37,三毛,False
6558706,温柔的夜,https://book.douban.com/subject/6558706/,三毛 / 北京十月文艺出版社 / 2011-7 / 24.00元,三毛,False
6558708,稻草人手记,https://book.douban.com/subject/6558708/,三毛 / 北京十月文艺出版社 / 2011-7-1 / 22.00元,三毛,False
36892115,膽大黨 13（首刷限定版）,https://book.douban.com/subject/36892115/,龍幸伸 / 蔡夢芳 / 東立 / 2024-6-3 / 新台幣390元,三毛,False
3759808,流星雨,https://book.douban.com/subject/3759808/,三毛 / 北京十月文艺出版社 / 2009-6 / 28.00元,三毛,False
36242304,少年中国地理：大地脊梁,https://book.douban.com/subject/36242304/,,三毛,False
37199450,致1999年的自己,https://book.douban.com/subject/37199450/,陈琛、陈琛 / 长江文艺出版社 / 2025-1 / 59,三毛,False
35527565,在爱中建立规则：不打不骂，定规矩！,https://book.douban.com/subject/35527565/,马宁 / 广东经济出版社 / 2021-7 / 39.8,三毛,False
37013595,《大湾风起恰少年》,https://book.douban.com/subject/37013595/,,三毛,False
37183756,秋月高高照长城,https://book.douban.com/subject/37183756/,刘耀辉 / 青岛出版社 / 2024-12 / 35,三毛,False
4644659,Toward a Global Psychology,https://book.douban.com/subject/4644659/,"Stevens, Michael J. (EDT)/ Gielen, Uwe P. (EDT) / 2007-1 / $ 63.22",三毛,False
37144148,蚕豆狼,https://book.douban.com/subject/37144148/,慈琪 / 北京少年儿童出版社 / 2024-10 / 32.8,三毛,False
27099654,白眉大侠（共四册）,https://book.douban.com/subject/27099654/,单田芳、单子惠 / 中国工人出版社 / 2017-7-1 / 192.00元,三毛,False
2070844,梦里花落知多少,https://book.douban.com/subject/2070844/,三毛 / 北京十月文艺出版社 / 2007-6 / 28.00元,三毛,False
36801508,坠落2: 完结篇,https://book.douban.com/subject/36801508/,甜醋鱼 / 百花洲文艺出版社 / 2024-4 / 52.80元,三毛,False
1361264,撒哈拉的故事,https://book.douban.com/subject/1361264/,三毛 / 皇冠出版社 / 1976 / 160 TWD,三毛,False
6815827,我的宝贝,https://book.douban.com/subject/6815827/,三毛 / 北京十月文艺出版社 / 2011-9 / 32.00元,三毛,False
27596613,三毛传: 带着丰满的灵魂去流浪,https://book.douban.com/subject/27596613/,林小光 / 远方出版社 / 2016-7-1 / CNY 32.00,三毛,False
36897114,半个树桩: 中国原创绘本精品系列,https://book.douban.com/subject/36897114/,薛涛 著、鹿白 绘 / 浙江少年儿童出版社 / 2024-12 / 46,三毛,False
36538454,小学语文教学设计（第2版）,https://book.douban.com/subject/36538454/,蒋蓉 李金国 / 高等教育出版社,三毛,False
4909390,守望河界的少年,https://book.douban.com/subject/4909390/,王帅 / 作家出版社 / 2010-6 / 16.00元,三毛,False
25863697,三毛: 你若不离不弃，我必生死相依,https://book.douban.com/subject/25863697/,熙弦 / 光明日报出版社 / 2014-4 / 29.80元,三毛,False
1068920,飘,https://book.douban.com/subject/1068920/,[美国] 玛格丽特·米切尔 / 李美华 / 译林出版社 / 2000-9 / 40.00元,三毛,False
3607117,稻草人手记,https://book.douban.com/subject/3607117/,三毛 / 北京十月文艺出版社 / 2009-3 / 18.00元,三毛,False
3673671,梦里花落知多少,https://book.douban.com/subject/3673671/,三毛 / 北京十月文艺出版社 / 2009-4 / 20.00元,三毛,False
35906079,万水千山走遍,https://book.douban.com/subject/35906079/,三毛 / 南海出版公司 / 2023-9 / 49.00元,三毛,False
6829323,我，睡了，81个人的沙发,https://book.douban.com/subject/6829323/,连美恩 / 南方出版社 / 2011-9 / 39.80元,三毛,False
30847843,西游记（上下）原著（教育部统编《语文》推荐阅读丛书）,https://book.douban.com/subject/30847843/,吴承恩 / 人民文学出版社 / 2021-9 / 56元,三毛,False
26997048,撒哈拉的故事,https://book.douban.com/subject/26997048/,三毛 / 北京十月文艺出版社 / 2017-3 / 35.00元,三毛,False
5275059,1988：我想和这个世界谈谈,https://book.douban.com/subject/5275059/,韩寒 / 国际文化出版公司 / 2010-9 / 25.00元,韩寒,False
1034108,零下一度,https://book.douban.com/subject/1034108/,韩寒 / 上海人民出版社 / 2000-08 / 12.00,韩寒,False
1453210,一座城池,https://book.douban.com/subject/1453210/,韩寒 / 二十一世纪出版社 / 2006-1 / 19.90元,韩寒,False
3394338,他的国,https://book.douban.com/subject/3394338/,韩寒 / 万卷出版公司 / 2009-1 / 25.00元,韩寒,False
26161176,可爱的洪水猛兽,https://book.douban.com/subject/26161176/,韩寒 / 天津人民出版社 / 2014-5 / 35.00,韩寒,False
25979789,杂的文,https://book.douban.com/subject/25979789/,韩寒 / 天津人民出版社 / 2014-6-1 / 32.00元,韩寒,False
20425053,我所理解的生活,https://book.douban.com/subject/20425053/,韩寒 / 浙江文艺出版社 / 2013-1-15 / 29.00元,韩寒,False
26951532,乘风破浪: 电影拍摄全纪录,https://book.douban.com/subject/26951532/,韩寒 主编、《乘风破浪》剧组 著 / 浙江文艺出版社 / 2017-1 / 39.00,韩寒,False
1914078,三重门,https://book.douban.com/subject/1914078/,韩寒 / 二十一世纪出版社 / 2006-9 / 19.90元,韩寒,False
6902639,青春,https://book.douban.com/subject/6902639/,韩寒 / 湖南人民出版社 / 2011-11 / 29.00元,韩寒,False
5292912,1988：我想和这个世界谈谈: 珍藏限量版,https://book.douban.com/subject/5292912/,韩寒 / 国际文化出版公司 / 2010-9 / 988.00元,韩寒,False
1914078,三重门,https://book.douban.com/subject/1914078/,韩寒 / 二十一世纪出版社 / 2006-9 / 19.90元,韩寒,False
1822793,长安乱,https://book.douban.com/subject/1822793/,韩寒 / 二十一世纪出版社 / 2007-8 / 21.00元,韩寒,False
3279284,像少年啦飞驰,https://book.douban.com/subject/3279284/,韩寒 / 万卷出版公司 / 2008-10 / 24.00元,韩寒,False
24754123,所有人问所有人,https://book.douban.com/subject/24754123/,韩寒 / 湖南人民出版社 / 2013-8-1 / CNY 36.00,韩寒,False
2032666,零下一度,https://book.douban.com/subject/2032666/,韩寒 / 二十一世纪出版社 / 2007-2 / 17.00元,韩寒,False
3666600,光荣日 第一季,https://book.douban.com/subject/3666600/,韩寒 / 万卷出版公司 / 2009-3 / 23.00元,韩寒,False
1914083,像少年啦飞驰,https://book.douban.com/subject/1914083/,韩寒 / 二十一世纪出版社 / 2006-9 / 18.00元,韩寒,False
25931540,告白与告别,https://book.douban.com/subject/25931540/,韩寒 / 北京联合出版公司 / 2014-8-1 / 32.80元,韩寒,False
1078809,三重门: 增订版,https://book.douban.com/subject/1078809/,韩寒 / 作家出版社 / 2003-11-1 / 18.00,韩寒,False
3279242,三重门,https://book.douban.com/subject/3279242/,韩寒 / 万卷出版公司 / 2008-10 / 26.00元,韩寒,False
3279273,长安乱,https://book.douban.com/subject/3279273/,韩寒 / 万卷出版公司 / 2008-10 / 25.00元,韩寒,False
3770726,草,https://book.douban.com/subject/3770726/,韩寒 / 万卷出版公司 / 2009-6 / 25.00元,韩寒,False
25798977,去你家玩好吗,https://book.douban.com/subject/25798977/,韩寒  监制 / 三秦出版社 / 2014-1-1 / 29.00元,韩寒,False
1733250,韩寒五年文集（上下）,https://book.douban.com/subject/1733250/,韩寒 / 二十一世纪出版社 / 2006-1 / 39.00元,韩寒,False
3279233,一座城池,https://book.douban.com/subject/3279233/,韩寒 / 万卷出版公司 / 2008-10 / 25.00元,韩寒,False
1882547,寒·十八禁: 2006 音乐·诗文·影像,https://book.douban.com/subject/1882547/,韩寒 / 二十一世纪出版社 / 2006-9 / 38.00元,韩寒,False
24719067,就这么漂来漂去,https://book.douban.com/subject/24719067/,韩寒 / 有2013年7月3印本 / 天津人民出版社 / 2013-6-30 / 48.00元,韩寒,False
20502695,我所理解的生活,https://book.douban.com/subject/20502695/,韩寒 / 浙江文艺出版社 / 2013-2 / 36.00元,韩寒,False
25850737,想得美,https://book.douban.com/subject/25850737/,韩寒 主编 / 浙江文艺出版社 / 2014-3-20 / 35.00元,韩寒,False
1017910,韩寒五年文集,https://book.douban.com/subject/1017910/,韩寒 / 中国青年出版社 / 2005-2 / 43.00元,韩寒,False
5918501,他的国: 只属于我们的独唱团,https://book.douban.com/subject/5918501/,韩寒 / 万卷出版公司 / 2011-1-1 / 25.00元,韩寒,False
5355303,杂的文: 期待我们往日的灵魂附体,https://book.douban.com/subject/5355303/,韩寒 / 万卷出版公司 / 2010-11 / 25.00元,韩寒,False
2295079,三重门: 纪念版,https://book.douban.com/subject/2295079/,韩寒 / 作家出版社 / 2007-10 / 19.00元,韩寒,False
1484597,毒2,https://book.douban.com/subject/1484597/,韩寒 / 二十一世纪出版社 / 2006-1 / 19.00元,韩寒,False
4912666,飄移中國,https://book.douban.com/subject/4912666/,韓寒 / 牛津大學出版社 / 2010-7-19 / HKD 70,韩寒,False
5355305,可爱的洪水猛兽: 我就像这个世界,https://book.douban.com/subject/5355305/,韩寒 / 万卷出版公司 / 2010-11 / 25.00元,韩寒,False
1007559,三重门・韩寒,https://book.douban.com/subject/1007559/,韩寒 / 远方出版社 / 2004-12 / 18.00,韩寒,False
25933442,不散的宴席,https://book.douban.com/subject/25933442/,一个工作室 / 作家出版社 / 2014-7 / 35.00元,韩寒,False
24851617,1988：我想和这个世界谈谈,https://book.douban.com/subject/24851617/,韩寒 / 天津人民出版社 / 2013-7 / 32.00,韩寒,False
4244319,他的国: 销量突破60万册精装纪念版,https://book.douban.com/subject/4244319/,韩寒 / 万卷出版公司 / 2010 / 28.00元,韩寒,False
3279275,零下一度,https://book.douban.com/subject/3279275/,韩寒 / 万卷出版公司 / 2008-10 / 22.00元,韩寒,False
26359009,和喜欢的一切在一起,https://book.douban.com/subject/26359009/,韩寒 / 浙江文艺出版社 / 2015-5 / 35.00元,韩寒,False
3176268,七喜,https://book.douban.com/subject/3176268/,韩寒、蔡智恒、石康、饶雪漫、沧月、蔡骏、孙睿、江南 / 万卷出版公司 / 2008-6 / 25.00元,韩寒,False
26177823,在这复杂世界里,https://book.douban.com/subject/26177823/,韩寒 监制 / 浙江文艺出版社 / 2014-11 / 35.00元,韩寒,False
4733971,长安乱,https://book.douban.com/subject/4733971/,韩寒 / 万卷出版公司 / 2010-6 / 23.00元,韩寒,False
1067155,儿子韩寒,https://book.douban.com/subject/1067155/,韩仁均 / 上海人民出版社 / 2000-12 / 13.50,韩寒,False
5355304,草: 我最怀念的某年,https://book.douban.com/subject/5355304/,韩寒 / 万卷出版公司 / 2010-11 / 22.00元,韩寒,False
3196884,儿子韩寒,https://book.douban.com/subject/3196884/,韩仁均 / 万卷出版公司 / 2008 / 19.80元,韩寒,False
21318055,通稿二零零三,https://book.douban.com/subject/21318055/,韩寒 / 天津人民出版社 / 2013-1-1 / 29.00元,韩寒,False
2115040,玫瑰的故事,https://book.douban.com/subject/2115040/,亦舒 / 新世界出版社 / 2007-5 / 25.00元,亦舒,False
1521535,玫瑰的故事,https://book.douban.com/subject/1521535/,[加] 亦舒 / 南海出版公司 / 2002-10 / 22.00元,亦舒,False
1361857,豔陽天,https://book.douban.com/subject/1361857/,亦舒 / 果樹出版社有限公司 / 2001-7-11 / 新台币190元,亦舒,False
1484300,承欢记,https://book.douban.com/subject/1484300/,亦舒 / 天地图书 / 1996-1 / 55,亦舒,False
1948401,藍鳥記,https://book.douban.com/subject/1948401/,亦舒 / 天地圖書,亦舒,False
27084297,玫瑰的故事,https://book.douban.com/subject/27084297/,亦舒 / 湖南文艺出版社 / 2017-7 / 39.80,亦舒,False
1957954,愛情慢慢殺死你,https://book.douban.com/subject/1957954/,亦舒 / 天地圖書 / 2007,亦舒,False
1016055,亦舒作品系列,https://book.douban.com/subject/1016055/,亦舒 / 海天出版社 / 1996-9 / 9.80,亦舒,False
1010362,玫瑰的故事,https://book.douban.com/subject/1010362/,（香港）亦舒 / 海天出版社 / 1988-6 / 9.80,亦舒,False
1016058,我们不是天使,https://book.douban.com/subject/1016058/,亦舒 / 海天出版社 / 9.80,亦舒,False
1046172,流金岁月,https://book.douban.com/subject/1046172/,（香港）亦舒 / 海天出版社 / 1998-06-01 / 9.80元,亦舒,False
1484307,纵横四海,https://book.douban.com/subject/1484307/,亦舒 / 香港天地图书 / 1994-1 / HKD 45,亦舒,False
36968022,植秀: 亦舒系列334,https://book.douban.com/subject/36968022/,亦舒 / 天地圖書 / 2024-7-1 / HKD $78.00,亦舒,False
30306611,风满楼,https://book.douban.com/subject/30306611/,亦舒 / 湖南文艺出版社 / 2018-8-1 / 43.80元,亦舒,False
1597854,开到荼縻,https://book.douban.com/subject/1597854/,[加] 亦舒 / 南海出版公司 / 2002-10 / 13.00元,亦舒,False
2331676,两个女人,https://book.douban.com/subject/2331676/,亦舒 / 太原：北岳文艺出版社 / 1987 / 1.60 元,亦舒,False
1016054,没有季节的都会,https://book.douban.com/subject/1016054/,（香港）亦舒 / 海天出版社 / 1998-4 / 9.80,亦舒,False
1046148,天若有情,https://book.douban.com/subject/1046148/,（香港）亦舒 / 海天出版社 / 1998-4 / 9.80,亦舒,False
27608724,黑、白、许多灰,https://book.douban.com/subject/27608724/,亦舒 / 湖南文艺出版社 / 2018-1-1 / 38.00元,亦舒,False
30306622,一千零一妙方,https://book.douban.com/subject/30306622/,亦舒 / 湖南文艺出版社 / 2018-8 / 43.80元,亦舒,False
35684673,寂寞鸽子,https://book.douban.com/subject/35684673/,亦舒 / 湖南文艺出版社 / 2022-1 / 49.80元,亦舒,False
1371057,美嬌嬝,https://book.douban.com/subject/1371057/,林白 / 19960815 / NT$ 180,亦舒,False
27608723,我爱，我不爱,https://book.douban.com/subject/27608723/,亦舒 / 湖南文艺出版社 / 2018-1-1 / 38.00元,亦舒,False
25762853,我情愿跳舞,https://book.douban.com/subject/25762853/,亦舒 / 东方出版社 / 2013-11-1 / 25,亦舒,False
25703769,从前有一只粉蝶,https://book.douban.com/subject/25703769/,亦舒 / 东方出版社 / 2013-8 / 25,亦舒,False
4099405,德芬郡奶油,https://book.douban.com/subject/4099405/,亦舒 / 果樹出版社 / 2009-2-24 / NT$200,亦舒,False
25955043,露水的世,https://book.douban.com/subject/25955043/,[加拿大] 亦舒 / 湖南文艺出版社 / 2018-9-1 / 43.80元,亦舒,False
4160236,叹息桥,https://book.douban.com/subject/4160236/,亦舒 / 中国妇女出版社 / 2009-11 / 20.00元,亦舒,False
1989020,雨花,https://book.douban.com/subject/1989020/,亦舒 / 天地圖書 / 1991 / HKD28.00,亦舒,False
1993744,退一步想,https://book.douban.com/subject/1993744/,亦舒 / 天地圖書 / 1984,亦舒,False
1989601,紅鞋兒,https://book.douban.com/subject/1989601/,亦舒 / 天地圖書 / 38.00,亦舒,False
3153428,從前有一隻粉蝶,https://book.douban.com/subject/3153428/,亦舒 / 天地圖書有限公司 / 2008/07 / HKD$60.00,亦舒,False
1989676,仕女圖,https://book.douban.com/subject/1989676/,亦舒 / 天地圖書 / 1995 / HK$47,亦舒,False
1989068,古老誓約,https://book.douban.com/subject/1989068/,亦舒 / 天地圖書 / 1992 / HK$28,亦舒,False
1989686,她成功了我沒有,https://book.douban.com/subject/1989686/,亦舒 / 天地圖書 / 2001 / HK$52,亦舒,False
1993759,老閒話,https://book.douban.com/subject/1993759/,亦舒 / 香港天地圖書 / 1993 / HKD38.00,亦舒,False
1989671,表演,https://book.douban.com/subject/1989671/,亦舒 / 天地圖書 / 1992,亦舒,False
1484282,蟬,https://book.douban.com/subject/1484282/,亦舒 / 天地圖書有限公司 / 2000-8 / HKD 55,亦舒,False
1989669,變遷,https://book.douban.com/subject/1989669/,亦舒 / 天地圖書 / 1992 / 35.00,亦舒,False
1389945,手倦拋書午夢長,https://book.douban.com/subject/1389945/,亦舒 / 天地 / 2000/08 / 49,亦舒,False
27084268,幸运星,https://book.douban.com/subject/27084268/,亦舒 / 湖南文艺出版社 / 2017-7 / 38.00元,亦舒,False
27084263,承欢记,https://book.douban.com/subject/27084263/,亦舒 / 湖南文艺出版社 / 2017-7 / 38.00元,亦舒,False
2230208,我的前半生,https://book.douban.com/subject/2230208/,亦舒 / 新世界出版社 / 2007-8 / 22.00元,亦舒,False
2284090,开到荼蘼,https://book.douban.com/subject/2284090/,亦舒 / 新世界出版社 / 2007-9 / 18.00元,亦舒,False
3073494,人淡如菊,https://book.douban.com/subject/3073494/,[加] 亦舒 / 新世界出版社 / 2008-5 / 19.00元,亦舒,False
30121518,红楼梦里人,https://book.douban.com/subject/30121518/,亦舒 / 湖南文艺出版社 / 2018-1 / 42.80元,亦舒,False
3086295,恨煞,https://book.douban.com/subject/3086295/,亦舒 / 花城出版社 / 2008-5 / 19.00元,亦舒,False
27137909,寂寞鸽子,https://book.douban.com/subject/27137909/,湖南文艺出版社,亦舒,False
1892491,如果墙会说话,https://book.douban.com/subject/1892491/,亦舒 / 新世界出版社 / 2006-9 / 18.00元,亦舒,False
26719950,阿修罗,https://book.douban.com/subject/26719950/,亦舒 / 东方出版社 / 2016-1 / 42.00,亦舒,False
25986273,五只小猪: 阿加莎·克里斯蒂作品26,https://book.douban.com/subject/25986273/,[英] 阿加莎·克里斯蒂 / 周力 / 新星出版社 / 2014-10 / 28.00元,阿加莎·克里斯蒂,False
26874196,零点: 阿加莎·克里斯蒂作品50,https://book.douban.com/subject/26874196/,[英] 阿加莎·克里斯蒂 / 周力 / 新星出版社 / 2016-11 / 32,阿加莎·克里斯蒂,False
21371175,罗杰疑案: 阿加莎·克里斯蒂作品02,https://book.douban.com/subject/21371175/,[英] 阿加莎·克里斯蒂 / 常禾 / 新星出版社 / 2013-3 / 28.00元,阿加莎·克里斯蒂,False
30245148,死亡草: 阿加莎·克里斯蒂作品73,https://book.douban.com/subject/30245148/,[英] 阿加莎·克里斯蒂 / 六翼天使 / 新星出版社 / 2018-7 / 39.00元,阿加莎·克里斯蒂,False
25844726,长夜: 阿加莎·克里斯蒂作品14,https://book.douban.com/subject/25844726/,[英] 阿加莎·克里斯蒂 / 陆烨华 / 新星出版社 / 2014-4-1 / 28.00元,阿加莎·克里斯蒂,False
26689987,波洛圣诞探案记: 阿加莎·克里斯蒂作品43,https://book.douban.com/subject/26689987/,[英] 阿加莎·克里斯蒂 / 孙蓓雯 / 新星出版社 / 2016-1 / 32.00,阿加莎·克里斯蒂,False
26962860,牙医谋杀案: 阿加莎·克里斯蒂作品52,https://book.douban.com/subject/26962860/,[英] 阿加莎·克里斯蒂 / 赵飞 / 新星出版社 / 2017-3 / 32.00元,阿加莎·克里斯蒂,False
26292535,帷幕: 阿加莎·克里斯蒂作品33,https://book.douban.com/subject/26292535/,[英]阿加莎·克里斯蒂 / 李杨 / 新星出版社 / 2015-2 / 26.00,阿加莎·克里斯蒂,False
35097105,ABC谋杀案,https://book.douban.com/subject/35097105/,[英] 阿加莎·克里斯蒂 / 赵文伟 / 新星出版社 / 2020-8 / 52.00元,阿加莎·克里斯蒂,False
25905706,高尔夫球场命案: 阿加莎·克里斯蒂作品19,https://book.douban.com/subject/25905706/,[英] 阿加莎·克里斯蒂 / 张乐敏 / 新星出版社 / 2014-7 / 28.00,阿加莎·克里斯蒂,False
34985248,罗杰疑案,https://book.douban.com/subject/34985248/,[英] 阿加莎·克里斯蒂 / 常禾 / 新星出版社 / 2020-4 / 52.00元,阿加莎·克里斯蒂,False
30398399,死亡终局: 阿加莎·克里斯蒂作品66,https://book.douban.com/subject/30398399/,[英] 阿加莎·克里斯蒂 / 元天瑶 / 新星出版社 / 2018-12 / 35.00元,阿加莎·克里斯蒂,False
25986370,破镜谋杀案: 阿加莎·克里斯蒂作品27,https://book.douban.com/subject/25986370/,[英] 阿加莎·克里斯蒂 / 张文婷 / 新星出版社 / 2014-10 / 29.00,阿加莎·克里斯蒂,False
30346157,三幕悲剧: 阿加莎·克里斯蒂作品64,https://book.douban.com/subject/30346157/,[英] 阿加莎·克里斯蒂 / 范祥镇 / 新星出版社 / 2018-11 / 39.00元,阿加莎·克里斯蒂,False
35615063,帷幕,https://book.douban.com/subject/35615063/,[英] 阿加莎·克里斯蒂 / 李杨 / 新星出版社 / 2021-10 / 56.00元,阿加莎·克里斯蒂,False
21617613,寓所谜案: 阿加莎·克里斯蒂作品03,https://book.douban.com/subject/21617613/,(英)阿加莎•克里斯蒂 / 赵文伟 / 新星出版社 / 2013-3-1 / 28.00元,阿加莎·克里斯蒂,False
30174285,黑麦奇案: 阿加莎·克里斯蒂作品80,https://book.douban.com/subject/30174285/,[英] 阿加莎·克里斯蒂 / 辛可加 / 新星出版社 / 2018-4 / 39.00,阿加莎·克里斯蒂,False
21692860,斯泰尔斯庄园奇案: 阿加莎·克里斯蒂作品01,https://book.douban.com/subject/21692860/,(英)阿加莎·克里斯蒂 / 郑卫明 / 新星出版社 / 2013-3 / 28.00元,阿加莎·克里斯蒂,False
35419293,底牌,https://book.douban.com/subject/35419293/,[英] 阿加莎·克里斯蒂 / 辛可加 / 新星出版社 / 2021-4 / 52.00元,阿加莎·克里斯蒂,False
25877121,古墓之谜: 阿加莎·克里斯蒂作品17,https://book.douban.com/subject/25877121/,阿加莎·克里斯蒂 / 周力 / 新星出版社 / 2014-6 / 28.00元,阿加莎·克里斯蒂,False
35568313,谋杀启事,https://book.douban.com/subject/35568313/,[英] 阿加莎·克里斯蒂 / 周莎 / 新星出版社 / 2021-9 / 56.00元,阿加莎·克里斯蒂,False
26899539,山核桃大街谋杀案: 阿加莎·克里斯蒂作品48,https://book.douban.com/subject/26899539/,[英] 阿加莎·克里斯蒂 / 王占一 / 新星出版社 / 2016-11 / 29.00,阿加莎·克里斯蒂,False
27115917,大象的证词: 阿加莎·克里斯蒂作品72,https://book.douban.com/subject/27115917/,[英] 阿加莎·克里斯蒂 / 李冰伊 / 新星出版社 / 2017-9 / 35,阿加莎·克里斯蒂,False
30179173,清洁女工之死: 阿加莎·克里斯蒂作品71,https://book.douban.com/subject/30179173/,[英] 阿加莎·克里斯蒂 / 黄夏青 / 新星出版社 / 2018-4 / 39.00元,阿加莎·克里斯蒂,False
26687880,灯火阑珊: 阿加莎·克里斯蒂作品39,https://book.douban.com/subject/26687880/,[英] 阿加莎·克里斯蒂 / 王霖 / 新星出版社 / 2016-1 / 30.00元,阿加莎·克里斯蒂,False
30175388,闪光的氰化物: 阿加莎·克里斯蒂作品70,https://book.douban.com/subject/30175388/,[英] 阿加莎·克里斯蒂 / 赵文伟 / 新星出版社 / 2018-5 / 38.00,阿加莎·克里斯蒂,False
25811656,人性记录: 阿加莎·克里斯蒂作品12,https://book.douban.com/subject/25811656/,[英] 阿加莎·克里斯蒂 / 简华凌 / 新星出版社 / 2014-1 / 28.00,阿加莎·克里斯蒂,False
30318640,幽巷谋杀案: 阿加莎·克里斯蒂作品83,https://book.douban.com/subject/30318640/,[英] 阿加莎·克里斯蒂 / 林媛 / 新星出版社 / 2018-9 / 39.00,阿加莎·克里斯蒂,False
24153048,东方快车谋杀案: 阿加莎·克里斯蒂作品04,https://book.douban.com/subject/24153048/,[英]阿加莎·克里斯蒂 / 郑桥 / 新星出版社 / 2013-4 / 26.00元,阿加莎·克里斯蒂,False
27595109,意外来客: 阿加莎·克里斯蒂作品65,https://book.douban.com/subject/27595109/,[英] 阿加莎·克里斯蒂、[英]查尔斯·奥斯本/改编 / 邹文慧 / 新星出版社 / 2018-1 / 36,阿加莎·克里斯蒂,False
26824034,蓝色列车之谜: 阿加莎·克里斯蒂作品45,https://book.douban.com/subject/26824034/,[英] 阿加莎·克里斯蒂 / 舒金佳 / 新星出版社 / 2016-7 / 35.00,阿加莎·克里斯蒂,False
26253719,命案目睹记: 阿加莎·克里斯蒂作品29,https://book.douban.com/subject/26253719/,[英] 阿加莎·克里斯蒂 / 戴竟 / 新星出版社 / 2014-12 / 29.00,阿加莎·克里斯蒂,False
25697546,尼罗河上的惨案: 阿加莎·克里斯蒂作品11,https://book.douban.com/subject/25697546/,[英] 阿加莎·克里斯蒂 / 张乐敏 / 新星出版社 / 2013-9 / 29.00元,阿加莎·克里斯蒂,False
24535899,悬崖山庄奇案: 阿加莎·克里斯蒂作品06,https://book.douban.com/subject/24535899/,[英] 阿加莎·克里斯蒂 / 程云琦 / 新星出版社 / 2013-5 / 28.00元,阿加莎·克里斯蒂,False
33400049,斯塔福特疑案: 阿加莎·克里斯蒂作品79,https://book.douban.com/subject/33400049/,[英] 阿加莎·克里斯蒂 / 梁尔 / 新星出版社 / 2019-4 / 39.00元,阿加莎·克里斯蒂,False
25928086,谋杀启事: 阿加莎·克里斯蒂作品23,https://book.douban.com/subject/25928086/,（英）阿加莎·克里斯蒂 / 周莎 / 新星出版社 / 2014-8 / 29.00,阿加莎·克里斯蒂,False
3348423,零时,https://book.douban.com/subject/3348423/,[英]阿加莎·克里斯蒂 / 叶刚 / 人民文学出版社 / 2008-10 / 20.00元,阿加莎·克里斯蒂,False
1903152,悬崖山庄奇案,https://book.douban.com/subject/1903152/,[英] 阿加莎·克里斯蒂 / 简庆闽 / 人民文学出版社 / 2006-8 / 18.00元,阿加莎·克里斯蒂,False
30153697,第三个女郎: 阿加莎·克里斯蒂作品78,https://book.douban.com/subject/30153697/,[英] 阿加莎·克里斯蒂 / 王璐 / 新星出版社 / 2018-4 / 39.00元,阿加莎·克里斯蒂,False
26910596,神秘的奎因先生: 阿加莎·克里斯蒂作品51,https://book.douban.com/subject/26910596/,[英] 阿加莎·克里斯蒂 / 党敏博 / 新星出版社 / 2017-1 / 35,阿加莎·克里斯蒂,False
35258942,阳光下的罪恶,https://book.douban.com/subject/35258942/,[英] 阿加莎·克里斯蒂 / 于婉青 / 新星出版社 / 2021-1 / 52.00元,阿加莎·克里斯蒂,False
30466191,东方快车谋杀案: 精装纪念新版,https://book.douban.com/subject/30466191/,[英] 阿加莎·克里斯蒂 / 郑桥 / 新星出版社 / 2019-5 / 49.00,阿加莎·克里斯蒂,False
23045981,七面钟之谜: 阿加莎·克里斯蒂作品05,https://book.douban.com/subject/23045981/,（英）阿加莎·克里斯蒂 / 程云琦、徐曙蕾 / 新星出版社 / 2013-4 / 28.00元,阿加莎·克里斯蒂,False
30466188,地狱之旅: 阿加莎·克里斯蒂作品68,https://book.douban.com/subject/30466188/,[英] 阿加莎·克里斯蒂 / 王璐 / 新星出版社 / 2019-4 / 42.00,阿加莎·克里斯蒂,False
27201059,黑咖啡: 阿加莎·克里斯蒂作品62,https://book.douban.com/subject/27201059/,[英] 阿加莎·克里斯蒂、[英]查尔斯· 奥斯本/改编 / 苏迪青 / 新星出版社 / 2017-12-1 / 38,阿加莎·克里斯蒂,False
30133213,尼罗河上的惨案: 精装纪念版,https://book.douban.com/subject/30133213/,[英] 阿加莎·克里斯蒂 / 张乐敏 / 新星出版社 / 2018-3 / 49,阿加莎·克里斯蒂,False
24859822,无人生还: 阿加莎·克里斯蒂作品10,https://book.douban.com/subject/24859822/,(英)阿加莎·克里斯蒂 / 夏阳 / 新星出版社 / 2013-7 / 28.00元,阿加莎·克里斯蒂,False
36967582,阿加莎·克里斯蒂: 书写自己故事的女人,https://book.douban.com/subject/36967582/,[英] 露西·沃斯利 / 陆烨华 / 中译出版社 / 2024-9-30 / 79.00元,阿加莎·克里斯蒂,False
25919321,云中命案: 阿加莎·克里斯蒂作品21,https://book.douban.com/subject/25919321/,[英] 阿加莎·克里斯蒂 / 于婉青 / 新星出版社 / 2014-7 / 28.00元,阿加莎·克里斯蒂,False
25905266,桑苏西来客: 阿加莎·克里斯蒂作品20,https://book.douban.com/subject/25905266/,[英] 阿加莎·克里斯蒂 / 张乐敏 / 新星出版社 / 2014-7 / 28.00,阿加莎·克里斯蒂,False
1044547,射雕英雄传,https://book.douban.com/subject/1044547/,金庸 / 生活·读书·新知三联书店 / 1999-04 / 47.00元,金庸,False
1255625,天龙八部,https://book.douban.com/subject/1255625/,金庸 / 生活·读书·新知三联书店 / 1994-5 / 96.00元,金庸,False
1002299,笑傲江湖（全四册）,https://book.douban.com/subject/1002299/,金庸 / 生活·读书·新知三联书店 / 1994-5 / 76.80元,金庸,False
1255624,神雕侠侣,https://book.douban.com/subject/1255624/,金庸 / 有1996年11月北平第4次印本 / 生活·读书·新知三联书店 / 1994-5 / 76.80元,金庸,False
1070851,倚天屠龙记,https://book.douban.com/subject/1070851/,金庸 / 生活·读书·新知三联书店 / 1999-04 / 47.00,金庸,False
10466761,倚天屠龙记,https://book.douban.com/subject/10466761/,金庸 / 广州出版社 / 2012-8 / 96.00元,金庸,False
36788045,江湖的倒影: 金庸的武侠世界与人生寓言,https://book.douban.com/subject/36788045/,彭洁明 / 岳麓书社 / 2024-3 / 88,金庸,False
26692407,笑傲江湖（新修版）,https://book.douban.com/subject/26692407/,金庸 / 广州出版社 / 2013-4 / CNY 108.00,金庸,False
1212893,鹿鼎记,https://book.douban.com/subject/1212893/,金庸 / 广州出版社 花城出版社 / 2008-3 / 108.00元,金庸,False
10466059,射雕英雄传,https://book.douban.com/subject/10466059/,金庸 / 广州出版社 / 2013-4 / 96.00元,金庸,False
6969096,连城诀,https://book.douban.com/subject/6969096/,金庸 / 广州出版社 / 2012-8 / 25.00元,金庸,False
26592708,射雕英雄传（新修版）,https://book.douban.com/subject/26592708/,金庸 / 广州出版社 / 2013-4-1 / CNY 108.00,金庸,False
1789837,射雕英雄传,https://book.douban.com/subject/1789837/,金庸 / 生活·读书·新知三联书店 / 1994-5 / 76.80元,金庸,False
26312792,碧血剑（新修版）,https://book.douban.com/subject/26312792/,金庸 / 广州出版社 / 2013-4 / 53,金庸,False
1559310,鹿鼎记,https://book.douban.com/subject/1559310/,金庸 / 生活·读书·新知三联书店 / 1994-5 / 96.00元,金庸,False
26797723,鹿鼎记（新修版）: 鹿鼎记,https://book.douban.com/subject/26797723/,金庸 / 广州出版社 / 2013-4 / CNY 138.00,金庸,False
26331518,连城诀,https://book.douban.com/subject/26331518/,金庸 / 广州出版社 / 2013-4 / CNY 26.00,金庸,False
1212908,神雕侠侣（全四册）,https://book.douban.com/subject/1212908/,金庸 / 广州出版社 花城出版社 / 2008-3 / 86.00元,金庸,False
24740296,书剑恩仇录（新修版）,https://book.douban.com/subject/24740296/,金庸 / 广州出版社 / 2013-4 / CNY 53.00,金庸,False
34880499,笑傲江湖,https://book.douban.com/subject/34880499/,金庸 / 广州出版社 / 2020-2-1 / 435.00元,金庸,False
4832584,笑傲江湖,https://book.douban.com/subject/4832584/,金庸 / 广州出版社 / 2011-11 / 98.00元,金庸,False
25980968,侠客行（新修版）,https://book.douban.com/subject/25980968/,金庸 / 广州出版社 / 2013-4 / CNY 53.00,金庸,False
26312598,倚天屠龙记（新修版）,https://book.douban.com/subject/26312598/,金庸 / 广州出版社 / 2013-4-1 / CNY 108.00,金庸,False
25961889,雪山飞狐（新修版）,https://book.douban.com/subject/25961889/,金庸 / 2013年4月第1版 / 广州出版社 / 2013-4-1 / CNY 26.00,金庸,False
36953574,永丰客栈,https://book.douban.com/subject/36953574/,吕家发 / 成都时代出版社 / 2024-8,金庸,False
4116115,神雕侠侣,https://book.douban.com/subject/4116115/,金庸 / 广州出版社 / 2011-11 / 88.元,金庸,False
1052380,飞狐外传,https://book.douban.com/subject/1052380/,金庸 / 生活·读书·新知三联书店 / 1999-04 / 23.00元,金庸,False
36981900,当金庸遇见弗洛伊德,https://book.douban.com/subject/36981900/,居正 / 济南出版社 / 2024-7 / 48元,金庸,False
1789841,倚天屠龙记,https://book.douban.com/subject/1789841/,金庸 / 生活·读书·新知三联书店 / 1994年5月 / 76.80,金庸,False
1683455,射雕英雄传（全四册）,https://book.douban.com/subject/1683455/,金庸 / 广州出版社，花城出版社 / 2005-12 / 32.00元(全4册),金庸,False
26322283,天龙八部（新修版）,https://book.douban.com/subject/26322283/,金庸 / 广州出版社 / 2013-4-1 / CNY 138.00,金庸,False
34880510,射雕英雄传,https://book.douban.com/subject/34880510/,金庸 / 广州出版社 / 2020-2-1 / 435.00元,金庸,False
1212891,碧血剑（全二册）,https://book.douban.com/subject/1212891/,金庸 / 广州出版社 花城出版社 / 2008-3 / 43.00元,金庸,False
26307841,神雕侠侣（新修版）,https://book.douban.com/subject/26307841/,金庸 / 广州出版社 / 2013-4 / CNY 108.00,金庸,False
37087662,达蒙·鲁尼恩短篇小说选: 达蒙.鲁尼恩短篇小说选,https://book.douban.com/subject/37087662/,达蒙·鲁尼恩 / 金庸 / 广州出版社 / 2024-10 / 52.0,金庸,False
37020430,不止江湖,https://book.douban.com/subject/37020430/,杨照 / 云南人民出版社 / 2024-9 / 88.00元,金庸,False
36799327,曾經江湖: 金庸，為武俠小說而生的人,https://book.douban.com/subject/36799327/,杨照 / 遠流出版 / 2024-2-27 / NT$ 380元,金庸,False
37096371,流轉江湖：金庸奇俠的異想世界,https://book.douban.com/subject/37096371/,楊照 / 台湾远流 / 2024-5-16 / NT$ 380元,金庸,False
3444337,Guys and Dolls and Other Writings,https://book.douban.com/subject/3444337/,Damon Runyon / Penguin Classics / 2008-05-27 / USD 18.00,金庸,False
37107492,中山篆书法大字典,https://book.douban.com/subject/37107492/,张景枝 / 北京工艺美术出版社 / 2024-1 / 178.00元,金庸,False
1337302,天龍八部: （全五册）,https://book.douban.com/subject/1337302/,金庸 / 明河社 / 1978-11 / HK$200,金庸,False
30394559,明報月刊·金庸紀念專號: 二〇一八年十二月號 總六三六期,https://book.douban.com/subject/30394559/,潘耀明、余秋雨、李澤厚、王蒙、劉再復 / 明報報業有限公司 / 2018-11 / HKD 48.00,金庸,False
20482614,The Journey to the West,https://book.douban.com/subject/20482614/,2012-12 / $ 75.71,金庸,False
36453823,鹿鼎记（肆）,https://book.douban.com/subject/36453823/,金庸 / 广州出版社 / 2011-11 / 27.20元,金庸,False
1123658,书剑恩仇录（全二册）,https://book.douban.com/subject/1123658/,金庸 / 广州出版社 花城出版社 / 2008-3 / 42.00元,金庸,False
2141276,讀金庸偶得: 新版,https://book.douban.com/subject/2141276/,舒國治 / 遠流出版社 / 2007-7-16 / 240元,金庸,False
20401146,倚天屠龙记,https://book.douban.com/subject/20401146/,,金庸,False
3532347,金庸全集,https://book.douban.com/subject/3532347/,金庸 / 生活·读书·新知三联书店 / 1994-5,金庸,False
37013595,《大湾风起恰少年》,https://book.douban.com/subject/37013595/,,金庸,False
37183756,秋月高高照长城,https://book.douban.com/subject/37183756/,刘耀辉 / 青岛出版社 / 2024-12 / 35,金庸,False
35383720,晚明,https://book.douban.com/subject/35383720/,柯山梦 / 2012-8,穿越,False
35285918,大奉打更人,https://book.douban.com/subject/35285918/,卖报小郎君 / 追梦人出版社、中国文学艺术出版社 / 2020-11-1 / 87,穿越,False
3155622,庆余年·壹: 天下权臣宝典,https://book.douban.com/subject/3155622/,猫腻 / 中国友谊出版公司 / 2008-7 / 28.00元,穿越,False
36955267,绍宋,https://book.douban.com/subject/36955267/,榴弹怕水、榴彈怕水 / 春风文艺出版社 / 2024-5 / 158.00元,穿越,False
36197635,国色芳华,https://book.douban.com/subject/36197635/,意千重 / 重庆出版社 / 2023,穿越,False
26853361,夜旅人,https://book.douban.com/subject/26853361/,赵熙之 / 百花洲文艺出版社 / 2016-9 / 32.80元,穿越,False
1958655,寻找前世之旅（上下册）,https://book.douban.com/subject/1958655/,Vivibear / 河南文艺出版社 / 2007-1 / 40.00元,穿越,False
2281912,醉玲珑（上卷）,https://book.douban.com/subject/2281912/,十四夜 / 朝华出版社 / 2007-10 / 29.80元,穿越,False
3161021,赤河戀影(01): 日本小學館正式授權台灣中文版,https://book.douban.com/subject/3161021/,篠原千絵、筱原千绘 / 王淑蓉 / 東立 / 2004-06-21 / 85元,穿越,False
1853785,天是红河岸,https://book.douban.com/subject/1853785/,荻原千绘 / 丁梵馨 / 日本小学馆 / 1990 / 37.00,穿越,False
1830208,尼罗河的女儿（第一部）,https://book.douban.com/subject/1830208/,丁梵馨 / 中国电影出版社 / 2006-4 / 28.00元,穿越,False
37172770,衣冠不南渡,https://book.douban.com/subject/37172770/,历史系之狼 / 起点中文网 / 2003,穿越,False
19943805,南衙纪事,https://book.douban.com/subject/19943805/,欧阳墨心 / 江苏文艺出版社 / 2012-9 / 32.80元,穿越,False
35568218,庆余年·第八卷：天下有狗,https://book.douban.com/subject/35568218/,猫腻 / 人民文学出版社 / 2021-9 / 39.00元,穿越,False
26718236,木兰无长兄1,https://book.douban.com/subject/26718236/,祈祷君 / 百花洲文艺出版社 / 2016-2 / 29.80元,穿越,False
26846663,木兰无长兄5,https://book.douban.com/subject/26846663/,祈祷君 / 百花洲文艺出版社 / 2016-8 / 29.80元,穿越,False
26860947,木兰无长兄6,https://book.douban.com/subject/26860947/,祈祷君 / 百花洲文艺出版社 / 2016-9 / 29.80元,穿越,False
27082729,木兰无长兄8,https://book.douban.com/subject/27082729/,祈祷君 / 百花洲文艺出版社 / 2017-3 / 29.80元,穿越,False
26904053,木兰无长兄7,https://book.douban.com/subject/26904053/,祈祷君 / 百花洲文艺出版社 / 2016-11 / 29.80元,穿越,False
35813425,成何体统,https://book.douban.com/subject/35813425/,七英俊 / 湖南文艺出版社 / 2022-4-1 / 79.80元,穿越,False
10527811,官居一品（全七册）,https://book.douban.com/subject/10527811/,三戒大师 / 中国青年出版社 / 2012-3 / 175.00元,穿越,False
5283293,レッツ☆ラグーン 1: Let’s Lagoon 1,https://book.douban.com/subject/5283293/,岡崎武士 / 講談社 / 2010-9-6 / 580円,穿越,False
35336614,犬夜叉: 1－56,https://book.douban.com/subject/35336614/,[日]高桥留美子 / 天津人民美术出版社 / 2021-1 / 1052.8,穿越,False
3243119,逃離學校！02: I-My-Me,https://book.douban.com/subject/3243119/,谷川流 / 光依 / 东立出版社 / 2007年5月21 / NT$200,穿越,False
36631533,咸鱼飞升,https://book.douban.com/subject/36631533/,重关暗度 / 湖南文艺出版社 / 2024-1 / 54.8,穿越,False
3205242,法老的宠妃Ⅱ·荷鲁斯之眼,https://book.douban.com/subject/3205242/,悠世 / 朝华出版社 / 2008-09 / 22.0,穿越,False
25908409,九重紫（1、2、3）,https://book.douban.com/subject/25908409/,吱吱 / 江苏凤凰文艺出版社 / 2014-8 / 75.00元,穿越,False
26286497,九重紫（4、5、6）,https://book.douban.com/subject/26286497/,吱吱 / 江苏文艺出版社 / 2015-2 / 75.00元,穿越,False
35219052,铁血残明: 铁血残明,https://book.douban.com/subject/35219052/,柯山梦 / 2020-2-2,穿越,False
36855338,明末边军一小兵,https://book.douban.com/subject/36855338/,老白牛 / 起点图书 / 2016,穿越,False
36676218,秦吏,https://book.douban.com/subject/36676218/,七月新番,穿越,False
26811378,法老的宠妃3·宿命的终结,https://book.douban.com/subject/26811378/,悠世 / 长江出版社 / 2016-4 / 28,穿越,False
37187127,Y,https://book.douban.com/subject/37187127/,佐藤正午 / 角川文庫 / 2024-10-25 / 900JPY,穿越,False
35000716,解忧杂货店,https://book.douban.com/subject/35000716/,[日] 东野圭吾 / 李盈春 / 南海出版公司 / 2020-9 / 59.00元,穿越,False
37109553,天才俱乐部,https://book.douban.com/subject/37109553/,城城与蝉,穿越,False
3808982,动物庄园,https://book.douban.com/subject/3808982/,乔治•奥威尔 (George Orwell) / 隗静秋 / 上海三联书店 / 2009-6-1 / 16.00元,穿越,False
34464674,万物发明指南: 时间旅行者生存手册,https://book.douban.com/subject/34464674/,[加] 瑞安·诺思 / 王乔琦 / 中信出版集团 / 2019-10-1 / 78.00,穿越,False
36028675,攻略不下来的星辰,https://book.douban.com/subject/36028675/,袖侧 / 北京联合出版公司 / 2022-7,穿越,False
35252833,黑莲花攻略手册,https://book.douban.com/subject/35252833/,白羽摘雕弓 / 青岛出版社 / 2020-11 / 69.8,穿越,False
35960200,我要上学,https://book.douban.com/subject/35960200/,红刺北 / 中国友谊出版公司 / 2022-6 / 49.80元,穿越,False
30154382,許仙志01,https://book.douban.com/subject/30154382/,說夢者 / 說頻文化,穿越,False
36774236,女首辅,https://book.douban.com/subject/36774236/,宝妆成 / 江苏凤凰文艺出版社 / 49.8,穿越,False
37059989,女首辅2,https://book.douban.com/subject/37059989/,宝妆成 / 江苏凤凰文艺出版社 / 2024-6 / 49.8元,穿越,False
2040347,Outlander,https://book.douban.com/subject/2040347/,Diana Gabaldon / Random House Publishing Group / 1992-6-2 / USD 9.99,穿越,False
3932365,极品家丁全集: 套装共8册,https://book.douban.com/subject/3932365/,禹岩 / 广西人民出版社 / 2008-5-1 / 238.00元,穿越,False
20287804,军地两用人才之友,https://book.douban.com/subject/20287804/,沈阳军区政治部研究室 / 1984,穿越,False
3529721,"""赤脚医生""手册",https://book.douban.com/subject/3529721/,上海中医学院 等编写、上海出版系统出版革命组 编辑 / 上海科学技术出版社 / 1969-12 / 1.30,穿越,False
35743731,军地两用人才之友 续编本,https://book.douban.com/subject/35743731/,沈阳军区政治部研究室 / 沈阳出版社、沈阳军区政治部研究室_沈阳出版社 / 1985-8-1,穿越,False
35476600,女将星,https://book.douban.com/subject/35476600/,千山茶客、悦读纪 / 青岛出版社 / 2021-5 / 79.8,穿越,False
35641013,庆余年·第九卷：东山之变,https://book.douban.com/subject/35641013/,猫腻 / 人民文学出版社 / 2021-11 / 39.00元,穿越,False
36691909,清冽的内在,https://book.douban.com/subject/36691909/,庆山、庆山 / 人民文学出版社 / 2023-12 / 138,安妮宝贝,False
33412495,그 끝에 있는 것 4,https://book.douban.com/subject/33412495/,"하리보 / 반양장본 / 2019-4-15 / KRW 12,600",安妮宝贝,False
3689573,八月未央,https://book.douban.com/subject/3689573/,安妮宝贝 / 作家出版社 / 2009-4-1 / 25.00元,安妮宝贝,False
25898124,"得未曾有: 安妮宝贝更名""庆山""后首部作品",https://book.douban.com/subject/25898124/,庆山 / 北京十月文艺出版社 / 2014-6 / 49.00元,安妮宝贝,False
36063081,月童度河: 精装典藏版,https://book.douban.com/subject/36063081/,庆山 / 江苏凤凰文艺出版社 / 2022-8 / 68.00,安妮宝贝,False
35641564,一切境,https://book.douban.com/subject/35641564/,庆山 / 人民文学出版社 / 2021-11-2 / 66.00,安妮宝贝,False
27032790,八月未央,https://book.douban.com/subject/27032790/,庆山 / 北京十月文艺出版社 / 2016-9 / 35,安妮宝贝,False
25898124,"得未曾有: 安妮宝贝更名""庆山""后首部作品",https://book.douban.com/subject/25898124/,庆山 / 北京十月文艺出版社 / 2014-6 / 49.00元,安妮宝贝,False
3087020,清醒纪,https://book.douban.com/subject/3087020/,安妮宝贝 / 北京十月文艺出版社 / 2008-5 / 28.00元,安妮宝贝,False
3016219,二三事,https://book.douban.com/subject/3016219/,安妮宝贝 / 北京十月文艺出版社 / 2008-2 / 25.00元,安妮宝贝,False
6753739,大方 No.2: 夏日号,https://book.douban.com/subject/6753739/,安妮宝贝 / 北京十月文艺出版社 / 2011-8 / 25.00元,安妮宝贝,False
24860561,且以永日: 安妮宝贝散文精选集,https://book.douban.com/subject/24860561/,安妮宝贝 / 长江文艺出版社 / 2013-8 / 36.00,安妮宝贝,False
20413880,古书之美,https://book.douban.com/subject/20413880/,韦力、安妮宝贝 / 新星出版社 / 2013-1-1 / 49.50元,安妮宝贝,False
3274182,莲花,https://book.douban.com/subject/3274182/,安妮宝贝 / 万卷出版公司 / 2008-10 / 25.00元,安妮宝贝,False
3026449,告别薇安,https://book.douban.com/subject/3026449/,安妮宝贝 / 北京十月文艺出版社 / 2008-2 / 28.00元,安妮宝贝,False
3043518,彼岸花,https://book.douban.com/subject/3043518/,安妮宝贝 / 北京十月文艺出版社 / 2008-2 / 28.00元,安妮宝贝,False
30415612,夏摩山谷,https://book.douban.com/subject/30415612/,庆山 / 江苏凤凰文艺出版社 / 2019-1 / 58.00元,安妮宝贝,False
26785701,月童度河,https://book.douban.com/subject/26785701/,庆山 / 北京十月文艺出版社 / 2016-6-28 / 45.00,安妮宝贝,False
3113567,蔷薇岛屿,https://book.douban.com/subject/3113567/,安妮宝贝 / 北京十月文艺出版社 / 2008-6 / 28.00元,安妮宝贝,False
3224818,安妮宝贝系列,https://book.douban.com/subject/3224818/,安妮宝贝 / 北京出版社出版集团 / 2008 / 137.0,安妮宝贝,False
2268080,素年锦时之月棠记,https://book.douban.com/subject/2268080/,安妮宝贝 / 二十一世纪音像电子出版社 / 2007-9 / 15.00元,安妮宝贝,False
4199677,安妮宝贝  彼岸花,https://book.douban.com/subject/4199677/,,安妮宝贝,False
3689573,八月未央,https://book.douban.com/subject/3689573/,安妮宝贝 / 作家出版社 / 2009-4-1 / 25.00元,安妮宝贝,False
1000396,告别薇安,https://book.douban.com/subject/1000396/,安妮宝贝 原著、雪翎 编绘 / 杭州出版社 / 2002-10 / 17.50元,安妮宝贝,False
6751043,清醒纪: 安妮宝贝十年修订典藏文集,https://book.douban.com/subject/6751043/,安妮宝贝 / 北京十月文艺出版社 / 2011-8-1 / 28.00元,安妮宝贝,False
6751046,莲花: 安妮宝贝十年修订典藏文集,https://book.douban.com/subject/6751046/,安妮宝贝 / 北京十月文艺出版社 / 2011-8-1 / 26.00元,安妮宝贝,False
6751027,告别薇安: 安妮宝贝十年修订典藏文集,https://book.douban.com/subject/6751027/,安妮宝贝 / 北京十月文艺出版社 / 2011-8-1 / 28.00元,安妮宝贝,False
6751038,彼岸花: 安妮宝贝十年修订典藏文集,https://book.douban.com/subject/6751038/,安妮宝贝 / 北京十月文艺出版社 / 2011-8 / 28.00元,安妮宝贝,False
1094500,一种浸染: 影响我的10部小说,https://book.douban.com/subject/1094500/,安妮宝贝 选、庆山 / 新世界出版社 / 2002-1 / 19.00元,安妮宝贝,False
6751052,素年锦时: 安妮宝贝十年修订典藏文集,https://book.douban.com/subject/6751052/,安妮宝贝 / 北京十月文艺出版社 / 2011-8-1 / 28.00元,安妮宝贝,False
6751039,蔷薇岛屿: 安妮宝贝十年修订典藏文集,https://book.douban.com/subject/6751039/,安妮宝贝 / 北京十月文艺出版社 / 2011-8 / 28.00元,安妮宝贝,False
6751042,二三事: 安妮宝贝十年修订典藏文集,https://book.douban.com/subject/6751042/,安妮宝贝 / 北京十月文艺出版社 / 2011-8 / 26.00元,安妮宝贝,False
6751036,八月未央: 安妮宝贝十年修订典藏文集,https://book.douban.com/subject/6751036/,安妮宝贝 / 北京十月文艺出版社 / 2011-8 / 26.00元,安妮宝贝,False
30217243,镜湖: 从安妮宝贝到庆山 全新散文集,https://book.douban.com/subject/30217243/,庆山 / 北京联合出版公司 / 2018-6 / 48.00元,安妮宝贝,False
3327047,选择之道,https://book.douban.com/subject/3327047/,安妮宝贝、沧月、安意如、冯唐、张悦然、李西闽、蔡骏、春树、孙睿 / 万卷出版公司 / 2009年 / 18.00元,安妮宝贝,False
35641564,一切境,https://book.douban.com/subject/35641564/,庆山 / 人民文学出版社 / 2021-11-2 / 66.00,安妮宝贝,False
25776922,春宴,https://book.douban.com/subject/25776922/,安妮宝贝 / 北京十月文艺出版社 / 2014-1 / 37.50元,安妮宝贝,False
26900050,仍然: 从安妮宝贝到庆山 写作十六年纪念摄影册,https://book.douban.com/subject/26900050/,庆山 / 中信出版社 / 2016-11 / 98.00元,安妮宝贝,False
35493021,心的千问,https://book.douban.com/subject/35493021/,庆山 / 天津人民出版社 / 2021-7-7 / 68,安妮宝贝,False
10537434,八行书,https://book.douban.com/subject/10537434/,安妮宝贝等 / 新世界出版社 / 2012-3 / 30.00元,安妮宝贝,False
2003114,十年之爱,https://book.douban.com/subject/2003114/,陶萍 / 天津人民出版社 / 2005.4 / 22.00元,安妮宝贝,False
2380097,蓮花,https://book.douban.com/subject/2380097/,安妮寶貝 / 遠流 / 2007.12.28 / 300元,安妮宝贝,False
4730201,有一天,https://book.douban.com/subject/4730201/,艾莉森·麦基 著、彼德·H·雷诺兹  图 / 安妮宝贝 / 南海出版公司 / 2010年3月 / 25.00元,安妮宝贝,False
10559925,八月未央,https://book.douban.com/subject/10559925/,安妮宝贝 / 作家出版社 / 2012-2 / 29.80元,安妮宝贝,False
1783517,小镇生活: 《萌芽》50年精华本·小说卷四,https://book.douban.com/subject/1783517/,安妮宝贝、郭敬明、张悦然  等著 / 二十一世纪出版社 / 2006-4 / 29.80元,安妮宝贝,False
1902628,空谷幽兰: 寻访当代中国隐士,https://book.douban.com/subject/1902628/,[美] 比尔·波特 / 明洁 / 当代中国出版社 / 2006-10 / 29.80元,安妮宝贝,False
25806128,安妮宝贝文集,https://book.douban.com/subject/25806128/,安妮宝贝 / 北京十月文艺出版社 / 2013-11-1 / 398,安妮宝贝,False
26309123,近在远方,https://book.douban.com/subject/26309123/,七堇年、苏枕书、王泽、老王子、安妮贝比、陈思呈、陈丹燕、木遥、郭珊、何袜皮 / 北京联合出版公司 / 2015-3 / 32.80元,安妮宝贝,False
25743724,且以永日: 安妮宝贝散文精选集,https://book.douban.com/subject/25743724/,安妮宝贝 / 长江文艺出版社 / 2013-11 / 45.00元,安妮宝贝,False
1784129,赤道往北21度,https://book.douban.com/subject/1784129/,,安妮宝贝,False
37095780,凉宫春日的剧场,https://book.douban.com/subject/37095780/,[日] 谷川流 著、[日] 伊东杂音 绘 / 藏喜 / 百花洲文艺出版社 / 2024-11-29 / 38.00元,轻小说,False
34941270,妹妹人生（上）,https://book.douban.com/subject/34941270/,入間人間 / 呂郁青 / 台灣角川 / 2017-12-20 / TWD 180,轻小说,False
33420605,藥師少女的獨語 (1),https://book.douban.com/subject/33420605/,日向夏 / 可倫 / 台灣角川 / 2019-2-26 / NT$220/HK$75,轻小说,False
34434338,掟上今日子的备忘录,https://book.douban.com/subject/34434338/,[日] 西尾维新 / 绯华璃 / 北京时代华文书局 / 2020-1 / 48.00元,轻小说,False
25737796,库特利亚芙卡的排序: “冰菓”系列3,https://book.douban.com/subject/25737796/,[日] 米泽穗信 / 方宁 / 湖南美术出版社 / 2013-11 / 30.00元,轻小说,False
10946011,丹特丽安的书架 08,https://book.douban.com/subject/10946011/,[日] 三云岳斗 著、[日] G Yusuke 绘、三云岳斗 / ichigo / 湖南美术出版社 / 2012-8 / 19.00元,轻小说,False
26980300,三日间的幸福,https://book.douban.com/subject/26980300/,[日] 三秋缒 / 许郁文 / 百花洲文艺出版社 / 2017-3 / 30.00元,轻小说,False
35239428,义忆,https://book.douban.com/subject/35239428/,[日] 三秋缒 / 林枫 / 新星出版社 / 2020-11 / 46.00,轻小说,False
32660292,妹妹人生 (下),https://book.douban.com/subject/32660292/,入間人間 / 吕郁青、呂郁青 / 台灣角川 / 2018-6-7 / TWD 180,轻小说,False
34886470,那年夏天，你打来的电话,https://book.douban.com/subject/34886470/,[日] 三秋缒 / 邱钟仁 / 新星出版社 / 2019-12 / 36.00元,轻小说,False
34886471,那年夏天，我拨去的电话,https://book.douban.com/subject/34886471/,[日] 三秋缒 / 邱钟仁 / 新星出版社 / 2019-12 / 36.00元,轻小说,False
36094872,通往夏天的隧道，再见的出口,https://book.douban.com/subject/36094872/,[日] 八目迷 / 三淼 / 百花文艺出版社 / 2022-11-1 / 52,轻小说,False
35190914,杀死小说家,https://book.douban.com/subject/35190914/,[日]斜线堂有纪 / 张泽阳 / 新星出版社 / 2020-9 / 42.00元,轻小说,False
35562957,負けヒロインが多すぎる！,https://book.douban.com/subject/35562957/,雨森たきび / 小学館 / 2021-7-21 / JPY 836,轻小说,False
37196046,灼眼的夏娜S IV,https://book.douban.com/subject/37196046/,高橋弥七郎、いとうのいぢ / Seeker / 台灣角川 / 2024-12-6 / NT$200,轻小说,False
37017679,誰殺了勇者,https://book.douban.com/subject/37017679/,駄犬 / 陳柏安 / 台灣角川 / 2024-9-9,轻小说,False
37081371,86-不存在的地域- Ep.11 受难之日,https://book.douban.com/subject/37081371/,[日] 安里朝都 / 可伦 / 中国致公出版社 / 2024-10,轻小说,False
26935572,浪花少年侦探团,https://book.douban.com/subject/26935572/,[日] 东野圭吾 / 张舟 / 南海出版公司 / 2017-3 / 35.00元,轻小说,False
30159046,文学少女：青涩作家与文学少女编辑,https://book.douban.com/subject/30159046/,[日] 野村美月 / 成时 / 人民文学出版社 / 2021-12 / 68.00元,轻小说,False
24383185,冰菓: “冰菓”系列1,https://book.douban.com/subject/24383185/,[日] 米泽穗信 / 方宁 / 湖南美术出版社 / 2013-6 / 25.00元,轻小说,False
36136682,弹丸论破雾切 1,https://book.douban.com/subject/36136682/,[日] 北山猛邦 / 青青 / 台海出版社 / 2023-3 / 48.00元,轻小说,False
36186301,弹丸论破雾切 5,https://book.douban.com/subject/36186301/,[日] 北山猛邦 / 青青 / 台海出版社 / 2023-3 / 48.00元,轻小说,False
35922833,"沒有明天的我們,在昨天相戀",https://book.douban.com/subject/35922833/,星火燎原 / 徐屹 / 皇冠 / 2022-6-27 / NT$360,轻小说,False
27595307,放課後は、異世界喫茶でコーヒーを,https://book.douban.com/subject/27595307/,風見鶏 / KADOKAWA / 2017-6-20,轻小说,False
36186302,弹丸论破雾切 6,https://book.douban.com/subject/36186302/,[日] 北山猛邦 / 青青 / 台海出版社 / 2023-3 / 48.00元,轻小说,False
36850981,夏日幽灵,https://book.douban.com/subject/36850981/,[日] 乙一 / 温雪亮 / 中国友谊出版公司 / 2024-12 / 49.80,轻小说,False
24853056,愚者的片尾: “冰菓”系列2,https://book.douban.com/subject/24853056/,[日] 米泽穗信 / 方宁 / 湖南美术出版社 / 2013-8 / 25.00元,轻小说,False
27070071,迟来的翅膀: “冰菓”系列6,https://book.douban.com/subject/27070071/,[日] 米泽穗信 / 枯山水 / 百花洲文艺出版社 / 2017-7 / 34.00元,轻小说,False
34431926,ヴェールドマン仮説,https://book.douban.com/subject/34431926/,"西尾維新 / 講談社 / 2019-7-31 / 1,620",轻小说,False
36798238,わたし、二番目の彼女でいいから。 ７,https://book.douban.com/subject/36798238/,西条陽、Re岳 / KADOKAWA / 2024-3-8 / JPY 748,轻小说,False
25767987,平行恋人,https://book.douban.com/subject/25767987/,[日] 静月远火 著、[日] 越岛羽空 绘 / 王静怡 / 湖南美术出版社 / 2013-12 / 23.00元,轻小说,False
35357895,宝石商人理查德的谜鉴定,https://book.douban.com/subject/35357895/,[日]辻村七子 / 陈曦 / 台海出版社 / 2021-6 / 48,轻小说,False
25922688,NO GAME NO LIFE 遊戲人生 06: 聽說遊戲玩家夫妻向世界挑戰了,https://book.douban.com/subject/25922688/,榎宮祐 / 林憲權 / 東立出版社 / 2014-8-7 / NT$240,轻小说,False
37076398,一之瀨尤娜飄浮在空中,https://book.douban.com/subject/37076398/,乙一 / UII / 尖端 / 2024-12 / NT$280.00,轻小说,False
4934257,紫色的Qualia,https://book.douban.com/subject/4934257/,うえお久光、綱島志朗 / 何宜叡 / 東立出版社 / 2010-08-12 / NT$210,轻小说,False
2979817,GOSICK 1,https://book.douban.com/subject/2979817/,櫻庭一樹 / 洪嘉穗 / 台灣國際角川書店股份有限公司 / 2007 / NT $ 200,轻小说,False
33422386,世界尽头的咖啡馆,https://book.douban.com/subject/33422386/,（美）约翰·史崔勒基 / 万洁 / 天津人民出版社 / 2019-6 / 45.00元,轻小说,False
6895255,四月の魔女の部屋（星海社朗読館）,https://book.douban.com/subject/6895255/,星空 めてお、逢倉 千尋、坂本 真綾 / 講談社 / 2011-11-16 / JPY 2500,轻小说,False
25867965,勇者物语: 上中下,https://book.douban.com/subject/25867965/,(日) 宫部美雪 / 林青华 / 南海出版公司 / 2014-6-1 / 98.00元,轻小说,False
3809421,機動戰士鋼彈UNICORN(4) 帛琉攻略戰,https://book.douban.com/subject/3809421/,福井晴敏 原作、安彥良和 角色設定、插畫、KATOKI HAJIME 機械設定、矢立肇、富野由悠季 原案 / 鄭人彥 / 臺灣國際角川 / 2009年07月 / NTD180元,轻小说,False
35285446,"堤亞穆帝國物語 1: 從斷頭台開始, 公主重生後的逆轉人生",https://book.douban.com/subject/35285446/,杜乃ミズ、餅月望、Gilse / 張凱鈞 / 青文出版社股份有限公司 / 2020-12-14 / NT$ 140,轻小说,False
26275915,Re: 從零開始的異世界生活 01,https://book.douban.com/subject/26275915/,長月達平、大塚真一郎 / 黃盈琪 / 青文出版社 / 2015-2-10 / NT$220,轻小说,False
26290163,無職轉生 ~到了異世界就拿出真本事~ 01,https://book.douban.com/subject/26290163/,理不尽な孫の手、シロタカ / 羅尉揚 / 台灣角川 / 2015-8-6 / NT$230,轻小说,False
35520726,煞风景的早间首班车,https://book.douban.com/subject/35520726/,[日] 青崎有吾 / 郑晓蕾 / 新星出版社 / 2021-9 / 45.00元,轻小说,False
25817321,安達與島村 01,https://book.douban.com/subject/25817321/,入間人間、のん、[日本] 入间人间 / 哈泥蛙 / 台灣角川 / 2014-3-27 / NT$180,轻小说,False
36265556,ゆるコワ！ 1: 無敵のJKが心霊スポットに凸しまくる,https://book.douban.com/subject/36265556/,谷尾　銀 / KADOKAWA / 2023-1-24 / JPY 680,轻小说,False
6797335,仰望半月的夜空 06: life goes on,https://book.douban.com/subject/6797335/,[日] 桥本纺 著、[日] 山本启治 绘 / 郑晓兰 / 湖南美术出版社 / 2011-9 / 21.00元,轻小说,False
10591691,马桶上的阿拉丁 04,https://book.douban.com/subject/10591691/,风聆 著、kurudaz 绘 / 湖南美术出版社 / 2012-5 / 25.00元,轻小说,False
37180574,小説映画ドラえもんのび太の人魚大海戦,https://book.douban.com/subject/37180574/,涌井　学、藤子・Ｆ・不二雄 / 小学館ジュニア文庫 / 2022-12,轻小说,False
26349236,반역기사의 성녀찬탈 1 성년도시 카테드랄 침탈: 反逆骑士的圣女篡夺 1 圣女都市 主教堂侵袭,https://book.douban.com/subject/26349236/,최지인、VIT-B / 2014-9,轻小说,False
24531956,哈利·波特,https://book.douban.com/subject/24531956/,J.K.罗琳 (J.K.Rowling) / 苏农、马爱农、马爱新 / 人民文学出版社 / 2008-12-1 / 498.00元,魔幻,False
1071241,哈利·波特与阿兹卡班的囚徒,https://book.douban.com/subject/1071241/,[英] J. K. 罗琳 / 郑须弥 / 人民文学出版社 / 2000-9 / 26.50元,魔幻,False
35587028,生死疲劳,https://book.douban.com/subject/35587028/,莫言 / 浙江文艺出版社 / 2022-1 / 69.90元,魔幻,False
37016658,小城与不确定性的墙,https://book.douban.com/subject/37016658/,[日] 村上春树 / 施小炜 / 江苏凤凰文艺出版社 / 2024-10 / 89.90元,魔幻,False
27107109,百年孤独: 50周年纪念版,https://book.douban.com/subject/27107109/,[哥伦比亚] 加西亚·马尔克斯 / 范晔 / 南海出版公司 / 2017-8 / 55.00元,魔幻,False
1013129,哈利·波特与凤凰社,https://book.douban.com/subject/1013129/,[英] J. K. 罗琳 / 马爱农、马爱新、蔡文 / 人民文学出版社 / 2003-9 / 59.00元,魔幻,False
21979017,魔戒,https://book.douban.com/subject/21979017/,[英] J.R.R.托尔金 / 邓嘉宛、石中歌、杜蕴慈 / 上海人民出版社 / 2013-9 / 169.00元,魔幻,False
2295163,哈利·波特与死亡圣器,https://book.douban.com/subject/2295163/,[英] J. K. 罗琳 / 马爱农、马爱新 / 人民文学出版社 / 2007-10 / 66.00元,魔幻,False
35096959,透明的红萝卜: 莫言中篇小说精品系列1,https://book.douban.com/subject/35096959/,莫言 / 浙江文艺出版社 / 2020-7 / 49.00元,魔幻,False
1041007,哈利·波特与魔法石,https://book.douban.com/subject/1041007/,[英] J. K. 罗琳 / 苏农 / 人民文学出版社 / 2000-9 / 19.50元,魔幻,False
35139961,猎魔人 卷一: 白狼崛起,https://book.douban.com/subject/35139961/,[波兰] 安杰伊·萨普科夫斯基 / 乌兰、赵琳、小龙 / 重庆出版社 / 2020-8 / 72.80元,魔幻,False
1039487,哈利·波特与密室,https://book.douban.com/subject/1039487/,[英] J. K. 罗琳 / 马爱新 / 人民文学出版社 / 2000-9 / 22.00元,魔幻,False
6059098,烙印戰士 33,https://book.douban.com/subject/6059098/,[日本] 三浦建太郎 / 天下出版有限公司 / HK$35,魔幻,False
4233617,烙印戰士 (Vol.34),https://book.douban.com/subject/4233617/,三浦建太郎 / 天下出版有限公司 (HK) / 2009-12-22 / 港币35,魔幻,False
5907535,烙印戰士 (Vol.35),https://book.douban.com/subject/5907535/,[日本] 三浦建太郎 / 天下出版有限公司 (HK) / 2010-12-21 / 港币35,魔幻,False
10536958,烙印戰士 (Vol.36),https://book.douban.com/subject/10536958/,[日本] 三浦建太郎 / 天下出版有限公司 (HK) / 2012-2-23 / 港币35元,魔幻,False
25809872,烙印战士 37,https://book.douban.com/subject/25809872/,[日本] 三浦建太郎 / 朱丽鸿 / 天下出版有限公司 / 2013-5 / 35元,魔幻,False
6082808,百年孤独,https://book.douban.com/subject/6082808/,[哥伦比亚] 加西亚·马尔克斯 / 范晔 / 南海出版公司 / 2011-6 / 39.50元,魔幻,False
35369646,达摩流浪者,https://book.douban.com/subject/35369646/,[美] 杰克·凯鲁亚克 / 业之 / 湖南科学技术出版社 / 2021-5 / 52.00元,魔幻,False
30617321,罗尔德·达尔作品典藏－了不起的狐狸爸爸,https://book.douban.com/subject/30617321/,[英]罗尔德·达尔 / 代维 / 明天出版社 / 2018-9-1 / 27.70元,魔幻,False
26862310,烙印战士 38,https://book.douban.com/subject/26862310/,[日本] 三浦建太郎 / 接客伯 / 天下 / 2016-7 / 35元,魔幻,False
11628194,冰与火之歌·卷四·群鸦的盛宴（上）,https://book.douban.com/subject/11628194/,乔治·马丁 / 屈畅、胡绍晏 / 重庆出版社 / 2012-9 / 29.80元,魔幻,False
11628197,冰与火之歌·卷四·群鸦的盛宴（中）,https://book.douban.com/subject/11628197/,乔治·马丁 / 屈畅、胡绍晏 / 重庆出版社 / 2012-9 / 29.80元,魔幻,False
11628195,冰与火之歌·卷四·群鸦的盛宴（下）,https://book.douban.com/subject/11628195/,乔治·马丁 / 屈畅、胡绍晏 / 重庆出版社 / 2012-9 / 29.80元,魔幻,False
27112457,烙印戰士 39,https://book.douban.com/subject/27112457/,三浦建太郎 / 闫思敏 / 天下 / 2017-7 / 38元,魔幻,False
30404416,烙印戰士(40),https://book.douban.com/subject/30404416/,[日本] 三浦建太郎 / 天下出版社 / 2018-11-7,魔幻,False
35754950,烙印戰士 (Vol.41),https://book.douban.com/subject/35754950/,[日本] 三浦建太郎 / 天下出版有限公司 (HK) / 2022-1-5,魔幻,False
20491922,四十一炮,https://book.douban.com/subject/20491922/,莫言 / 上海文艺出版社 / 2012-11 / 49.00元,魔幻,False
35904702,热夜之梦,https://book.douban.com/subject/35904702/,[美] 乔治 R·R·马丁 / 姚向辉 / 湖南文艺出版社 / 2022-11 / 68元,魔幻,False
6792270,佩德罗·巴拉莫,https://book.douban.com/subject/6792270/,[墨西哥] 胡安·鲁尔福 / 屠孟超 / 译林出版社 / 2011-10 / 28.00元,魔幻,False
36531287,寻羊冒险记,https://book.douban.com/subject/36531287/,[日] 村上春树 / 赖明珠 / 上海译文出版社 / 2024-1 / 78元,魔幻,False
36552792,老人与海,https://book.douban.com/subject/36552792/,[美] 欧内斯特·海明威 / 李文俊、董衡巽 / 漓江出版社 / 2024-10 / 47.00元,魔幻,False
36998653,春之死,https://book.douban.com/subject/36998653/,[西] 梅尔塞·罗多雷达 / 王岑卉 / 江苏凤凰文艺出版社 / 2025-2 / 48.00,魔幻,False
30484737,哈利·波特与死亡圣器: 英汉对照版,https://book.douban.com/subject/30484737/,[英] J·K·罗琳 / 马爱农、马爱新 / 人民文学出版社 / 2021-2 / 158.00元,魔幻,False
30371059,哈利·波特与魔法石: 英汉对照版,https://book.douban.com/subject/30371059/,[英] J·K·罗琳 / 苏农 / 人民文学出版社 / 2019-1 / 55.00元,魔幻,False
30217969,哈利·波特与阿兹卡班囚徒: 英汉对照版,https://book.douban.com/subject/30217969/,[英] J·K·罗琳 / 马爱农、马爱新 / 人民文学出版社 / 2019-4 / 78.00元,魔幻,False
30484687,哈利·波特与火焰杯: 英汉对照版,https://book.douban.com/subject/30484687/,[英] J·K·罗琳 / 马爱农、马爱新 / 人民文学出版社 / 2019-7 / 128.00元,魔幻,False
34432750,额尔古纳河右岸,https://book.douban.com/subject/34432750/,迟子建 / 人民文学出版社 / 2019-6-1 / 32.00元,魔幻,False
26836970,沙丘,https://book.douban.com/subject/26836970/,[美] 弗兰克·赫伯特 / 潘振华 / 江苏凤凰文艺出版社 / 2017-1 / 68.00元,魔幻,False
27098887,沙丘2: 沙丘救世主,https://book.douban.com/subject/27098887/,[美] 弗兰克·赫伯特 / 苏益群 / 江苏凤凰文艺出版社 / 2017-9 / 45.00元,魔幻,False
27130074,沙丘3: 沙丘之子,https://book.douban.com/subject/27130074/,[美] 弗兰克·赫伯特 / 张建光 / 江苏凤凰文艺出版社 / 2017-10 / 62.00元,魔幻,False
27611289,七根凶简·大结局: 凤凰涅槃·观四蜃楼,https://book.douban.com/subject/27611289/,尾鱼 / 中国友谊出版公司 / 2018-4 / 39.80元,魔幻,False
35073589,三線輪迴（一）,https://book.douban.com/subject/35073589/,尾魚 / 知翎文化 / 2019-11-13 / 260,魔幻,False
26904483,蛙,https://book.douban.com/subject/26904483/,莫言 / 浙江文艺出版社 / 2017-1 / 37.00元,魔幻,False
1433572,随风而来的玛丽阿姨,https://book.douban.com/subject/1433572/,（英）帕·林·特拉芙斯 / 任溶溶 / 明天出版社 / 2005 / 11.50元,魔幻,False
35073590,三線輪迴（二）,https://book.douban.com/subject/35073590/,尾魚 / 知翎文化 / 2019-11-13 / 260,魔幻,False
1009257,哈利·波特与火焰杯,https://book.douban.com/subject/1009257/,[英] J. K. 罗琳 / 马爱新 / 人民文学出版社 / 2001-5 / 39.80元,魔幻,False
25869080,魔戒: 插图本,https://book.douban.com/subject/25869080/,[英] J. R. R. 托尔金 著、[英] 艾伦·李 图 / 邓嘉宛、杜蕴慈、石中歌 / 上海人民出版社 / 2014-4-1 / 139元,魔幻,False
6903227,魔戒（插图珍藏版）,https://book.douban.com/subject/6903227/,(英)J.R.R.托尔金 / 朱学恒 / 译林出版社 / 2011-12-18 / 189.00元,魔幻,False
26360419,Harry Potter Box Set: The Complete Collection,https://book.douban.com/subject/26360419/,J.K. Rowling / Bloomsbury Childrens / 2014-10-9 / GBP 59.99,魔幻,False
26794352,悲伤逆流成河,https://book.douban.com/subject/26794352/,郭敬明 / 湖南文艺出版社 / 2016-5-27 / 33.80元,郭敬明,False
6527850,悲しみは逆流して河になる,https://book.douban.com/subject/6527850/,郭 敬明 / 泉 京鹿 / 講談社 / 2011-6-2 / JPY 2415,郭敬明,False
2321621,悲伤逆流成河,https://book.douban.com/subject/2321621/,郭敬明 / 24.0,郭敬明,False
34463404,悲傷逆流成河,https://book.douban.com/subject/34463404/,郭敬明 / 高寶 / 2019-8-7,郭敬明,False
35874740,슬픔이 역류하여 강이 되다,https://book.douban.com/subject/35874740/,궈징밍 / 2022-4-25,郭敬明,False
35167040,ไทนี่ ไทม์ 1.0,https://book.douban.com/subject/35167040/,"Jing M,Guo / The Mist Publishing / 2020-8",郭敬明,False
26769994,幻城,https://book.douban.com/subject/26769994/,郭敬明 / 湖南文艺出版社 / 2016-5-27 / 32.80元,郭敬明,False
4920037,临界·爵迹 I,https://book.douban.com/subject/4920037/,郭敬明 / 长江文艺出版社 / 2010-8 / 19.80元,郭敬明,False
1059406,幻城,https://book.douban.com/subject/1059406/,郭敬明 / 春风文艺出版社 / 2003-1 / 28.00元,郭敬明,False
26824353,爵迹：冷血狂宴,https://book.douban.com/subject/26824353/,郭敬明 / 湖南文艺出版社 / 2018-7 / 42.80元,郭敬明,False
1041550,爱与痛的边缘,https://book.douban.com/subject/1041550/,郭敬明 / 东方出版中心 / 2003-4 / 16.80元,郭敬明,False
1006881,左手倒影，右手年华。,https://book.douban.com/subject/1006881/,郭敬明 / 上海译文出版社 / 2003-5 / 16.00元,郭敬明,False
4038164,小时代2.0虚铜时代,https://book.douban.com/subject/4038164/,郭敬明 / 长江文艺出版社 / 2010-1 / 26.80元,郭敬明,False
2977174,N.世界,https://book.douban.com/subject/2977174/,年年、郭敬明 / 长江文艺出版社 / 2007-12 / 38.00,郭敬明,False
4638931,小时代1.5·青木时代VOL.1,https://book.douban.com/subject/4638931/,郭敬明、猫某人、陌一飞（绘） / 长江文艺出版社 / 2010-3 / 14.80元,郭敬明,False
5915713,爵迹.燃魂书,https://book.douban.com/subject/5915713/,郭敬明 / 长江文艺出版社 / 2011-1 / 18.80元,郭敬明,False
1066681,刻下来的幸福时光,https://book.douban.com/subject/1066681/,郭敬明 / 二十一世纪出版社 / 2004-02 / 25.00,郭敬明,False
25745152,愿风裁尘,https://book.douban.com/subject/25745152/,郭敬明 / 长江文艺出版社 / 2013-12 / 36.80元,郭敬明,False
2179956,左手倒影.右手年华,https://book.douban.com/subject/2179956/,郭敬明 / 上海译文出版社 / 2007-5 / 20.00元,郭敬明,False
1902593,最小说（第一辑）: 2006年11期,https://book.douban.com/subject/1902593/,郭敬明 主编 / 长江文艺出版社 / 2006-11 / 8.00元,郭敬明,False
3810989,小时代1.0(限量版 全国仅发行99999套),https://book.douban.com/subject/3810989/,郭敬明 / 长江文艺出版社 / 2008年 / 29.8,郭敬明,False
1902601,岛（Vol.8）: 天王海王,https://book.douban.com/subject/1902601/,郭敬明 主编 / 春风文艺出版社 / 2006-9 / 20.00元,郭敬明,False
2311695,岛（Vol.09）: 庞贝,https://book.douban.com/subject/2311695/,郭敬明 主编 / 春风文艺出版社 / 2007-11 / 20.00元,郭敬明,False
3014715,岛（Vol.10）: 银千特,https://book.douban.com/subject/3014715/,郭敬明 主编 / 春风文艺出版社 / 2008-3 / 20.00元,郭敬明,False
1459494,岛（Vol.6）,https://book.douban.com/subject/1459494/,郭敬明 主编 / 春风文艺出版社 / 2005-12 / 20.00元,郭敬明,False
1425086,岛（Vol.05）: 埃泽尔,https://book.douban.com/subject/1425086/,郭敬明 主编 / 春风文艺出版社 / 2005-7 / 20.00元,郭敬明,False
1808767,岛（VOL.7）: 瑞雷克,https://book.douban.com/subject/1808767/,郭敬明 主编 / 春风文艺出版社 / 2006-5 / 20.00元,郭敬明,False
1003420,岛・陆眼（Vol.02): 16开铜版纸彩印,https://book.douban.com/subject/1003420/,郭敬明 / 春风文艺出版社 / 2004-10 / 20.00,郭敬明,False
1058943,岛（Vol.4）: 普瑞尔,https://book.douban.com/subject/1058943/,郭敬明 主编 / 春风文艺出版社 / 2005-2 / 20.00元,郭敬明,False
1062508,岛: 锦年,https://book.douban.com/subject/1062508/,郭敬明 / 春风文艺出版社 / 2005-01 / 20.00,郭敬明,False
1671453,郭敬明音乐小说迷藏(CD),https://book.douban.com/subject/1671453/,2005 / 25.0,郭敬明,False
1082845,一梦三四年,https://book.douban.com/subject/1082845/,郭敬明 / 上海书店出版社 / 2004-4-1 / 12.00元,郭敬明,False
4638933,小时代1.5·青木时代VOL.2,https://book.douban.com/subject/4638933/,郭敬明、猫某人、陌一飞（绘） / 长江文艺出版社 / 2010-3 / 14.80元,郭敬明,False
6017133,下一站·神奈川,https://book.douban.com/subject/6017133/,郭敬明、落落、笛安、消失宾妮、王小立 / 长江文艺出版社 / 2011-3 / 26.80元,郭敬明,False
1961690,最小说（第四辑）: 2007年02期,https://book.douban.com/subject/1961690/,郭敬明 主编 / 长江文艺出版社 / 2007-2 / 8.00元,郭敬明,False
1926700,关于莉莉周的一切,https://book.douban.com/subject/1926700/,[日] 岩井俊二 / 张苓 / 天津人民出版社 / 2006-12 / 28.00元,郭敬明,False
2342023,最小说·第十四辑: 2007年12月,https://book.douban.com/subject/2342023/,郭敬明、落落 / 长江文艺出版社 / 2007.12 / 10.00,郭敬明,False
4198794,小时代2.0: 虚铜时代（限量珍藏版）,https://book.douban.com/subject/4198794/,郭敬明 / 长江文艺出版社 / 2009-12-30 / 99.00,郭敬明,False
6428335,小时代2.5锋银时代: VOL.1,https://book.douban.com/subject/6428335/,长江文艺出版社 / 2011-5 / 14.80元,郭敬明,False
1947159,最小说（第三辑）: 2007年01期,https://book.douban.com/subject/1947159/,郭敬明 主编 / 长江文艺出版社 / 2007-1 / 8.00元,郭敬明,False
1983931,最小说（第五辑）: 2007年03期,https://book.douban.com/subject/1983931/,郭敬明 主编 / 长江文艺出版社 / 2007-3 / 8.00元,郭敬明,False
1034136,天下,https://book.douban.com/subject/1034136/,郭敬明 / 上海人民出版社 / 2004-01 / 12.00,郭敬明,False
1924450,最小说（第二期）: 2006年12期,https://book.douban.com/subject/1924450/,郭敬明 主编 / 长江文艺出版社 / 2006-12 / 8.00元,郭敬明,False
6017131,下一站·伦敦,https://book.douban.com/subject/6017131/,郭敬明 / 萧凯茵 / 叶阐 / 卢丽莉 / 陈龙 / 长江文艺出版社 / 2011-3 / 26.80元,郭敬明,False
2057508,最小说（第七辑）: 2007年05期,https://book.douban.com/subject/2057508/,郭敬明 主编 / 长江文艺出版社 / 2007-5 / 8.00元,郭敬明,False
2034998,最小说（第六辑）: 2007年04期,https://book.douban.com/subject/2034998/,郭敬明 主编 / 长江文艺出版社 / 2007-4 / 8.00元,郭敬明,False
3133952,最小说（2008 07）,https://book.douban.com/subject/3133952/,郭敬明、落落、卢丽莉等 / 长江文艺出版社 / 2008 / 10元,郭敬明,False
11505942,下一站台北,https://book.douban.com/subject/11505942/,郭敬明、落落、安东尼、痕痕、李枫 / 长江文艺出版社 / 2012-8 / 29.80元,郭敬明,False
4119322,夏至未至: 1995-2005夏至未至,https://book.douban.com/subject/4119322/,郭敬明 / 春风文艺出版社 / 2006 / 25.00,郭敬明,False
2081758,最小说(2007.06 第八辑),https://book.douban.com/subject/2081758/,郭敬明 / 长江文艺出版社 / 2007-6 / 8.00,郭敬明,False
37059435,潮热雨季未解之谜,https://book.douban.com/subject/37059435/,番大王 / 江苏凤凰文艺出版社 / 2024-10 / 49.8元,青春文学,False
25829434,暗恋·橘生淮南,https://book.douban.com/subject/25829434/,八月长安 / 湖南文艺出版社 / 2014-7-25 / 58,青春文学,False
35546311,这么多年,https://book.douban.com/subject/35546311/,八月长安 / 江苏凤凰文艺出版社 / 2021-8-14 / 128,青春文学,False
35593926,退烧,https://book.douban.com/subject/35593926/,舒虞 / 江苏凤凰文艺出版社 / 2021-10 / 69.80,青春文学,False
36183542,十七岁你喜欢谁,https://book.douban.com/subject/36183542/,樱十六 / 九州出版社 / 2023-1 / 88.00元,青春文学,False
36094872,通往夏天的隧道，再见的出口,https://book.douban.com/subject/36094872/,[日] 八目迷 / 三淼 / 百花文艺出版社 / 2022-11-1 / 52,青春文学,False
4885257,1王9帅12宫3,https://book.douban.com/subject/4885257/,郭妮 / 文化艺术出版社 / 2010-05 / 25.00元,青春文学,False
26591331,你好，旧时光: 六周年珍藏版,https://book.douban.com/subject/26591331/,八月长安 / 长江文艺出版社 / 2015-10 / 86,青春文学,False
36989658,夏に溺れる,https://book.douban.com/subject/36989658/,青葉寄、灸場メロ / 小学館 / 2024-8-20 / JPY 814,青春文学,False
6017127,骑誓·十字骑士的诅咒,https://book.douban.com/subject/6017127/,肖以默 / 长江文艺出版社 / 2011-3 / 19.80元,青春文学,False
2158194,且听风吟,https://book.douban.com/subject/2158194/,[日] 村上春树 / 林少华 / 上海译文出版社 / 2007-7 / 16.00元,青春文学,False
35377617,在昨日的春天等待你,https://book.douban.com/subject/35377617/,八目迷 / 尖端 / 2021-4-6 / NT$280,青春文学,False
30198856,全宇宙至此剧终2,https://book.douban.com/subject/30198856/,落落 / 湖南文艺出版社 / 2018-5-1 / 42.00元,青春文学,False
4866987,如果·宅,https://book.douban.com/subject/4866987/,有时右逝、丁长宏 / 云南人民出版社 / 2010-6 / 29.90元,青春文学,False
26708152,北极星: 《漫客小说绘》6周年纪念特辑，12位超人气青春文学作家，畅销千万天团,https://book.douban.com/subject/26708152/,裟椤双树、两色风景、原晓、萧十一狼、苏盈、王巧琳、夜森、New One、多多、未来、惊歌、蒙莎 / 长江出版社 / 2015-10-1 / 28.00元,青春文学,False
1046265,挪威的森林,https://book.douban.com/subject/1046265/,[日] 村上春树 / 林少华 / 上海译文出版社 / 2001-2 / 18.80元,青春文学,False
37100356,装脏,https://book.douban.com/subject/37100356/,林树京 / 作家出版社 / 2024-11 / 58.00元,青春文学,False
35917513,告白2完结篇,https://book.douban.com/subject/35917513/,应橙 / 江苏凤凰文艺出版社、江苏文艺出版社,青春文学,False
1324828,房祖名我还爱你,https://book.douban.com/subject/1324828/,粉Q女生+苏香 / 广西人民出版社 / 2005-6 / 19.00元,青春文学,False
36160905,小岛夏夜,https://book.douban.com/subject/36160905/,粥小九 / 江苏凤凰文艺出版社 / 2022-11 / 65.00元,青春文学,False
25873686,琅琊榜（全三册）,https://book.douban.com/subject/25873686/,海宴 / 四川文艺出版社 / 2014-5 / 75.00元,青春文学,False
30164967,知否知否应是绿肥红瘦: 盛府明兰,https://book.douban.com/subject/30164967/,关心则乱 / 中国华侨出版社 / 2018-3-1 / 42.00元,青春文学,False
1812439,步步惊心,https://book.douban.com/subject/1812439/,桐华 / 民族出版社 / 2006-6 / 25.00元,青春文学,False
20501270,大唐明月1·风起长安,https://book.douban.com/subject/20501270/,蓝云舒 / 上海文艺出版社 / 2013-1 / 27.00元,青春文学,False
20277950,写给年少回不去的爱: “那时年少”终场,https://book.douban.com/subject/20277950/,一草 / 湖南文艺出版社 / 2012-11 / 29.80元,青春文学,False
2209098,致我们终将逝去的青春,https://book.douban.com/subject/2209098/,辛夷坞 / 朝华出版社 / 2007-8 / 25.00元,青春文学,False
27132382,蜗牛小镇·世界上和我牵着手的你,https://book.douban.com/subject/27132382/,莫峻 / 百花洲文艺出版社 / 2017-9 / 36.80元,青春文学,False
36091351,见春天,https://book.douban.com/subject/36091351/,纵虎嗅花 / 黄七阳、黄阳 / 北京联合出版公司 / 2023-1,青春文学,False
36283547,六个说谎的大学生,https://book.douban.com/subject/36283547/,[日] 浅仓秋成 / 王星星 / 四川文艺出版社 / 2023-4 / 45.00元,青春文学,False
35541167,春枝秋雨,https://book.douban.com/subject/35541167/,帘十里 / 花山文艺出版社 / 2021-7 / 45.80元,青春文学,False
20425053,我所理解的生活,https://book.douban.com/subject/20425053/,韩寒 / 浙江文艺出版社 / 2013-1-15 / 29.00元,青春文学,False
26671435,我们,https://book.douban.com/subject/26671435/,辛夷坞 / 百花洲文艺出版社 / 2016-1-1 / 49.80元,青春文学,False
35003286,偷偷藏不住,https://book.douban.com/subject/35003286/,青岛出版社 / 2020-4 / 59.8,青春文学,False
30254298,云边有个小卖部,https://book.douban.com/subject/30254298/,张嘉佳 / 湖南文艺出版社 / 2018-7 / 42.00元,青春文学,False
27030334,请你永远记得我,https://book.douban.com/subject/27030334/,江凌 / 北京联合出版公司 / 2017-4 / 38.00元,青春文学,False
26794352,悲伤逆流成河,https://book.douban.com/subject/26794352/,郭敬明 / 湖南文艺出版社 / 2016-5-27 / 33.80元,青春文学,False
35680099,偶像失格,https://book.douban.com/subject/35680099/,[日] 宇佐见铃 / 千早 / 湖南文艺出版社 / 2022-7 / 49.00元,青春文学,False
36519257,海边的山洞,https://book.douban.com/subject/36519257/,[英] 斯图尔特·福斯特 / 北京联合出版公司 / 48.00元,青春文学,False
30230525,情书,https://book.douban.com/subject/30230525/,[日] 岩井俊二 / 穆晓芳 / 南海出版公司 / 2018-6 / 45.00元,青春文学,False
1041550,爱与痛的边缘,https://book.douban.com/subject/1041550/,郭敬明 / 东方出版中心 / 2003-4 / 16.80元,青春文学,False
2008972,沙漏,https://book.douban.com/subject/2008972/,饶雪漫 / 当代世界出版社 / 2007-1 / 25.00元,青春文学,False
2331434,原来你还在这里,https://book.douban.com/subject/2331434/,辛夷坞 / 朝华出版社 / 2007-10 / 25.00元,青春文学,False
3293231,许我向你看,https://book.douban.com/subject/3293231/,辛夷坞 / 河南文艺出版社 / 2008-12 / 25.00元,青春文学,False
1958227,那些年，我们一起追的女孩,https://book.douban.com/subject/1958227/,九把刀 / 花山文艺出版社 / 2007-1 / 20.00元,青春文学,False
1948502,1995-2005夏至未至,https://book.douban.com/subject/1948502/,郭敬明 / 春风文艺出版社 / 2006-10 / 25.00元,青春文学,False
1020459,此间的少年,https://book.douban.com/subject/1020459/,江南 / 华文出版社 / 2004-1 / 25.00元,青春文学,False
3103080,须臾,https://book.douban.com/subject/3103080/,落落 / 长江文艺出版社 / 2008-6 / 24.80元,青春文学,False
5275500,尘曲,https://book.douban.com/subject/5275500/,七堇年 / 浙江文艺出版社 / 2010-10-1 / 25.00元,青春文学,False
5403007,剩者为王,https://book.douban.com/subject/5403007/,落落 / 长江文艺出版社 / 2011-1-1 / 26.80元,青春文学,False
23751092,致我们终将逝去的青春: 电影纪念版,https://book.douban.com/subject/23751092/,辛夷坞 / 百花洲文艺出版社 / 2013-5 / 29.80元,青春文学,False
3003765,开始,https://book.douban.com/subject/3003765/,几米 / 人民文学出版社 / 2007-12 / 42.00元,几米,False
1005312,开始,https://book.douban.com/subject/1005312/,几米 / 辽宁教育出版社 / 2004-07 / 40.00,几米,False
35199047,我的错都是大人的错,https://book.douban.com/subject/35199047/,幾米 / 现代出版社 / 2020-9 / 58.00元,几米,False
30284415,不爱读书不是你的错,https://book.douban.com/subject/30284415/,幾米 / 九州出版社 / 2018-10 / 48.00,几米,False
35379767,头碰头 说说话,https://book.douban.com/subject/35379767/,幾米 / 花山文艺出版社 / 2021-3 / 58.00元,几米,False
1070441,月亮忘记了,https://book.douban.com/subject/1070441/,幾米 / 生活·读书·新知三联书店 / 2002-1 / 28.00元,几米,False
4117202,遗失了一只猫,https://book.douban.com/subject/4117202/,几米 / 现代出版社 / 2009-10-1 / 23.00元,几米,False
36818137,星星是暗夜的眼睛,https://book.douban.com/subject/36818137/,幾米 / 长江文艺出版社 / 2024-3 / 48.00元,几米,False
33428189,时光电影院,https://book.douban.com/subject/33428189/,幾米 / 花山文艺出版社 / 2019-5 / 68.00元,几米,False
1358413,我只能為你畫一張小卡片: Love in the cards,https://book.douban.com/subject/1358413/,幾米 / 大塊文化出版股份有限公司 / 2002-2-4 / TWD 350,几米,False
34942582,但愿有一天你会懂,https://book.douban.com/subject/34942582/,幾米 / 花山文艺出版社 / 2020-1 / 58.00元,几米,False
1061367,幸运儿,https://book.douban.com/subject/1061367/,幾米 / 辽宁教育出版社 / 2003-04 / 36.00元,几米,False
25353939,如果我可以许一个愿望,https://book.douban.com/subject/25353939/,幾米 / 海豚出版社 / 2013-9 / 28.00,几米,False
36143570,忘记亲一下,https://book.douban.com/subject/36143570/,幾米,几米,False
30407912,闭上眼睛一下下,https://book.douban.com/subject/30407912/,幾米 / 台海出版社 / 2019-1 / 68.00元,几米,False
5243268,走向春天的下午,https://book.douban.com/subject/5243268/,幾米 / 现代出版社 / 2010-9-1 / 45.00元,几米,False
1026411,你们 我们 他们: 幾米作品精选集08,https://book.douban.com/subject/1026411/,幾米 / 辽宁教育出版社 / 2003-8 / 25.00,几米,False
1021425,照相本子,https://book.douban.com/subject/1021425/,幾米 / 辽宁教育出版社 / 2002-2 / 24.00元,几米,False
1019338,我只能为你画一张小卡片,https://book.douban.com/subject/1019338/,幾米 / 辽宁教育出版社 / 2002-5 / 23.00元,几米,False
6007431,我不是完美小孩,https://book.douban.com/subject/6007431/,幾米 / 海豚出版社 / 2011-4 / 38.00元,几米,False
3822879,躲进世界的角落,https://book.douban.com/subject/3822879/,幾米 / 人民文学出版社 / 2009-7 / 45.00元,几米,False
1887754,失乐园1: 寂寞上场了,https://book.douban.com/subject/1887754/,幾米 / 现代出版社 / 2006-10 / 26.00元,几米,False
1049190,森林里的秘密,https://book.douban.com/subject/1049190/,几米 / 辽宁教育出版社 / 2004-07 / 18.00,几米,False
1441707,小蝴蝶小披风,https://book.douban.com/subject/1441707/,幾米 / 现代出版社 / 2005-12 / 25.00元,几米,False
5940493,"世界別為我擔心: Don't Worry, Be Happy",https://book.douban.com/subject/5940493/,幾米 / 大塊文化 / 2011-2-1 / TWD 280,几米,False
1361249,地下鐵: Sound of Colors,https://book.douban.com/subject/1361249/,幾米 / 大塊文化 / 2001-1-15 / NT$ 350,几米,False
1368256,你們我們他們: Something about Love,https://book.douban.com/subject/1368256/,幾米 / 大塊文化 / 2003-6-25 / NT$ 360,几米,False
1963312,失乐园Ⅲ：秘密花开了,https://book.douban.com/subject/1963312/,幾米 / 现代出版社 / 2007-1 / 26.00元,几米,False
1048537,布瓜的世界,https://book.douban.com/subject/1048537/,幾米 / 辽宁教育出版社 / 2002-11 / 25.00元,几米,False
4012128,星空: The Starry Starry Night,https://book.douban.com/subject/4012128/,幾米 / 现代出版社 / 2009-10 / 48.00元,几米,False
2148524,我的心中每天开出一朵花,https://book.douban.com/subject/2148524/,幾米 / 人民文学出版社 / 2007-7 / 26.00元,几米,False
1932866,失乐园2: 童年下雪了,https://book.douban.com/subject/1932866/,幾米 / 现代出版社 / 2006-12 / 26.00元,几米,False
1026855,黑白异境,https://book.douban.com/subject/1026855/,幾米 / 汕头大学出版社 / 2004-10-01 / 28.00,几米,False
10553760,时光电影院,https://book.douban.com/subject/10553760/,几米 / 海豚出版社 / 2012-4 / 45.00元,几米,False
4862350,我不是完美小孩,https://book.douban.com/subject/4862350/,幾米 / 大塊文化 / 2010-7-1 / NT$280,几米,False
2150586,照相本子,https://book.douban.com/subject/2150586/,幾米 / 人民文学出版社 / 2007-7 / 26.00元,几米,False
2150588,地下铁,https://book.douban.com/subject/2150588/,幾米 / 人民文学出版社 / 2007-7 / 32.00元,几米,False
2046279,失乐园 IV：魔法失灵了,https://book.douban.com/subject/2046279/,几米、幾米 / 现代出版社 / 2007-3 / 26.00元,几米,False
1394536,我的心中每天開出一朵花: A Garden In My Heart,https://book.douban.com/subject/1394536/,幾米 / 大塊文化 / 2006-10-1 / NT$ 350,几米,False
1821232,"谢谢你毛毛兔，这个下午真好玩: Thank you, Furry Bunny, for a wonderful afternoon",https://book.douban.com/subject/1821232/,幾米 / 大塊文化 / 2006-07-01 / NT$350,几米,False
3770707,恋之风景,https://book.douban.com/subject/3770707/,几米 / 现代出版社 / 2009-7-1 / 28.00元,几米,False
1005312,开始,https://book.douban.com/subject/1005312/,几米 / 辽宁教育出版社 / 2004-07 / 40.00,几米,False
2150587,向左走·向右走,https://book.douban.com/subject/2150587/,幾米 / 人民文学出版社 / 2007-7 / 30.00元,几米,False
2150582,失乐园-奇迹迷路了,https://book.douban.com/subject/2150582/,幾米 / 现代出版社 / 2007-7 / 26.00元,几米,False
2567730,我只能为你画一张小卡片,https://book.douban.com/subject/2567730/,幾米 / 人民文学出版社 / 2007-11 / 23.00元,几米,False
3003763,又寂寞又美好,https://book.douban.com/subject/3003763/,几米 / 人民文学出版社 / 2007-12 / 49.00元,几米,False
3014429,森林里的秘密: 幾米经典作品最新版,https://book.douban.com/subject/3014429/,幾米 / 人民文学出版社 / 2007-12 / 20.00元,几米,False
20418203,拥抱: 没有任何一个拥抱该被忘记,https://book.douban.com/subject/20418203/,幾米 / 海豚出版社 / 2012-12 / 32.00元,几米,False
2567856,微笑的鱼,https://book.douban.com/subject/2567856/,几米 / 人民文学出版社 / 2007-12 / 22.00元,几米,False
1001377,月亮忘记了,https://book.douban.com/subject/1001377/,幾米 / 生活·读书·新知三联书店 / 2002-8 / 15.80元,几米,False
36006223,神奇动物：邓布利多之谜,https://book.douban.com/subject/36006223/,[英] J.K.罗琳、[美] 斯蒂夫·科洛夫斯 / 马爱农、刘娜娜 / 人民文学出版社 / 2022-7-1 / 69,J.K.罗琳,False
24531956,哈利·波特,https://book.douban.com/subject/24531956/,J.K.罗琳 (J.K.Rowling) / 苏农、马爱农、马爱新 / 人民文学出版社 / 2008-12-1 / 498.00元,J.K.罗琳,False
35671730,哈利·波特与阿兹卡班的囚徒: 哈利·波特 3,https://book.douban.com/subject/35671730/,J.K. 罗琳 / 中国图书进出口总公司 / 2016-8-1 / 30.00元,J.K.罗琳,False
35671731,哈利·波特与火焰杯: 哈利·波特 4,https://book.douban.com/subject/35671731/,J.K. 罗琳 / 中国图书进出口总公司 / 2016-8-1 / 30.00元,J.K.罗琳,False
35096293,平安小猪,https://book.douban.com/subject/35096293/,[英] J.K.罗琳 著、[英] 吉姆·菲尔德 绘 / 王梦达 / 新星出版社 / 2021-12-1 / 68,J.K.罗琳,False
35671732,哈利·波特与凤凰社: 哈利·波特 5,https://book.douban.com/subject/35671732/,J.K. 罗琳 / 中国图书进出口总公司 / 2016-8-1,J.K.罗琳,False
3338175,诗翁彼豆故事集: 赫敏·格兰杰译自如尼文,https://book.douban.com/subject/3338175/,[英] J. K. 罗琳 / 马爱农 / 人民文学出版社 / 2008-12 / 18.00元,J.K.罗琳,False
35671733,哈利·波特与“混血王子”: 哈利·波特 6,https://book.douban.com/subject/35671733/,J.K. 罗琳 / 中国图书进出口总公司 / 2016-8-1 / 30.00元,J.K.罗琳,False
35671734,哈利·波特与死亡圣器: 哈利·波特 7,https://book.douban.com/subject/35671734/,J.K. 罗琳 / 中国图书进出口总公司 / 2016-8-1 / 30.00元,J.K.罗琳,False
27625554,神奇动物在哪里（插图版）,https://book.douban.com/subject/27625554/,[英]纽特·斯卡曼德 / 一目、马爱农 / 人民文学出版社 / 2018-3 / 45.00,J.K.罗琳,False
27594566,诗翁彼豆故事集（插图版）,https://book.douban.com/subject/27594566/,[英]J.K.罗琳 / 马爱农 / 人民文学出版社 / 2018-3,J.K.罗琳,False
35909174,哈利·波特与被诅咒的孩子,https://book.douban.com/subject/35909174/,[英] J.K.罗琳、[英] 约翰·蒂法尼、[英] 杰克·索恩 / 马爱农 / 人民文学出版社 / 2022-6 / 69.00元,J.K.罗琳,False
26984868,神奇动物在哪里,https://book.douban.com/subject/26984868/,[英] J. K. 罗琳 / 马爱农、马珈 / 人民文学出版社 / 2017-4 / 58,J.K.罗琳,False
30368773,神奇动物：格林德沃之罪,https://book.douban.com/subject/30368773/,[英] J·K·罗琳 / 马爱农、马珈 / 人民文学出版社 / 2018-11-16 / 59.00元,J.K.罗琳,False
26360419,Harry Potter Box Set: The Complete Collection,https://book.douban.com/subject/26360419/,J.K. Rowling / Bloomsbury Childrens / 2014-10-9 / GBP 59.99,J.K.罗琳,False
30371059,哈利·波特与魔法石: 英汉对照版,https://book.douban.com/subject/30371059/,[英] J·K·罗琳 / 苏农 / 人民文学出版社 / 2019-1 / 55.00元,J.K.罗琳,False
35228043,伊卡狛格,https://book.douban.com/subject/35228043/,[英] J·K·罗琳 / 马爱农 / 人民文学出版社 / 2020-11-10 / 59.00元,J.K.罗琳,False
19898714,偶发空缺,https://book.douban.com/subject/19898714/,[英] J. K. 罗琳 / 任战、向丁丁 / 人民文学出版社 / 2012-10 / 57.00元,J.K.罗琳,False
30294602,哈利·波特与魔法石,https://book.douban.com/subject/30294602/,[英] J·K·罗琳 / 苏农 / 人民文学出版社 / 2018-10 / 42.00元,J.K.罗琳,False
35671729,哈利·波特与密室: 哈利·波特 2,https://book.douban.com/subject/35671729/,[英] J. K. 罗琳 / 马爱新 / Pottermore / 2016-8-1 / 35.00元,J.K.罗琳,False
35171129,Troubled Blood: Cormoran Strike 5,https://book.douban.com/subject/35171129/,Robert Galbraith / Sphere / 2020-9-15,J.K.罗琳,False
26126498,哈利·波特与阿兹卡班囚徒（纪念版）,https://book.douban.com/subject/26126498/,[英] J. K. 罗琳 / 马爱农、马爱新 / 人民文学出版社 / 2014-10-1 / 36元,J.K.罗琳,False
1341752,Harry Potter And The Chamber Of Secrets,https://book.douban.com/subject/1341752/,J.K. Rowling / Scholastic / 2000-9-1 / USD 10.99,J.K.罗琳,False
26126139,哈利·波特与火焰杯（纪念版）,https://book.douban.com/subject/26126139/,J.K.罗琳 / 马爱新 / 人民文学出版社 / 2014-10-1 / 56,J.K.罗琳,False
1344161,Harry Potter and the Goblet of Fire,https://book.douban.com/subject/1344161/,J.K. Rowling / Scholastic / 2002-9 / 9.99美元,J.K.罗琳,False
1288972,Harry Potter and the Half-Blood Prince,https://book.douban.com/subject/1288972/,J. K. Rowling / Bloomsbury / 2005-7-16 / GBP 16.99,J.K.罗琳,False
26126500,哈利·波特与凤凰社（纪念版）,https://book.douban.com/subject/26126500/,[英] J. K. 罗琳 / 马爱农、马爱新 / 人民文学出版社 / 2014-10-1 / 68元,J.K.罗琳,False
1346936,Harry Potter and the Half-Blood Prince,https://book.douban.com/subject/1346936/,J. K. Rowling / Scholastic / 2005-7-16 / $29.99,J.K.罗琳,False
25957853,神奇的魁地奇球,https://book.douban.com/subject/25957853/,(英)肯尼沃思·惠斯普 / 一目 / 人民文学出版社 / 2014-10-1 / CNY 16.00,J.K.罗琳,False
27045883,哈利·波特: 典藏版,https://book.douban.com/subject/27045883/,J.K.罗琳 / 马爱农、马爱新、苏农 / 人民文学出版社 / 2017-9-1 / CNY 648.00,J.K.罗琳,False
26126522,哈利·波特与“混血王子”（纪念版）,https://book.douban.com/subject/26126522/,[英] J. K. 罗琳 / 马爱农、马爱新 / 人民文学出版社 / 2014-10-1 / 58元,J.K.罗琳,False
1291202,Harry Potter and the Goblet of Fire,https://book.douban.com/subject/1291202/,J.K.Rowling / Bloomsbury / 2000 / 6.99英镑,J.K.罗琳,False
1344160,Harry Potter and the Prisoner of Azkaban,https://book.douban.com/subject/1344160/,J. K. Rowling / Scholastic / 2001-9-11 / 10.99美元,J.K.罗琳,False
30282483,短篇故事集 霍格沃茨 勇气·磨难与危险嗜好,https://book.douban.com/subject/30282483/,[英] J. K. 罗琳 / Pottermore / 2016-12-9,J.K.罗琳,False
2009192,Harry Potter and the Deathly Hallows,https://book.douban.com/subject/2009192/,J. K. Rowling / Raincoast Books / 2007-7-21 / CAD 45.00,J.K.罗琳,False
26260838,Harry Potter and the Philosopher's Stone,https://book.douban.com/subject/26260838/,[英] J·K·罗琳 / Bloosbury Publishing / 2014-9 / GBP 12.99,J.K.罗琳,False
30282484,霍格沃茨不完全不靠谱指南,https://book.douban.com/subject/30282484/,[英] J. K. 罗琳 / Pottermore / 2016-12-9,J.K.罗琳,False
26900309,哈利波特: 被詛咒的孩子,https://book.douban.com/subject/26900309/,J.K.羅琳(J.K. Rowling)、約翰.帝夫尼(John Tiffany)、傑克.索恩(Jack Thoen) / 林靜華 / 皇冠 / 2016-11-28 / NT$420,J.K.罗琳,False
1393887,Harry Potter and the Chamber of Secrets,https://book.douban.com/subject/1393887/,J. K. Rowling / Bloomsbury Publishing PLC / 2000-2-11 / 88.0,J.K.罗琳,False
35096293,平安小猪,https://book.douban.com/subject/35096293/,[英] J.K.罗琳 著、[英] 吉姆·菲尔德 绘 / 王梦达 / 新星出版社 / 2021-12-1 / 68,J.K.罗琳,False
30368773,神奇动物：格林德沃之罪,https://book.douban.com/subject/30368773/,[英] J·K·罗琳 / 马爱农、马珈 / 人民文学出版社 / 2018-11-16 / 59.00元,J.K.罗琳,False
6856772,哈利·波特精装全集（套装全7册）,https://book.douban.com/subject/6856772/,[英] J. K. 罗琳 / 苏农、马爱农、马爱新 / 人民文学出版社 / 2011-1 / 430.00元,J.K.罗琳,False
3163871,The Tales of Beedle the Bard,https://book.douban.com/subject/3163871/,J. K. Rowling / Children's High Level Group / 2008-12-04 / GBP 6.99,J.K.罗琳,False
1393886,Harry Potter and the Philosopher's Stone,https://book.douban.com/subject/1393886/,J.K.Rowling / Bloomsbury Publishing Plc / 1997-6-29 / GBP 6.99,J.K.罗琳,False
1388776,Harry Potter and the Order of the Phoenix,https://book.douban.com/subject/1388776/,J. K. Rowling / Scholastic / 2003-07-01 / USD 29.99,J.K.罗琳,False
25697249,哈利•波特电影魔法书,https://book.douban.com/subject/25697249/,布莱恩•西布利 (Brian Sibely) / 人民邮电出版社 / 2013-7-1 / CNY 198.00,J.K.罗琳,False
30282482,短篇故事集 霍格沃茨 力量·政治与恶作剧幽灵,https://book.douban.com/subject/30282482/,[英] J. K. 罗琳 / Pottermore / 2016-12-9,J.K.罗琳,False
26631832,哈利·波特与魔法石,https://book.douban.com/subject/26631832/,[英]J.K.罗琳 / 苏农 / 人民文学出版社 / 2015-10-1 / CNY 69.00,J.K.罗琳,False
27594566,诗翁彼豆故事集（插图版）,https://book.douban.com/subject/27594566/,[英]J.K.罗琳 / 马爱农 / 人民文学出版社 / 2018-3,J.K.罗琳,False
3485095,哈利·波特与凤凰社,https://book.douban.com/subject/3485095/,J.K.罗琳 / 马爱农、马爱新、蔡文 / 人民文学出版社 / 2003.09 / 88.00,J.K.罗琳,False
1066462,向左走·向右走,https://book.douban.com/subject/1066462/,幾米 / 生活·读书·新知三联书店 / 2002-8 / 16.00元,幾米,False
4906782,月亮忘記了（平裝）（2007年新版）: The Moon Forgets,https://book.douban.com/subject/4906782/,幾米 / 大塊文化 / 2007-10-1 / NT$ 260,幾米,False
6389905,童年下雪了,https://book.douban.com/subject/6389905/,几米 / 现代出版社 / 2011-5 / 35.00元,幾米,False
6389904,秘密花开了,https://book.douban.com/subject/6389904/,几米 / 现代出版社 / 2011-5 / 35.00元,幾米,False
6389903,奇迹迷路了,https://book.douban.com/subject/6389903/,几米 / 现代出版社 / 2011-5 / 35.00元,幾米,False
6389906,寂寞上场了,https://book.douban.com/subject/6389906/,几米 / 现代出版社 / 2011-5 / 35.00元,幾米,False
6079997,魔法失灵了,https://book.douban.com/subject/6079997/,幾米 / 现代出版社 / 2011-5 / 35.00元,幾米,False
3902723,"谢谢你毛毛兔,这个下午真好玩",https://book.douban.com/subject/3902723/,幾米 / 人民文学出版社 / 2009-7 / 32.00元,幾米,False
1048537,布瓜的世界,https://book.douban.com/subject/1048537/,幾米 / 辽宁教育出版社 / 2002-11 / 25.00元,幾米,False
25952173,躲进世界的角落,https://book.douban.com/subject/25952173/,幾米 / 海豚出版社 / 2014-8 / 45.00,幾米,False
4887920,蓝石头,https://book.douban.com/subject/4887920/,幾米 / 现代出版社 / 2010-6 / 49.00元,幾米,False
1026411,你们 我们 他们: 幾米作品精选集08,https://book.douban.com/subject/1026411/,幾米 / 辽宁教育出版社 / 2003-8 / 25.00,幾米,False
33424052,同一个月亮,https://book.douban.com/subject/33424052/,幾米 / 花山文艺出版社 / 2019-2 / 58元,幾米,False
1824204,星空,https://book.douban.com/subject/1824204/,几米 / 现代出版社 / 2009-10-1 / 59.80元,幾米,False
4117202,遗失了一只猫,https://book.douban.com/subject/4117202/,几米 / 现代出版社 / 2009-10-1 / 23.00元,幾米,False
10553760,时光电影院,https://book.douban.com/subject/10553760/,几米 / 海豚出版社 / 2012-4 / 45.00元,幾米,False
1061367,幸运儿,https://book.douban.com/subject/1061367/,幾米 / 辽宁教育出版社 / 2003-04 / 36.00元,幾米,False
11542228,1.2.3.木头人,https://book.douban.com/subject/11542228/,幾米 编 / 海豚出版社 / 2012-8 / 42.00元,幾米,False
34942582,但愿有一天你会懂,https://book.douban.com/subject/34942582/,幾米 / 花山文艺出版社 / 2020-1 / 58.00元,幾米,False
1003148,遗失了一只猫,https://book.douban.com/subject/1003148/,幾米 / 现代出版社 / 2005-1 / 20.00元,幾米,False
5243268,走向春天的下午,https://book.douban.com/subject/5243268/,幾米 / 现代出版社 / 2010-9-1 / 45.00元,幾米,False
2148524,我的心中每天开出一朵花,https://book.douban.com/subject/2148524/,幾米 / 人民文学出版社 / 2007-7 / 26.00元,幾米,False
1013001,森林唱游,https://book.douban.com/subject/1013001/,幾米 / 生活·读书·新知三联书店 / 2002-4 / 25.00元,幾米,False
1026411,你们 我们 他们: 幾米作品精选集08,https://book.douban.com/subject/1026411/,幾米 / 辽宁教育出版社 / 2003-8 / 25.00,幾米,False
4862350,我不是完美小孩,https://book.douban.com/subject/4862350/,幾米 / 大塊文化 / 2010-7-1 / NT$280,幾米,False
2150588,地下铁,https://book.douban.com/subject/2150588/,幾米 / 人民文学出版社 / 2007-7 / 32.00元,幾米,False
1887754,失乐园1: 寂寞上场了,https://book.douban.com/subject/1887754/,幾米 / 现代出版社 / 2006-10 / 26.00元,幾米,False
2150586,照相本子,https://book.douban.com/subject/2150586/,幾米 / 人民文学出版社 / 2007-7 / 26.00元,幾米,False
1013248,向左走·向右走,https://book.douban.com/subject/1013248/,幾米 / 生活·读书·新知三联书店 / 2002-1 / 29.80元,幾米,False
4012128,星空: The Starry Starry Night,https://book.douban.com/subject/4012128/,幾米 / 现代出版社 / 2009-10 / 48.00元,幾米,False
1963312,失乐园Ⅲ：秘密花开了,https://book.douban.com/subject/1963312/,幾米 / 现代出版社 / 2007-1 / 26.00元,幾米,False
1019338,我只能为你画一张小卡片,https://book.douban.com/subject/1019338/,幾米 / 辽宁教育出版社 / 2002-5 / 23.00元,幾米,False
1021425,照相本子,https://book.douban.com/subject/1021425/,幾米 / 辽宁教育出版社 / 2002-2 / 24.00元,幾米,False
1441707,小蝴蝶小披风,https://book.douban.com/subject/1441707/,幾米 / 现代出版社 / 2005-12 / 25.00元,幾米,False
1821232,"谢谢你毛毛兔，这个下午真好玩: Thank you, Furry Bunny, for a wonderful afternoon",https://book.douban.com/subject/1821232/,幾米 / 大塊文化 / 2006-07-01 / NT$350,幾米,False
1049190,森林里的秘密,https://book.douban.com/subject/1049190/,几米 / 辽宁教育出版社 / 2004-07 / 18.00,幾米,False
1361249,地下鐵: Sound of Colors,https://book.douban.com/subject/1361249/,幾米 / 大塊文化 / 2001-1-15 / NT$ 350,幾米,False
10553760,时光电影院,https://book.douban.com/subject/10553760/,几米 / 海豚出版社 / 2012-4 / 45.00元,幾米,False
20418203,拥抱: 没有任何一个拥抱该被忘记,https://book.douban.com/subject/20418203/,幾米 / 海豚出版社 / 2012-12 / 32.00元,幾米,False
2567730,我只能为你画一张小卡片,https://book.douban.com/subject/2567730/,幾米 / 人民文学出版社 / 2007-11 / 23.00元,幾米,False
2150587,向左走·向右走,https://book.douban.com/subject/2150587/,幾米 / 人民文学出版社 / 2007-7 / 30.00元,幾米,False
1368256,你們我們他們: Something about Love,https://book.douban.com/subject/1368256/,幾米 / 大塊文化 / 2003-6-25 / NT$ 360,幾米,False
3770707,恋之风景,https://book.douban.com/subject/3770707/,几米 / 现代出版社 / 2009-7-1 / 28.00元,幾米,False
1932866,失乐园2: 童年下雪了,https://book.douban.com/subject/1932866/,幾米 / 现代出版社 / 2006-12 / 26.00元,幾米,False
3014429,森林里的秘密: 幾米经典作品最新版,https://book.douban.com/subject/3014429/,幾米 / 人民文学出版社 / 2007-12 / 20.00元,幾米,False
3003763,又寂寞又美好,https://book.douban.com/subject/3003763/,几米 / 人民文学出版社 / 2007-12 / 49.00元,幾米,False
1048537,布瓜的世界,https://book.douban.com/subject/1048537/,幾米 / 辽宁教育出版社 / 2002-11 / 25.00元,幾米,False
2567856,微笑的鱼,https://book.douban.com/subject/2567856/,几米 / 人民文学出版社 / 2007-12 / 22.00元,幾米,False
2150582,失乐园-奇迹迷路了,https://book.douban.com/subject/2150582/,幾米 / 现代出版社 / 2007-7 / 26.00元,幾米,False
1394536,我的心中每天開出一朵花: A Garden In My Heart,https://book.douban.com/subject/1394536/,幾米 / 大塊文化 / 2006-10-1 / NT$ 350,幾米,False
36832615,等我·遇繁,https://book.douban.com/subject/36832615/,酱子贝 / 国际文化出版公司 / 2024-4 / 52.8,校园,False
35160284,某某,https://book.douban.com/subject/35160284/,木苏里 / 江苏凤凰文艺出版社 / 2020-8 / 49.80元,校园,False
37238947,两封没有署名的告白,https://book.douban.com/subject/37238947/,洪丰 / 花城出版社 / 2024-11 / 48.00元,校园,False
36212818,跃动青春 1,https://book.douban.com/subject/36212818/,(日) 高松美咲 / K.W翻译组 / 湖南文艺出版社 / 2023-4-1 / 32.00,校园,False
36198524,三伏,https://book.douban.com/subject/36198524/,巫哲 / 中国致公出版社 / 2023-8-1 / 59.6元,校园,False
34429608,伪装学渣,https://book.douban.com/subject/34429608/,木瓜黄 / 北京时代华文书局 / 2019-6 / 39.80元,校园,False
35458364,阿也,https://book.douban.com/subject/35458364/,引路星 / 长江出版社 / 2021-4 / 39.8,校园,False
5980013,草莓100% 01,https://book.douban.com/subject/5980013/,河下水希 / 文化傳信 / 2003-3 / HK$30,校园,False
35942206,薄荷印记,https://book.douban.com/subject/35942206/,Paz / 广东旅游出版社,校园,False
35428710,同学，年级第一是我的,https://book.douban.com/subject/35428710/,图样先森 / 广东旅游出版社 / 2021-3 / 39.80元,校园,False
27603501,奇迹男孩,https://book.douban.com/subject/27603501/,[美] R.J.帕拉西奥 / 雷淑容、易承楠 / 人民文学出版社 / 2018-1 / 59.00元,校园,False
35125822,春宵苦短，少女前进吧！,https://book.douban.com/subject/35125822/,[日]森见登美彦 / 陈晶 / 四川文艺出版社 / 2020-10 / 45,校园,False
26681984,告白,https://book.douban.com/subject/26681984/,[日] 凑佳苗 / 竺家荣 / 湖南文艺出版社 / 2016-4 / 36.80元,校园,False
35291248,放学后的小巷: 第一届QED推理小说奖获奖作品,https://book.douban.com/subject/35291248/,钟声礼 / 有2022年1月2印本 / 人民文学出版社 / 2021-7 / 59,校园,False
35923191,鱼猎,https://book.douban.com/subject/35923191/,史迈 / 湖南文艺出版社 / 2022-6 / 49.00元,校园,False
30336340,撒野,https://book.douban.com/subject/30336340/,巫哲 / 北京联合出版公司 / 2018-10-22 / 45.00元,校园,False
35058847,撒野 3: 撒野完结篇,https://book.douban.com/subject/35058847/,巫哲 / 江苏凤凰文艺出版社 / 2020-5-7 / 49.80元,校园,False
1039487,哈利·波特与密室,https://book.douban.com/subject/1039487/,[英] J. K. 罗琳 / 马爱新 / 人民文学出版社 / 2000-9 / 22.00元,校园,False
36447406,我喜欢你男朋友很久了,https://book.douban.com/subject/36447406/,酱子贝 / Via Lactea / 2023-3 / CAD15.99,校园,False
35296868,难哄,https://book.douban.com/subject/35296868/,竹已 / 江苏凤凰文艺出版社 / 2020-12 / 48.00元,校园,False
36808328,为你着迷,https://book.douban.com/subject/36808328/,(日)和山山 / 黄文娟 / 海豚出版社 / 2024-5 / 39.00元,校园,False
36214589,敗北女角太多了！1,https://book.douban.com/subject/36214589/,作者：雨森焚火、插畫： IMIGIMURU / 陳士晉 / 東立 / 2023-10-18 / 新台幣 220元,校园,False
36214590,敗北女角太多了！2,https://book.douban.com/subject/36214590/,作者：雨森焚火、插畫： IMIGIMURU / 陳士晉 / 東立 / 2023-1-18 / 新台幣 220元,校园,False
11608928,叛逆思春期 7 (完),https://book.douban.com/subject/11608928/,志村貴子 / 茹茂華 / 長鴻 / 2008-3-28 / NT$100,校园,False
36062925,ルリドラゴン 1,https://book.douban.com/subject/36062925/,眞藤 雅興 / 集英社 / 2022-10-4 / 484円,校园,False
36955170,你不知道的事,https://book.douban.com/subject/36955170/,叹西茶 / 天津人民出版社 / 2024-7 / 42.8元,校园,False
36198523,三伏  完结篇,https://book.douban.com/subject/36198523/,巫哲 / 中国致公出版社 / 2023-8-1 / 59.8元,校园,False
2431564,A Short History of Reconstruction,https://book.douban.com/subject/2431564/,Eric Foner / Harper Perennial / 1990-01-10 / USD 14.99,校园,False
34429588,Bunny: A Novel,https://book.douban.com/subject/34429588/,Mona Awad / Viking / 2019-6-11 / USD 26.00,校园,False
34939308,我喜歡你的信息素 上,https://book.douban.com/subject/34939308/,引路星 / 沒譜文化出版社 / 2020-2 / NTD350,校园,False
34939309,我喜歡你的信息素 下,https://book.douban.com/subject/34939309/,引路星 / 沒譜文化出版社 / 2020-2 / NTD 350,校园,False
27664464,新裝版 100%的草莓 1-19,https://book.douban.com/subject/27664464/,河下水希 / 長鴻 / 2017-10-11 / NT$1900,校园,False
4134796,涼風 01,https://book.douban.com/subject/4134796/,瀬尾公治 / 韻韻 / 東立出版社 / 2005-06-08 / NT$85,校园,False
1106201,棒球英豪（1-5）,https://book.douban.com/subject/1106201/,[日] 安达充 / 王真 / 天津人民美术出版社 / 2002-10 / 33.00元,校园,False
25868407,聲之形 01,https://book.douban.com/subject/25868407/,大今良時、大今良时 / 賴思宇 / 東立出版社 / 2014-12-3 / NT$100,校园,False
37180087,孩子开窍要趁早,https://book.douban.com/subject/37180087/,浙江教育出版社,校园,False
37165104,李哪吒上学记1：谁是顺风耳,https://book.douban.com/subject/37165104/,喜马拉雅儿童 / 湖南少年儿童出版社 / 25,校园,False
27094488,过门,https://book.douban.com/subject/27094488/,priest、阿牧 / 2016-10-1 / 16.90,校园,False
10573303,文學少女 渴望死亡的小丑 01,https://book.douban.com/subject/10573303/,高坂りと、野村美月 / 莊湘萍 / 尖端出版 / 2012-2-1 / NT$130,校园,False
10772371,文學少女 渴望死亡的小丑(02),https://book.douban.com/subject/10772371/,野村美月、高坂りと / 莊湘萍 / 尖端出版社 / 2012-5-8 / NT$130,校园,False
25811729,文學少女 渴望死亡的小丑 3,https://book.douban.com/subject/25811729/,高坂りと、野村美月 / 莊湘萍 / 尖端出版 / 2012-8-4 / NT$130,校园,False
35856354,死に戻りの魔法学校生活を、元恋人とプロローグから 1 (※ただし好感度はゼロ),https://book.douban.com/subject/35856354/,六つ花えいこ、白川蟻ん、秋鹿ユギリ / 2022-4-5,校园,False
35382112,焰焰如我,https://book.douban.com/subject/35382112/,云拿月 / 天津人民出版社 / 2021-2 / 38.00元,校园,False
1286930,我飞了,https://book.douban.com/subject/1286930/,黄蓓佳 / 江苏少年儿童出版社 / 2006-3 / 18.00元,校园,False
36670030,半人前の恋人 (2),https://book.douban.com/subject/36670030/,川田大智 / 集英社 / 2024-1-4 / ¥715,校园,False
35506113,兩A相逢必有一O 上,https://book.douban.com/subject/35506113/,厲冬忍、Gearous、厉冬忍 / 平心 / 2020-10-8 / NTD 330,校园,False
35596155,可爱过敏原,https://book.douban.com/subject/35596155/,稚楚 / 湖南文艺出版社 / 2021-9 / 52.80元,校园,False
4828449,情迷吸血殿2,https://book.douban.com/subject/4828449/,梵卓 / 北岳文艺出版社 / 2010-1 / 24.00元,校园,False
36163137,喜欢你我说了算,https://book.douban.com/subject/36163137/,叶非夜 / 江苏凤凰文艺出版社 / 48.6,校园,False
27045376,魔女青春推理事件簿 1,https://book.douban.com/subject/27045376/,相泽沙呼 / 柯璇 / 台灣角川 / 2017-8-10 / NT$260,校园,False
1082171,那年的梦想,https://book.douban.com/subject/1082171/,张小娴 / 南海出版公司 / 2002-2 / 14.00元,张小娴,False
26274629,收到你的信已经太迟,https://book.douban.com/subject/26274629/,张小娴 / 北京十月文艺出版社 / 2015-1-1 / 35.00元,张小娴,False
1397329,爱上了你,https://book.douban.com/subject/1397329/,張小嫻 / 皇冠出版社 / 2005,张小娴,False
1401945,離別曲,https://book.douban.com/subject/1401945/,張小嫻 / 皇冠出版社 / 2002-7 / 港币55元,张小娴,False
1281275,流波上的舞,https://book.douban.com/subject/1281275/,张小娴 / 天津人民出版社 / 2005-3 / 15.00元,张小娴,False
1028780,三个A Cup的女人,https://book.douban.com/subject/1028780/,张小娴 / 南海出版公司 / 2001-1 / 16.00元,张小娴,False
1032945,荷包里的单人床,https://book.douban.com/subject/1032945/,张小娴 / 南海出版公司 / 2001-1 / 12.00元,张小娴,False
1096118,流浪的面包树,https://book.douban.com/subject/1096118/,张小娴 / 南海出版公司 / 2002-2 / 15.00元,张小娴,False
3045175,爱上了你: 张小娴散文精选集,https://book.douban.com/subject/3045175/,张小娴 / 北京十月文艺出版社 / 2008-3 / 25.00元,张小娴,False
1394329,再見野鼬鼠,https://book.douban.com/subject/1394329/,張小嫻 / 皇冠出版社（香港）有限公司 / 2009年5月 / HKD68.00,张小娴,False
1062235,卖海豚的女孩: 一号多书,https://book.douban.com/subject/1062235/,张小娴 / 南海出版公司 / 2001-4 / 15.00元,张小娴,False
1082172,蝴蝶过期居留,https://book.douban.com/subject/1082172/,张小娴 / 南海出版公司 / 2002-2 / 15.00元,张小娴,False
1045247,面包树上的女人,https://book.douban.com/subject/1045247/,张小娴 / 南海出版公司 / 2001-4 / 16.00元,张小娴,False
1264534,雪地里的蜗牛奄列,https://book.douban.com/subject/1264534/,张小娴 / 天津人民出版社 / 2005-3 / 15.00元,张小娴,False
3864464,我愛過，所以我活過,https://book.douban.com/subject/3864464/,張小嫻 / 皇冠出版社 / 2009-07-22 / HK$78,张小娴,False
1440043,我在云上爱你,https://book.douban.com/subject/1440043/,张小娴 / 天津人民出版社 / 2005-11 / 18.00元,张小娴,False
1281275,流波上的舞,https://book.douban.com/subject/1281275/,张小娴 / 天津人民出版社 / 2005-3 / 15.00元,张小娴,False
1078133,我们都是丑小鸭,https://book.douban.com/subject/1078133/,张小娴 / 天津人民出版社 / 2004-04 / 18.00,张小娴,False
1084918,再见野鼬鼠,https://book.douban.com/subject/1084918/,张小娴 / 上海译文出版社 / 2000-12-1 / 11.0,张小娴,False
3045175,爱上了你: 张小娴散文精选集,https://book.douban.com/subject/3045175/,张小娴 / 北京十月文艺出版社 / 2008-3 / 25.00元,张小娴,False
1057211,永不永不说再见,https://book.douban.com/subject/1057211/,张小娴 / 南海出版公司 / 2002-9 / 16.00元,张小娴,False
3205249,荷包里的单人床,https://book.douban.com/subject/3205249/,张小娴 / 北京十月文艺出版社 / 2008-09 / 25.00元,张小娴,False
10739739,謝謝你離開我,https://book.douban.com/subject/10739739/,張小嫻 / 皇冠文化出版有限公司 / 2012-4 / 104.00元,张小娴,False
1019515,离别曲,https://book.douban.com/subject/1019515/,张小娴 / 长江文艺出版社 / 2004-3-1 / 16.00,张小娴,False
1082126,吸血盟1：蓝蝴蝶之吻,https://book.douban.com/subject/1082126/,张小娴 / 天津人民出版社 / 2004-09 / 20.00,张小娴,False
1064282,思念里的流浪狗,https://book.douban.com/subject/1064282/,张小娴 / 天津人民出版社 / 2004-07 / 18.00,张小娴,False
1067701,情人无泪,https://book.douban.com/subject/1067701/,张小娴 / 南海出版公司 / 2003-10 / 16.00,张小娴,False
1429944,拥抱,https://book.douban.com/subject/1429944/,张小娴 / 天津人民出版社 / 2005-9 / 20.00元,张小娴,False
1420488,相逢,https://book.douban.com/subject/1420488/,张小娴 / 天津人民出版社 / 2005-8 / 20.00元,张小娴,False
3081757,相逢: 假如没有遇上你，我会不会有另一种际遇和人生？不管有没有结果，我还,https://book.douban.com/subject/3081757/,张小娴 / 北京出版社出版集团，北京十月文艺出版社 / 2008-3-1 / 25.00元,张小娴,False
3264136,情人无泪,https://book.douban.com/subject/3264136/,张小娴 / 北京十月文艺出版社 / 2008-11 / 25.00元,张小娴,False
1082171,那年的梦想,https://book.douban.com/subject/1082171/,张小娴 / 南海出版公司 / 2002-2 / 14.00元,张小娴,False
1039629,刻骨的爱人,https://book.douban.com/subject/1039629/,张小娴 / 天津人民出版社 / 2004-04 / 16.00,张小娴,False
1168952,面包树上的女人,https://book.douban.com/subject/1168952/,张小娴 / 天津人民出版社 / 2004-6-1 / 18.00,张小娴,False
25831335,我这辈子有过你,https://book.douban.com/subject/25831335/,张小娴 / 湖南文艺出版社 / 2014-3-1 / 32.00,张小娴,False
1010967,我微笑，是为了你微笑,https://book.douban.com/subject/1010967/,张小娴 / 知识出版社 / 2000-3 / 12.00元,张小娴,False
19989621,面包树上的女人: 面包树三部曲之一,https://book.douban.com/subject/19989621/,张小娴 / 北京十月文艺出版社 / 2012-10 / 28.00元,张小娴,False
1171873,三个A Cup的女人,https://book.douban.com/subject/1171873/,张小娴 / 天津人民出版社 / 2004-6-1 / 18.00元,张小娴,False
3222685,蝴蝶过期居留,https://book.douban.com/subject/3222685/,张小娴 / 北京十月文艺出版社 / 2008-10 / 25.00元,张小娴,False
1024690,悬浮在空中的吻,https://book.douban.com/subject/1024690/,张小娴 / 知识出版社 / 2002-12 / 10.00,张小娴,False
1054551,不如，你送我一场春雨,https://book.douban.com/subject/1054551/,张小娴 / 知识出版社 / 2000-3 / 12.00元,张小娴,False
1036958,把天空还给你,https://book.douban.com/subject/1036958/,张小娴 / 南海出版公司 / 2003-01 / 14.00,张小娴,False
1001059,三月里的幸福饼,https://book.douban.com/subject/1001059/,张小娴 / 天津人民出版社 / 2004-07 / 15.00,张小娴,False
1168973,卖海豚的女孩,https://book.douban.com/subject/1168973/,张小娴 / 天津人民出版社 / 2004-6 / 18.00元,张小娴,False
3074795,长夜里拥抱,https://book.douban.com/subject/3074795/,张小娴 / 北京十月文艺出版社 / 2008-5 / 20.00元,张小娴,False
1019967,贴身感觉,https://book.douban.com/subject/1019967/,张小娴 / 南海出版公司 / 2002-9 / 14.00元,张小娴,False
1264537,蝴蝶过期居留,https://book.douban.com/subject/1264537/,张小娴 / 天津人民出版社 / 2005-3 / 15.00元,张小娴,False
11535136,末世的思念,https://book.douban.com/subject/11535136/,张小娴 / 北京联合出版公司 / 2012-8 / 28.00元,张小娴,False
1429253,面包树出走了,https://book.douban.com/subject/1429253/,张小娴 / 天津人民出版社 / 2005-8 / 15.00元,张小娴,False
1071623,再见野鼬鼠,https://book.douban.com/subject/1071623/,张小娴 / 天津人民出版社 / 2004-6-1 / 15.00,张小娴,False
20397330,小李飞刀1：多情剑客无情剑（上中下）,https://book.douban.com/subject/20397330/,古龙 / 河南文艺出版社 / 2013-4-1 / 96.00元,古龙,False
1422833,多情剑客无情剑,https://book.douban.com/subject/1422833/,古龙 / 海天出版社 / 1991-12-01 / 49.8,古龙,False
20397327,小李飞刀2：边城浪子（上下）,https://book.douban.com/subject/20397327/,古龙 / 河南文艺出版社 / 2013-4-1 / 72.00元,古龙,False
1089517,绝代双骄（全三册）,https://book.douban.com/subject/1089517/,古龙 / 珠海出版社 / 2005-8 / 56.00元,古龙,False
24760712,白玉老虎: 上下册,https://book.douban.com/subject/24760712/,古龙 / 河南文艺出版社 / 2013-5-1,古龙,False
1264579,欢乐英雄,https://book.douban.com/subject/1264579/,古龙 / 珠海出版社 / 2005-8 / 28.00元,古龙,False
27146810,大地飞鹰（上下册）,https://book.douban.com/subject/27146810/,古龙 / 读客图书·文汇出版社 / 2017-9 / 106.00,古龙,False
1117078,楚留香新传（全三册）,https://book.douban.com/subject/1117078/,古龙 / 珠海出版社 / 2009-11 / 68.00元,古龙,False
27146350,三少爷的剑,https://book.douban.com/subject/27146350/,古龙 / 文汇出版社 / 2017-9 / 69.00元,古龙,False
27145895,七种武器（共四册）,https://book.douban.com/subject/27145895/,古龙 / 文汇出版社 / 2017-10 / 232.00元,古龙,False
24708299,大人物,https://book.douban.com/subject/24708299/,古龙 / 河南文艺出版社 / 2013-7 / 36.00元,古龙,False
10618119,大沙漠,https://book.douban.com/subject/10618119/,古龙 / 天地圖書有限公司 / 1998-7 / HK$75.00,古龙,False
20397334,楚留香新传1：借尸还魂,https://book.douban.com/subject/20397334/,古龙 / 河南文艺出版社 / 2013-4-15 / 24.00元,古龙,False
20516994,陆小凤传奇7：剑神一笑,https://book.douban.com/subject/20516994/,古龙 / 河南文艺出版社 / 2013-5 / 29.00元,古龙,False
1089514,苍穹神剑,https://book.douban.com/subject/1089514/,古龙 / 珠海出版社 / 2005-08 / 15.0,古龙,False
1704006,边城浪子（上下）,https://book.douban.com/subject/1704006/,古龙 / 珠海出版社 / 2005-8 / 32.00元,古龙,False
1394296,画眉鸟: 楚留香传奇,https://book.douban.com/subject/1394296/,古龙 / 云南人民出版社 / 1988-4,古龙,False
24870338,三少爷的剑: 上下册,https://book.douban.com/subject/24870338/,古龙 / 河南文艺出版社 / 2013-5-1 / 49,古龙,False
21778389,火并萧十一郎: 上下册,https://book.douban.com/subject/21778389/,古龙 / 河南文艺出版社 / 2013-5-1 / 59.00元,古龙,False
24871619,剑客行: 上下册,https://book.douban.com/subject/24871619/,古龙 / 河南文艺出版社,古龙,False
1512741,护花铃（上下）,https://book.douban.com/subject/1512741/,古龙 / 珠海出版社 / 2005-08 / 35.0,古龙,False
1089510,流星·蝴蝶·剑,https://book.douban.com/subject/1089510/,古龙 / 珠海出版社 / 2005-8 / 25.00元,古龙,False
1089518,萧十一郎,https://book.douban.com/subject/1089518/,古龙 / 珠海出版社 / 2005-8 / 19.00元,古龙,False
1089521,楚留香传奇,https://book.douban.com/subject/1089521/,古龙 / 珠海出版社 / 2005-8 / 100.00元,古龙,False
1089512,陆小凤传奇,https://book.douban.com/subject/1089512/,古龙 / 珠海出版社 / 2005-8 / 94.00元,古龙,False
2269104,殘金缺玉,https://book.douban.com/subject/2269104/,古龍、古龙 / 風雲時代 / 1998-07-01 / 150,古龙,False
20397343,楚留香新传3：桃花传奇,https://book.douban.com/subject/20397343/,古龙 / 河南文艺出版社 / 2013-5 / 29.00元,古龙,False
1209676,绝代双骄,https://book.douban.com/subject/1209676/,古龙 / 花城出版社 / 1991-11 / 69.80元,古龙,False
1480630,天涯·明月·刀,https://book.douban.com/subject/1480630/,古龙 / 珠海出版社 / 2005-8 / 22.00元,古龙,False
1738650,彩环曲,https://book.douban.com/subject/1738650/,古龙 / 珠海出版社 / 2005-08 / 16.0,古龙,False
20397326,小李飞刀3：九月鹰飞（上下）,https://book.douban.com/subject/20397326/,古龙 / 河南文艺出版社 / 2013-4-1 / 59.00元,古龙,False
1209674,陆小凤（1-4册）,https://book.douban.com/subject/1209674/,古龙 / 花城出版社 / 1991-11 / 74.80元,古龙,False
20516997,陆小凤传奇4：银钩赌坊,https://book.douban.com/subject/20516997/,古龙 / 河南文艺出版社 / 2013-5-1 / 29.00元,古龙,False
20397334,楚留香新传1：借尸还魂,https://book.douban.com/subject/20397334/,古龙 / 河南文艺出版社 / 2013-4-15 / 24.00元,古龙,False
1089535,名剑风流(上下册),https://book.douban.com/subject/1089535/,古龙 / 珠海出版社 / 2005-08 / 43.0,古龙,False
24743902,欢乐英雄（上下）,https://book.douban.com/subject/24743902/,古龙 / 河南文艺出版社 / 2013-7-1 / CNY 64.00,古龙,False
20516992,陆小凤传奇5：幽灵山庄,https://book.douban.com/subject/20516992/,古龙 / 河南文艺出版社 / 2013-5-1 / 32.00元,古龙,False
20397341,楚留香新传2：蝙蝠传奇,https://book.douban.com/subject/20397341/,古龙 / 河南文艺出版社 / 2013-5 / 42.00元,古龙,False
1521829,七种武器,https://book.douban.com/subject/1521829/,古龙著 / 太白文艺出版社 / 2001-10 / 46.0,古龙,False
1209675,武林外史（上、中、下）,https://book.douban.com/subject/1209675/,古龙 / 花城出版社 / 1992-10-1 / 58.80元,古龙,False
1093078,古龙作品全集（全53卷）,https://book.douban.com/subject/1093078/,太白文艺出版社 / 2001-10 / 2980.00元,古龙,False
20397326,小李飞刀3：九月鹰飞（上下）,https://book.douban.com/subject/20397326/,古龙 / 河南文艺出版社 / 2013-4-1 / 59.00元,古龙,False
24870338,三少爷的剑: 上下册,https://book.douban.com/subject/24870338/,古龙 / 河南文艺出版社 / 2013-5-1 / 49,古龙,False
1512741,护花铃（上下）,https://book.douban.com/subject/1512741/,古龙 / 珠海出版社 / 2005-08 / 35.0,古龙,False
20516993,陆小凤传奇6：凤舞九天,https://book.douban.com/subject/20516993/,古龙 / 河南文艺出版社 / 2013-5-1 / 36.00元,古龙,False
20397329,小李飞刀4：天涯·明月·刀 飞刀又见飞刀（上下）,https://book.douban.com/subject/20397329/,古龙 / 河南文艺出版社 / 2013-4-1 / 59.00元,古龙,False
21778097,七种武器 1：长生剑·孔雀翎,https://book.douban.com/subject/21778097/,古龙 / 河南文艺出版社 / 2013-5 / 29.00元,古龙,False
20516994,陆小凤传奇7：剑神一笑,https://book.douban.com/subject/20516994/,古龙 / 河南文艺出版社 / 2013-5 / 29.00元,古龙,False
1089514,苍穹神剑,https://book.douban.com/subject/1089514/,古龙 / 珠海出版社 / 2005-08 / 15.0,古龙,False
1139873,陆小凤传奇系列（上中下）,https://book.douban.com/subject/1139873/,古龙 / 太白文艺出版社 / 2001-10 / 68.00元,古龙,False
37070364,快乐健身第1年,https://book.douban.com/subject/37070364/,(日)高木直子 / 莫凡 / 新星出版社 / 2024-11,高木直子,False
36776149,吧唧一口，全部吃掉: 高木直子的便当日记,https://book.douban.com/subject/36776149/,(日)高木直子 / 小岩井 / 北京日报出版社 / 2024-5 / 55.00,高木直子,False
26411155,一个人的小繁华②,https://book.douban.com/subject/26411155/,[日]高木直子  著绘 / 陈怡君 / 北京联合出版公司 / 2015-5 / 39.90元,高木直子,False
27103840,不靠谱的饭菜,https://book.douban.com/subject/27103840/,高木直子 / 锦小豆 / 百花洲文艺出版社 / 2017-7-1 / CNY 35.00,高木直子,False
26389520,肚子饿万岁,https://book.douban.com/subject/26389520/,[日]高木直子 / 香冰 / 北京联合出版公司 / 2015-5-1 / CNY 39.90,高木直子,False
26411083,一个人的小繁华①,https://book.douban.com/subject/26411083/,[日]高木直子 著绘 / 陈怡君 / 北京联合出版公司 / 2015-5 / 39.90元,高木直子,False
35518123,不再是一个人吃饭啦,https://book.douban.com/subject/35518123/,[日本] 高木直子 / 香冰 / 北京日报出版社 / 2021-7 / 49.9,高木直子,False
11537640,一个人的美食之旅2,https://book.douban.com/subject/11537640/,高木直子 / 香冰 / 江西科学技术出版社 / 2012-9-1 / 28.00元,高木直子,False
6852200,一个人暖呼呼,https://book.douban.com/subject/6852200/,(日)高木直子 / 洪俞君 / 江西科学技术出版社 / 2011-10-1 / 28.00元,高木直子,False
25843810,一个人的幸福手作,https://book.douban.com/subject/25843810/,高木直子 / 黄悦生 / 北京联合出版公司 / 2015-5 / CNY 28.00,高木直子,False
25728467,一个人的美食跑跑跑,https://book.douban.com/subject/25728467/,[日] 高木直子 / 香冰 / 湖南美术出版社 / 2013-11 / 28.00元,高木直子,False
6387054,一个人住的每一天,https://book.douban.com/subject/6387054/,（日）高木直子 / 顾峰峰、书中缘、书锦缘 / 辽宁科学技术出版社 / 2011-6-1 / 25.00元,高木直子,False
27030108,节日万岁！,https://book.douban.com/subject/27030108/,[日]高木直子 / 香冰 / 北京联合出版公司 / 2017-3-31 / 49.9,高木直子,False
30302300,两个人的头两年,https://book.douban.com/subject/30302300/,高木直子 / 锦小豆 / 百花洲文艺出版社 / 2018-9-1 / 38.00元,高木直子,False
25373041,我和狗狗的16年,https://book.douban.com/subject/25373041/,高木直子 / 黄悦生 / 北京联合出版公司 / 2013-9-1 / CNY 28.00,高木直子,False
26901396,一个人暖呼呼,https://book.douban.com/subject/26901396/,[日]高木直子 / 北京联合出版公司 / 2016-10 / 39.90元,高木直子,False
35318803,第一次一个人旅行 2,https://book.douban.com/subject/35318803/,[日] 高木直子 / 吕点 / 新星出版社 / 2021-1 / 42.00,高木直子,False
25789620,一个人上东京,https://book.douban.com/subject/25789620/,高木直子 / 常纯敏 / 北京联合出版公司 / 2013-7-1 / 28.00元,高木直子,False
2070012,一个人的第一次,https://book.douban.com/subject/2070012/,[日] 高木直子 图文 / 陈怡君、常纯敏 / 陕西师范大学出版社 / 2007-10 / 20.00元,高木直子,False
36559656,第一次一个人旅行,https://book.douban.com/subject/36559656/,高木直子 / 陕西师范大学出版社 / 2007-10,高木直子,False
36216231,新手妈妈的遛娃日记,https://book.douban.com/subject/36216231/,[日] 高木直子 / 胡璐瑶 / 花城出版社 / 2023-1 / 45.00元,高木直子,False
26253659,一个人的美食跑跑跑·海外篇,https://book.douban.com/subject/26253659/,高木直子 / 香冰 / 湖南美术出版社 / 2014-11 / 30.00元,高木直子,False
5940434,一个人的美食之旅,https://book.douban.com/subject/5940434/,[日] 高木直子 / 陈怡君 / 江西科学技术出版社 / 2011-2 / 25.00元,高木直子,False
4906101,一个人旅行2,https://book.douban.com/subject/4906101/,[日本] 高木直子 / 陈怡君 / 江西科学技术出版社 / 2010-7 / 25.00元,高木直子,False
26886428,一个人住第几年？,https://book.douban.com/subject/26886428/,[日]高木直子 / 香冰 / 百花洲文艺出版社 / 2016-9-1 / CNY 30.00,高木直子,False
35273151,新手妈妈的头两年,https://book.douban.com/subject/35273151/,[日] 高木直子 / 胡璐瑶 / 新星出版社 / 2020-12 / ¥42.00,高木直子,False
26411155,一个人的小繁华②,https://book.douban.com/subject/26411155/,[日]高木直子  著绘 / 陈怡君 / 北京联合出版公司 / 2015-5 / 39.90元,高木直子,False
35273151,新手妈妈的头两年,https://book.douban.com/subject/35273151/,[日] 高木直子 / 胡璐瑶 / 新星出版社 / 2020-12 / ¥42.00,高木直子,False
26253659,一个人的美食跑跑跑·海外篇,https://book.douban.com/subject/26253659/,高木直子 / 香冰 / 湖南美术出版社 / 2014-11 / 30.00元,高木直子,False
6126046,一個人去跑步: 馬拉松1年級生,https://book.douban.com/subject/6126046/,高木直子 / 洪俞君 / 大田出版社 / 2011-5-30 / NT$250,高木直子,False
3854873,高木直子-八本装-精藏版,https://book.douban.com/subject/3854873/,145.00元,高木直子,False
27103840,不靠谱的饭菜,https://book.douban.com/subject/27103840/,高木直子 / 锦小豆 / 百花洲文艺出版社 / 2017-7-1 / CNY 35.00,高木直子,False
25947467,一个人住的每一天,https://book.douban.com/subject/25947467/,高木直子 / 顾峰峰 / 中国民族摄影艺术出版社 / 2014-9-1 / 28.00,高木直子,False
25857378,一个人住第5年,https://book.douban.com/subject/25857378/,高木直子 / 北京联合出版公司 / 2013-7 / 28.00元,高木直子,False
25810764,一个人的第一次,https://book.douban.com/subject/25810764/,高木直子 / 常纯敏 / 北京联合出版公司 / 2013-7 / 39.9元,高木直子,False
4783870,我的30分媽媽 2,https://book.douban.com/subject/4783870/,高木直子 / 陳怡君 / 大田出版社 / 2010-5-30 / NT$220,高木直子,False
2053617,30点かあさん,https://book.douban.com/subject/2053617/,たかぎなおこ / メディアファクトリー / 2007年04月20日 / 924円,高木直子,False
1348176,150cmライフ。2,https://book.douban.com/subject/1348176/,たかぎなおこ / メディアファクトリー / 2004-12-17 / 998円(税込),高木直子,False
4067077,一個人去旅行 2年級生,https://book.douban.com/subject/4067077/,高木直子 / 陳怡君 / 大田出版社 / 2009-10-30 / NTD250.00,高木直子,False
10766040,一個人去跑步：馬拉松2年級生,https://book.douban.com/subject/10766040/,高木直子 / 洪俞君 / 大田出版有限公司 / 2012-5-30 / NT$250,高木直子,False
5063429,一個人漂泊的日子 2,https://book.douban.com/subject/5063429/,高木直子 / 陳孟姝 / 大田出版社 / 2010-9-30 / NTD250元,高木直子,False
2349505,ひとりたび2年生,https://book.douban.com/subject/2349505/,"たかぎなおこ / メディアファクトリー / 2007-11-30 / 1,050円(税込)",高木直子,False
5920401,一個人吃太飽: 高木直子的美味地圖,https://book.douban.com/subject/5920401/,高木直子 / 陳怡君 / 大田出版社 / 2011-1-30 / NT$250.00,高木直子,False
25712323,一个人的美食之旅(第3版)(高木直子首发10周年纪念版),https://book.douban.com/subject/25712323/,[日] 高木直子 / 陈怡君 / 江西科学技术出版社 / 2013-7-1 / 28.00元,高木直子,False
4144288,マラソン1年生,https://book.douban.com/subject/4144288/,"たかぎなおこ / メディアファクトリー / 2009-10-2 / 1,155円（税込）",高木直子,False
10458506,一個人的每一天,https://book.douban.com/subject/10458506/,高木直子 / 洪俞君 / 大田出版有限公司 / 2012-1-30 / NTD 250,高木直子,False
3680426,我的30分媽媽,https://book.douban.com/subject/3680426/,高木直子（たかぎなおこ ） / 陳怡君 / 大田出版社 / 2009-5-30 / NTD 220,高木直子,False
24752530,一個人的狗回憶,https://book.douban.com/subject/24752530/,高木直子 / 洪俞君 / 大田 / 2013-7-30 / NTD 270,高木直子,False
10511613,高木直子6周年纪念(套装全12册),https://book.douban.com/subject/10511613/,高木直子 / 陕西师范大学出版社 / 2011-6-1,高木直子,False
3274881,愛しのローカルごはん旅,https://book.douban.com/subject/3274881/,"たかぎなおこ / メディアファクトリー / 2008-10-29 / 1,155円(税込)",高木直子,False
1437120,荒原雪,https://book.douban.com/subject/1437120/,沧月 / 新世界出版社 / 2005-9 / 19.00元,沧月,False
1919201,七夜雪,https://book.douban.com/subject/1919201/,沧月 / 北京十月文艺出版社 / 2006-10 / 25.00元,沧月,False
2002035,镜·辟天1,https://book.douban.com/subject/2002035/,沧月 / 新世界出版社 / 2007-1 / 25.00元,沧月,False
2052100,镜·辟天2,https://book.douban.com/subject/2052100/,沧月 / 新世界出版社 / 2007-3 / 25.00元,沧月,False
1442920,镜·破军,https://book.douban.com/subject/1442920/,沧月 / 世界知识出版社 / 2005-10 / 20.00元,沧月,False
1899881,镜.织梦者,https://book.douban.com/subject/1899881/,沧月 / 世界知识出版社 / 2006-10 / 19.80元,沧月,False
27121353,指间砂,https://book.douban.com/subject/27121353/,沧月 / 浙江文艺出版社 / 2017-4-1 / 36.00元,沧月,False
1326828,镜·双城,https://book.douban.com/subject/1326828/,沧月 / 世界知识出版社 / 2005-5 / 20.00元,沧月,False
35638222,朱颜·完结篇,https://book.douban.com/subject/35638222/,沧月 / 有2022年2月3印本 / 江苏凤凰文艺出版社 / 2021-10 / 78.00元,沧月,False
2137491,镜·归虚1,https://book.douban.com/subject/2137491/,沧月 / 新世界出版社 / 2007-5 / 25.00元,沧月,False
1476533,镜·龙战（下）,https://book.douban.com/subject/1476533/,沧月 / 世界知识出版社 / 2006-2 / 20.00元,沧月,False
1467382,镜·龙战（上）,https://book.douban.com/subject/1467382/,沧月 / 世界知识出版社 / 2006-1 / 20.00元,沧月,False
1478487,曼珠沙华,https://book.douban.com/subject/1478487/,沧月 / 新世界出版社 / 2006-1-1 / 19.00元,沧月,False
1010520,血薇,https://book.douban.com/subject/1010520/,沧月 / 新世界出版社 / 2004-01 / 19.00元,沧月,False
35594035,朱颜,https://book.douban.com/subject/35594035/,沧月 / 江苏凤凰文艺出版社 / 2021-9 / 78.00元,沧月,False
1256186,护花铃,https://book.douban.com/subject/1256186/,沧月 / 新世界出版社 / 2005-1 / 19.80元,沧月,False
1959034,镜·织梦者2·海的女儿,https://book.douban.com/subject/1959034/,沧月 / 新世界出版社 / 2007-01 / 19.8,沧月,False
1823247,飞天,https://book.douban.com/subject/1823247/,沧月 / 新世界出版社 / 2006-6 / 19.00元,沧月,False
1393280,花镜,https://book.douban.com/subject/1393280/,沧月 / 上海人民出版社 / 2005-6 / 16.00元,沧月,False
3177087,风玫瑰,https://book.douban.com/subject/3177087/,沧月 / 万卷出版公司 / 2008-8 / 25.00元,沧月,False
1467382,镜·龙战（上）,https://book.douban.com/subject/1467382/,沧月 / 世界知识出版社 / 2006-1 / 20.00元,沧月,False
2302080,神之右手: 全彩绘本,https://book.douban.com/subject/2302080/,沧月（原著）、ENO（绘） / 21世纪出版社 / 2007-10 / 25.80,沧月,False
1476533,镜·龙战（下）,https://book.douban.com/subject/1476533/,沧月 / 世界知识出版社 / 2006-2 / 20.00元,沧月,False
4847836,羽·赤炎之曈,https://book.douban.com/subject/4847836/,沧月 / 文化艺术出版社 / 2010-08 / 29.80元,沧月,False
5938338,花镜,https://book.douban.com/subject/5938338/,沧月 / 万卷出版公司 / 2011-1 / 29.00元,沧月,False
6440764,羽·黯月之翼,https://book.douban.com/subject/6440764/,沧月 / 时代文艺出版社 / 2011-7-1 / 29.80元,沧月,False
2924564,彼岸花: 全彩绘本,https://book.douban.com/subject/2924564/,沧月（著）、ENO（绘） / ２１世纪出版社 / 2008-01 / 25.0,沧月,False
2137491,镜·归虚1,https://book.douban.com/subject/2137491/,沧月 / 新世界出版社 / 2007-5 / 25.00元,沧月,False
2002035,镜·辟天1,https://book.douban.com/subject/2002035/,沧月 / 新世界出版社 / 2007-1 / 25.00元,沧月,False
1959034,镜·织梦者2·海的女儿,https://book.douban.com/subject/1959034/,沧月 / 新世界出版社 / 2007-01 / 19.8,沧月,False
2052100,镜·辟天2,https://book.douban.com/subject/2052100/,沧月 / 新世界出版社 / 2007-3 / 25.00元,沧月,False
1899881,镜.织梦者,https://book.douban.com/subject/1899881/,沧月 / 世界知识出版社 / 2006-10 / 19.80元,沧月,False
2351259,大漠荒颜·帝都赋,https://book.douban.com/subject/2351259/,沧月 / 新世界出版社 / 2007-11 / 20.0,沧月,False
3121041,碧城: 全彩绘本,https://book.douban.com/subject/3121041/,沧月（著）、唐卡（绘） / ２１世纪出版社 / 2008-06 / 25.00元,沧月,False
6802392,七夜雪: 鼎剑阁·沧月十周年珍藏版,https://book.douban.com/subject/6802392/,沧月 / 时代文艺出版社 / 2011-9-22 / 29.80元,沧月,False
3149497,星空,https://book.douban.com/subject/3149497/,沧月 / 中国妇女出版社 / 2008-06 / 25.00元,沧月,False
26867351,朱颜,https://book.douban.com/subject/26867351/,沧月 / 长江出版社 / 2016-9 / 35.00元,沧月,False
2141423,指间砂,https://book.douban.com/subject/2141423/,沧月 原著、李堃 绘画 / 北方文艺出版社 / 2007-06 / 20.00元,沧月,False
3284425,镜·龙战,https://book.douban.com/subject/3284425/,沧月 / 万卷出版公司 / 2008-11 / 28.00元,沧月,False
1776821,血薇: 血薇漫画版,https://book.douban.com/subject/1776821/,沧月（原著）、李堃（编绘） / 新世界出版社 / 2006-05 / 19.0,沧月,False
26134061,忘川 上: 沧之卷,https://book.douban.com/subject/26134061/,沧月 / 北京联合出版公司 / 2014-11 / 32.80元,沧月,False
6813394,曼珠沙华·彼岸花: 鼎剑阁·沧月十周年珍藏版,https://book.douban.com/subject/6813394/,沧月 / 时代文艺出版社 / 2011-9-25 / 29.80元,沧月,False
3747034,七夜雪,https://book.douban.com/subject/3747034/,沧月 / 万卷出版公司 / 2009-04 / 25.00元,沧月,False
3191264,花镜,https://book.douban.com/subject/3191264/,沧月 / 上海人民出版社 / 2008-08 / 20.00元,沧月,False
10432664,2012·末夜,https://book.douban.com/subject/10432664/,沧月 / 中国致公出版社 / 2011-12 / 29.80元,沧月,False
25725506,羽·苍穹之烬: 大结局,https://book.douban.com/subject/25725506/,沧月 / 时代文艺出版社 / 2013-10 / 32.80元,沧月,False
26133411,忘川 下: 月之卷,https://book.douban.com/subject/26133411/,沧月 / 北京联合出版公司 / 2014-11 / 32.80元,沧月,False
5908885,听雪楼: 血薇,https://book.douban.com/subject/5908885/,沧月 / 北方妇女儿童出版社 / 2011-1 / 29.80元,沧月,False
6802393,大漠荒颜·帝都赋: 鼎剑阁·沧月十周年珍藏版,https://book.douban.com/subject/6802393/,沧月 / 时代文艺出版社 / 2011-9-22 / 29.80元,沧月,False
1102463,幻世,https://book.douban.com/subject/1102463/,沧月 / 中国戏剧出版社 / 2002-12 / 16.80元,沧月,False
35051018,文化苦旅,https://book.douban.com/subject/35051018/,余秋雨 / 北京联合出版公司 / 2020-3 / 52.00元,余秋雨,False
35260774,借我一生,https://book.douban.com/subject/35260774/,余秋雨 / 北京联合出版公司 / 2020-12 / 56.00元,余秋雨,False
30271972,境外演讲,https://book.douban.com/subject/30271972/,余秋雨 / 东方出版中心 / 2018-7 / 49.50元,余秋雨,False
35051016,中国文脉（余秋雨独家定稿版，作者直接授权，逐字修订！）,https://book.douban.com/subject/35051016/,余秋雨 / 北京联合出版公司 / 52元,余秋雨,False
37055399,午夜降臨前抵達: 中歐文化漫遊,https://book.douban.com/subject/37055399/,劉子超 / 新經典文化 / 2024-10-2 / NTD380,余秋雨,False
1049215,借我一生,https://book.douban.com/subject/1049215/,余秋雨 / 作家出版社 / 2004-08 / 42.00元,余秋雨,False
1020241,千年一叹,https://book.douban.com/subject/1020241/,余秋雨 / 作家出版社 / 2002-10 / 35.00元,余秋雨,False
27036641,行者无疆,https://book.douban.com/subject/27036641/,余秋雨 / 长江文艺出版社 / 2017-5 / 42.00元,余秋雨,False
21321799,中国文脉,https://book.douban.com/subject/21321799/,余秋雨 / 长江文艺出版社 / 2013-2-1 / 32.80元,余秋雨,False
5406571,九三年,https://book.douban.com/subject/5406571/,（法）雨果 / 叶尊 / 上海译文出版社 / 2011-1-1 / 22.00元,余秋雨,False
24295354,浮士德,https://book.douban.com/subject/24295354/,[德] 歌德 / 钱春绮 / 上海译文出版社 / 2013-6 / 108.00,余秋雨,False
1398460,余秋雨散文: 插图珍藏版,https://book.douban.com/subject/1398460/,余秋雨 / 人民文学出版社 / 2005-05 / 21.00元,余秋雨,False
1048531,笛声何处,https://book.douban.com/subject/1048531/,余秋雨 / 古吴轩出版社 / 2004-06 / 22.00,余秋雨,False
4035398,问学: 余秋雨与北大学生谈中国文化,https://book.douban.com/subject/4035398/,余秋雨 / 陕西师范大学出版社 / 2009-10-1 / 33.00元,余秋雨,False
20383610,山河之书,https://book.douban.com/subject/20383610/,余秋雨 / 长江文艺出版社 / 2012-11-1 / 38.00元,余秋雨,False
25875172,艺术创造学,https://book.douban.com/subject/25875172/,余秋雨 / 长江文艺出版社 / 2019-4-1 / 48.00元,余秋雨,False
3081760,摩挲大地,https://book.douban.com/subject/3081760/,余秋雨 / 作家出版社 / 2008-5 / 36.00元,余秋雨,False
6808159,千年一叹,https://book.douban.com/subject/6808159/,余秋雨 / 作家出版社 / 2011-8 / 42.00元,余秋雨,False
25944855,君子之道,https://book.douban.com/subject/25944855/,余秋雨 / 北京联合出版公司 / 2014-8 / 38.00,余秋雨,False
20259788,北大授课: 中华文化四十七讲,https://book.douban.com/subject/20259788/,余秋雨 / 北京联合出版公司 / 2012-11-20 / 32.80元,余秋雨,False
1054725,晨雨初听,https://book.douban.com/subject/1054725/,余秋雨 / 文汇出版社 / 2001-8 / 18.00元,余秋雨,False
26249289,冰河: 冰河,https://book.douban.com/subject/26249289/,余秋雨 / 北京联合出版公司 / 2014-10 / 38.00元,余秋雨,False
1988229,历史的脸谱,https://book.douban.com/subject/1988229/,余秋雨/文、钱海燕/图 / 文化艺术出版社 / 2007-2-1 / 36.00元,余秋雨,False
10758627,文化苦旅,https://book.douban.com/subject/10758627/,余秋雨 / 中国文学出版社 / 2009-1 / 20.00,余秋雨,False
6808160,行者无疆,https://book.douban.com/subject/6808160/,余秋雨 / 作家出版社 / 2011-8 / 38.00元,余秋雨,False
6424963,中华文化四十七堂课: 从北大到台大,https://book.douban.com/subject/6424963/,余秋雨 / 岳麓书社 / 2011-6 / 29.80元,余秋雨,False
27052265,泥步修行,https://book.douban.com/subject/27052265/,余秋雨 / 长江文艺出版社 / 2017-6-1 / 39.8,余秋雨,False
1083464,非亚之旅: 跟随余秋雨的脚步,https://book.douban.com/subject/1083464/,余秋雨 / 希望出版社 / 2004-9-1 / 39.80元,余秋雨,False
20431778,千年一叹   余秋雨著,https://book.douban.com/subject/20431778/,余秋雨 / 中国文学出版社 / 2009-1 / 20.00元,余秋雨,False
1023488,出走十五年: 新经典文库,https://book.douban.com/subject/1023488/,余秋雨 / 南海出版公司 / 2004-04 / 32.00,余秋雨,False
26352566,空岛,https://book.douban.com/subject/26352566/,余秋雨 / 作家出版社 / 2015-4 / 36.00元,余秋雨,False
2016627,余秋雨人生哲言,https://book.douban.com/subject/2016627/,余秋雨 / 上海人民出版社 / 2007-1 / 25.00元,余秋雨,False
1083467,中国之旅,https://book.douban.com/subject/1083467/,余秋雨 / 希望出版社 / 2004-10 / 39.80元,余秋雨,False
1081979,秋雨散文,https://book.douban.com/subject/1081979/,余秋雨 / 浙江文艺出版社 / 1994-10 / 20.00元,余秋雨,False
3527567,历史的暗角,https://book.douban.com/subject/3527567/,余秋雨 / 河南文艺出版社 / 2009-2 / 35.00元,余秋雨,False
25747862,极端之美: 书法、昆曲、普洱茶,https://book.douban.com/subject/25747862/,余秋雨 / 长江文艺出版社 / 2013-10-1 / CNY 68.00,余秋雨,False
1015454,行者无疆,https://book.douban.com/subject/1015454/,余秋雨 / 华艺出版社 / 2002-9 / 35.00元,余秋雨,False
26388494,孤独是生命的礼物,https://book.douban.com/subject/26388494/,余秋雨、陈忠实、等 / 百花洲文艺出版社 / 2015-5-1 / CNY 36.00,余秋雨,False
1083466,心中之旅,https://book.douban.com/subject/1083466/,余秋雨 / 希望出版社 / 2004-9-1 / 39.80元,余秋雨,False
26888211,北大授课：中华文化四十七讲,https://book.douban.com/subject/26888211/,余秋雨 / 北京联合出版公司 / 2013-8-1 / 58.00,余秋雨,False
21321799,中国文脉,https://book.douban.com/subject/21321799/,余秋雨 / 长江文艺出版社 / 2013-2-1 / 32.80元,余秋雨,False
33376745,雨夜短文,https://book.douban.com/subject/33376745/,余秋雨 / 天地出版社 / 2019-4 / 58.00元,余秋雨,False
20495152,千年一叹,https://book.douban.com/subject/20495152/,余秋雨 / 岳麓书社 / 2013-1 / 39.80元,余秋雨,False
3223570,寻觅中华,https://book.douban.com/subject/3223570/,余秋雨 / 华夏出版社 / 2008-09 / 35.00元,余秋雨,False
11444402,千年一叹,https://book.douban.com/subject/11444402/,余秋雨 / 作家出版社 / 2012-6 / 36.00元,余秋雨,False
25714762,吾家小史,https://book.douban.com/subject/25714762/,余秋雨 / 作家出版社 / 2013-8 / 39.80元,余秋雨,False
1861194,余秋雨人生哲言,https://book.douban.com/subject/1861194/,余秋雨 / 上海人民出版社 / 2006-7 / 25.00元,余秋雨,False
24884411,世界戏剧学,https://book.douban.com/subject/24884411/,余秋雨 / 长江文艺出版社 / 2013-9-1,余秋雨,False
25762708,中国戏剧史,https://book.douban.com/subject/25762708/,余秋雨 / 长江文艺出版社 / 2013-8-1,余秋雨,False
21321804,千年一叹,https://book.douban.com/subject/21321804/,余秋雨 / 长江文艺出版社 / 2013-2 / 26.00元,余秋雨,False
36352657,起初·竹书,https://book.douban.com/subject/36352657/,王朔 / 新星出版社 / 2023-4-23 / 89.00元,王朔,False
36395589,动物凶猛,https://book.douban.com/subject/36395589/,王朔 / 北京十月文艺出版社 / 2024-5 / 58.00元,王朔,False
36557099,起初·绝地天通,https://book.douban.com/subject/36557099/,王朔 / 新星出版社 / 2023-11-13 / 88.00元,王朔,False
35353255,一半是火焰 一半是海水,https://book.douban.com/subject/35353255/,王朔 / 北京十月文艺出版社 / 2016-6-1 / 36.00元,王朔,False
26967675,玩的就是心跳,https://book.douban.com/subject/26967675/,王朔 / 北京十月文艺出版社 / 2016-6 / 30.00元,王朔,False
35783360,过把瘾就死,https://book.douban.com/subject/35783360/,王朔 / 北京十月文艺出版社 / 2016-6 / 45.00元,王朔,False
36808070,起初·鱼甜,https://book.douban.com/subject/36808070/,王朔 / 新星出版社 / 2024-5 / 108.00元,王朔,False
35143735,顽主,https://book.douban.com/subject/35143735/,王朔 / 北京十月文艺出版社 / 2016-6-1 / 38,王朔,False
26288883,动物凶猛,https://book.douban.com/subject/26288883/,王朔 / 北京十月文艺出版社 / 2015-3 / 35.00元,王朔,False
35783366,我是你爸爸,https://book.douban.com/subject/35783366/,王朔 / 北京十月文艺出版社 / 2016-6 / 45.00元,王朔,False
35783365,千万别把我当人,https://book.douban.com/subject/35783365/,王朔 / 北京十月文艺出版社 / 2016-6 / 40.00元,王朔,False
36478315,看上去很美,https://book.douban.com/subject/36478315/,王朔 / 北京十月文艺出版社 / 2024-3-31 / 58.00元,王朔,False
1143696,永失我爱,https://book.douban.com/subject/1143696/,王朔 / 中国电影出版社 / 2004年02月 / 12.00元,王朔,False
26288881,知道分子,https://book.douban.com/subject/26288881/,王朔 / 北京十月文艺出版社 / 2015-3-1 / 35.00元,王朔,False
36889682,看上去很美,https://book.douban.com/subject/36889682/,王朔 / 北京十月文艺出版社 / 2024-9 / 58元,王朔,False
1764425,玩的就是心跳,https://book.douban.com/subject/1764425/,王朔 / 作家出版社 / 1989-3 / 3,王朔,False
36055837,起初·纪年,https://book.douban.com/subject/36055837/,王朔 / 新星出版社 / 2022-8-16 / 108.00元,王朔,False
1788654,我是你爸爸,https://book.douban.com/subject/1788654/,王朔 / 人民文学出版社 / 1992 / 4.95元,王朔,False
10772894,看上去很美,https://book.douban.com/subject/10772894/,王朔 / 北京十月文艺出版社 / 2012-6-1 / 29.50元,王朔,False
26288882,我是你爸爸,https://book.douban.com/subject/26288882/,王朔 / 北京十月文艺出版社 / 2015-3 / 35.00元,王朔,False
35783361,谁比谁傻多少,https://book.douban.com/subject/35783361/,王朔 / 北京十月文艺出版社 / 2016-6 / 42.00元,王朔,False
2362698,新狂人日记,https://book.douban.com/subject/2362698/,王朔 / 长江文艺出版社 / 2007-12 / 25.00元,王朔,False
20269974,知道分子,https://book.douban.com/subject/20269974/,王朔 / 北京十月文艺出版社 / 2012-11-1 / 32.00元,王朔,False
1788654,我是你爸爸,https://book.douban.com/subject/1788654/,王朔 / 人民文学出版社 / 1992 / 4.95元,王朔,False
1788649,过把瘾就死: 中国当代著名作家新作大系,https://book.douban.com/subject/1788649/,王朔 / 华艺出版社 / 1992-5 / 6.5元,王朔,False
1646570,王朔自选集,https://book.douban.com/subject/1646570/,王朔 / 华艺出版社 / 1998-3-1 / 28.60元,王朔,False
2249966,人莫予毒,https://book.douban.com/subject/2249966/,王朔 / 天津人民出版社 / 2011-8 / 29.80元,王朔,False
1143695,顽主,https://book.douban.com/subject/1143695/,王朔 / 中国电影出版社 / 2004-2 / 13.0,王朔,False
26288877,致女儿书,https://book.douban.com/subject/26288877/,王朔 / 北京十月文艺出版社 / 2015-3-1 / 35.00元,王朔,False
26288881,知道分子,https://book.douban.com/subject/26288881/,王朔 / 北京十月文艺出版社 / 2015-3-1 / 35.00元,王朔,False
2253361,过把瘾就死,https://book.douban.com/subject/2253361/,王朔 / 天津人民出版社 / 2011-8 / 36.00元,王朔,False
2249417,顽主,https://book.douban.com/subject/2249417/,王朔 / 天津人民出版社 / 2011-8 / 36.00元,王朔,False
2172283,橡皮人,https://book.douban.com/subject/2172283/,王朔 / 天津人民出版社 / 2011-8 / 29.80元,王朔,False
3239824,一个人的电影,https://book.douban.com/subject/3239824/,格非、贾樟柯 等 / 中信出版社 / 2008-10 / 26.00,王朔,False
1987259,看上去很美,https://book.douban.com/subject/1987259/,王朔 / 人民文学出版社 / 2006-6 / 15.00元,王朔,False
26288879,看上去很美,https://book.douban.com/subject/26288879/,王朔 / 北京十月文艺出版社 / 2015-3 / 35.00元,王朔,False
1214095,王朔文集: 随笔集,https://book.douban.com/subject/1214095/,王朔 / 云南人民出版社 / 2003-6 / 16.00元,王朔,False
1207803,我是你爸爸,https://book.douban.com/subject/1207803/,王朔 / 云南人民出版社 / 2002-1 / 15.80元,王朔,False
2262882,玩的就是心跳,https://book.douban.com/subject/2262882/,王朔 / 天津人民出版社 / 2011-8 / 29.80元,王朔,False
1291361,顽主,https://book.douban.com/subject/1291361/,王朔 / 江苏文艺出版社 / 2005-1 / 28.00元,王朔,False
1106321,王朔文集: 千万别把我当人,https://book.douban.com/subject/1106321/,王朔 / 云南人民出版社 / 2003-6 / 16.00元,王朔,False
10726273,我是你爸爸,https://book.douban.com/subject/10726273/,王朔 / 北京十月文艺出版社 / 2012-5-1 / 28.00元,王朔,False
10772894,看上去很美,https://book.douban.com/subject/10772894/,王朔 / 北京十月文艺出版社 / 2012-6-1 / 29.50元,王朔,False
1002130,他们曾使我空虚: 王朔编选：影响我的十部短篇小说,https://book.douban.com/subject/1002130/,王朔 / 新世界出版社 / 1999-8-1 / 15.00,王朔,False
11587407,过把瘾就死,https://book.douban.com/subject/11587407/,王朔 / 北京十月文艺出版社 / 2012-8 / 29.00元,王朔,False
1151875,随笔集,https://book.douban.com/subject/1151875/,王朔 / 云南人民出版社 / 2004-1 / 18.00元,王朔,False
20390250,致女儿书,https://book.douban.com/subject/20390250/,王朔 / 北京十月文艺出版社 / 2012-12 / 16.00元,王朔,False
36055837,起初·纪年,https://book.douban.com/subject/36055837/,王朔 / 新星出版社 / 2022-8-16 / 108.00元,王朔,False
2262908,鸟儿问答,https://book.douban.com/subject/2262908/,王朔 / 天津人民出版社 / 2007-8 / 29.80元,王朔,False
11443351,谁比谁傻多少,https://book.douban.com/subject/11443351/,王朔 / 北京十月文艺出版社 / 2012-7 / 29.00元,王朔,False
37045750,文化的阐释: 全新中译本,https://book.douban.com/subject/37045750/,[美] 克利福德·格尔茨 / 甘会斌、杨德睿 / 译林出版社 / 2025-1 / 108.00元,文化,False
36794613,康熙的红票: 全球化中的清朝,https://book.douban.com/subject/36794613/,孙立天 / 商务印书馆 / 2024-3 / 78,文化,False
37134066,命若朝霜: 《红楼梦》里的法律、社会与女性,https://book.douban.com/subject/37134066/,柯岚 / 广西师范大学出版社 / 2025-1 / 79,文化,False
36593622,世上为什么要有图书馆,https://book.douban.com/subject/36593622/,杨素秋 / 上海译文出版社 / 2024-1-1 / 58.00元,文化,False
37008939,古代人的梦与死,https://book.douban.com/subject/37008939/,[日]吉川忠夫 著 / 许源源 译 / 四川人民出版社 / 2025-1 / 68.00元,文化,False
37017264,〇〇年代的想象力,https://book.douban.com/subject/37017264/,宇野常宽 / 余梦娇 / 广西师范大学出版社 / 2024-11 / 69.9,文化,False
37005453,秦汉史讲义,https://book.douban.com/subject/37005453/,秦晖 / 山西人民出版社 / 2024-11 / 138.00元,文化,False
37119422,女性卫生用品的社会史,https://book.douban.com/subject/37119422/,[日] 田中光 / 曹逸冰 / 湖南文艺出版社 / 2025-1 / 58,文化,False
37116303,人的消逝: 从原子弹、互联网到人工智能,https://book.douban.com/subject/37116303/,熊培云 / 浙江人民出版社 / 2024-12 / 88元,文化,False
37136313,古埃及文明,https://book.douban.com/subject/37136313/,金寿福 / 湖南美术出版社 / 2025-1 / 108.00元,文化,False
36930643,大众文化的女性主义指南,https://book.douban.com/subject/36930643/,[韩] 孙希定 [韩] 林允玉 [韩] 金智惠 编、[韩] 崔至恩 等著 / 田禾子 / 广西师范大学出版社 / 2024-9 / 59.80元,文化,False
37152594,从卫生巾到节育环: 20个物品见证女性主义200年,https://book.douban.com/subject/37152594/,玛蒂尔德·拉雷尔 / 樊艳梅 / 贵州人民出版社 / 2025-1 / 59.9元,文化,False
36911259,大礼议: 嘉靖帝的礼制改革与皇权重塑,https://book.douban.com/subject/36911259/,尤淑君 / 广东人民出版社 / 2025-1-1 / 98.00,文化,False
37155522,浮世长安: 唐代的民俗与人文,https://book.douban.com/subject/37155522/,程蔷、董乃斌 / 北京联合出版公司 / 2025-1 / 128元,文化,False
37212451,旧物录: 85个消亡之物的故事,https://book.douban.com/subject/37212451/,[英]芭芭拉·彭纳 等 / 丁宇岚 / 中国友谊出版公司 / 2025-2 / 98.00元,文化,False
37098036,臆造南洋: 马来半岛的神鬼人兽,https://book.douban.com/subject/37098036/,莫家浩 / 东方出版中心 / 2025-1 / 58.00,文化,False
37173809,穿墙透壁: 剖视中国经典古建筑,https://book.douban.com/subject/37173809/,李乾朗 / 北京日报出版社 / 2024-12 / 248,文化,False
37096858,希腊别传,https://book.douban.com/subject/37096858/,陈嘉映 / 广西师范大学出版社 / 2025-1 / 52.00元,文化,False
37104286,信仰与利益之网: 僧侣、海商与中日交流,https://book.douban.com/subject/37104286/,李怡文 / 冯立君、傅亭瑄 / 北京大学出版社 / 2025-1-1 / 80.0,文化,False
36982719,中国文化的展望,https://book.douban.com/subject/36982719/,殷海光 / 民主与建设出版社 / 2024-9 / 138元,文化,False
36626767,古罗马人生活图典,https://book.douban.com/subject/36626767/,[美] 哈罗德·惠特斯通·约翰斯顿 / 黄瑶 / 四川人民出版社 / 2025-1 / 88.00,文化,False
37103197,人生解忧: 佛学入门四十讲,https://book.douban.com/subject/37103197/,成庆 / 上海三联书店 / 2024-11 / 98.00,文化,False
37022123,血与蜜之地: 穿越巴尔干的旅程,https://book.douban.com/subject/37022123/,刘子超 / 文汇出版社 / 2024-10 / 79.00元,文化,False
36328704,太白金星有点烦,https://book.douban.com/subject/36328704/,马伯庸 / 湖南文艺出版社 / 2023-6 / 45.00,文化,False
26021455,中国古代文化常识（插图修订第4版）: 插图修订第4版,https://book.douban.com/subject/26021455/,王力 主编、马汉麟 等执笔、姜亮夫 叶圣陶 等审校、刘乐园 修订 / 北京联合出版公司 / 2014-11 / 60.00元,文化,False
36926388,道德经: 帛书版·全注全译全解,https://book.douban.com/subject/36926388/,[春秋]老子 著、秦复观 注解 / 三秦出版社 / 2024-6-12 / 99,文化,False
36331621,格外的活法,https://book.douban.com/subject/36331621/,[日] 吉井忍 / 文汇出版社 / 2025-2 / 79.00元,文化,False
37241989,中国的十个名字,https://book.douban.com/subject/37241989/,郑子宁 / 海峡书局 / 2025-3 / 58.00,文化,False
36849451,语言恶女: 女性如何夺回语言,https://book.douban.com/subject/36849451/,[美] 阿曼达·蒙特尔 / 李辛 / 北京联合出版公司 / 2024-6 / 62.00元,文化,False
36978314,不被大风吹倒,https://book.douban.com/subject/36978314/,莫言 / 北京日报出版社 / 2024-10 / 50.00元,文化,False
37109552,万里长江五千年,https://book.douban.com/subject/37109552/,锦公子 / 新世界出版社 / 2024-11 / 168.00元,文化,False
36826796,君幸食: 一场贯穿古今的中餐盛宴,https://book.douban.com/subject/36826796/,[英] 扶霞·邓洛普 / 何雨珈 / 上海译文出版社 / 2024-5 / 68.00元,文化,False
37054236,衬纸: 关于书籍、战争、逃亡与故乡的家族故事,https://book.douban.com/subject/37054236/,[美] 亚历山大·沃尔夫 / 王聪 / 人民文学出版社 / 2024-11 / 72.00元,文化,False
25887924,卡拉马佐夫兄弟,https://book.douban.com/subject/25887924/,陀思妥耶夫斯基 (Ф.М.Достоевский) / 荣如德 / 上海译文出版社 / 2015-2-1 / CNY 78.00,文化,False
36981914,前浪后浪: 近代中国知识分子的精神世界,https://book.douban.com/subject/36981914/,许纪霖 / 上海三联书店 / 2025-1 / 88.00元,文化,False
37212731,通勤梦魇: 东京地铁与机器的人类学,https://book.douban.com/subject/37212731/,迈克尔·菲什 / 孟超、桑元峰 / 上海人民出版社 / 2025-1 / 69.00,文化,False
37167999,跟着人类学家漫游: 探寻“边缘”文明,https://book.douban.com/subject/37167999/,［加］韦德·戴维斯 / 高伟豪 / 四川人民出版社 / 2025-2 / 49.80元,文化,False
37106163,美国路人,https://book.douban.com/subject/37106163/,刘骁骞 / 新星出版社 / 2025-2 / 69.00元,文化,False
37269364,面向未来的研学: 以广东文博资源研学为例,https://book.douban.com/subject/37269364/,广东省博物馆协会 / 广东人民出版社 / 88.00,文化,False
36672955,我看见的世界: 李飞飞自传,https://book.douban.com/subject/36672955/,[美] 李飞飞 / 赵灿 / 中信出版集团 / 2024-4 / 85.00元,文化,False
36931107,动物化的后现代: 从御宅族透析消费社会,https://book.douban.com/subject/36931107/,[日] 东浩纪 / 褚炫初 / 上海人民出版社 / 2024-9-30 / 59.00元,文化,False
37076175,看不见的中东: 深入日常生活的中东之旅,https://book.douban.com/subject/37076175/,姚璐 / 民主与建设出版社 / 2024-11 / 79.00元,文化,False
36839137,人类新史: 一次改写人类命运的尝试,https://book.douban.com/subject/36839137/,[美] 大卫·格雷伯、[英] 大卫·温格罗 / 张帆、张雨欣 / 九州出版社 / 2024-9 / 128.00元,文化,False
36096304,翦商: 殷周之变与华夏新生,https://book.douban.com/subject/36096304/,李硕 / 广西师范大学出版社 / 2022-10 / 99.00元,文化,False
27608078,图说敦煌二五四窟,https://book.douban.com/subject/27608078/,陈海涛、陈琦 / 生活·读书·新知三联书店 / 2017-11 / 96.00元,文化,False
35170896,平面国: 多维空间传奇往事,https://book.douban.com/subject/35170896/,[英] 埃德温·A.艾勃特 / 鲁冬旭 / 上海文化出版社 / 2020-8 / 39.80元,文化,False
37156559,扔掉水晶鞋: 从动画开始的性别学,https://book.douban.com/subject/37156559/,(日) 若桑绿 / 董纾含 / 北京联合出版公司 / 2025-2 / 55元,文化,False
37100473,宋朝的祛魅,https://book.douban.com/subject/37100473/,吴铮强 / 四川人民出版社 / 2025-1 / 68元,文化,False
36967783,欲望的先知: 与勒内·基拉尔对话,https://book.douban.com/subject/36967783/,(法) 勒内·基拉尔 / 钱家音 / 南京大学出版社 / 2025-3-1 / 88.00,文化,False
36723153,南京味道,https://book.douban.com/subject/36723153/,余斌 / 译林出版社 / 2025-3 / 59,文化,False
36794613,康熙的红票: 全球化中的清朝,https://book.douban.com/subject/36794613/,孙立天 / 商务印书馆 / 2024-3 / 78,历史,False
37005453,秦汉史讲义,https://book.douban.com/subject/37005453/,秦晖 / 山西人民出版社 / 2024-11 / 138.00元,历史,False
36104107,长安的荔枝,https://book.douban.com/subject/36104107/,马伯庸 / 湖南文艺出版社 / 2022-10 / 45.00元,历史,False
36096304,翦商: 殷周之变与华夏新生,https://book.douban.com/subject/36096304/,李硕 / 广西师范大学出版社 / 2022-10 / 99.00元,历史,False
36710597,食南之徒,https://book.douban.com/subject/36710597/,马伯庸 / 湖南文艺出版社 / 2024-4-1 / 56.00元,历史,False
36699839,三国前夜: 士大夫政治与东汉皇权的崩解,https://book.douban.com/subject/36699839/,张向荣 / 上海人民出版社 / 2024-6 / 89.80元,历史,False
37001305,智人之上: 从石器时代到AI时代的信息网络简史,https://book.douban.com/subject/37001305/,[以色列] 尤瓦尔·赫拉利 / 林俊宏 / 中信出版社 / 2024-9 / 79.00元,历史,False
10758290,东晋门阀政治,https://book.douban.com/subject/10758290/,田余庆 / 北京大学出版社 / 2012-5 / 49.00元,历史,False
1041482,万历十五年,https://book.douban.com/subject/1041482/,[美] 黄仁宇 / 生活·读书·新知三联书店 / 1997-5 / 18.00元,历史,False
36911259,大礼议: 嘉靖帝的礼制改革与皇权重塑,https://book.douban.com/subject/36911259/,尤淑君 / 广东人民出版社 / 2025-1-1 / 98.00,历史,False
26171466,筚路维艰: 中国社会主义路径的五次选择,https://book.douban.com/subject/26171466/,萧冬连 / 社会科学文献出版社 / 2014-10-1 / 45.00元,历史,False
25912076,叫魂: 1768年中国妖术大恐慌,https://book.douban.com/subject/25912076/,[美] 孔飞力 / 陈兼、刘昶 / 生活·读书·新知三联书店 上海三联书店 / 2014-6 / 38.00元,历史,False
3674537,明朝那些事儿（1-9）: 限量版,https://book.douban.com/subject/3674537/,当年明月 / 中国海关出版社 / 2009-4 / 358.20元,历史,False
25935941,天朝的崩溃: 鸦片战争再研究（修订版）,https://book.douban.com/subject/25935941/,茅海建 / 生活·读书·新知三联书店 / 2014-10 / 59.00元,历史,False
37096858,希腊别传,https://book.douban.com/subject/37096858/,陈嘉映 / 广西师范大学出版社 / 2025-1 / 52.00元,历史,False
30414743,显微镜下的大明,https://book.douban.com/subject/30414743/,马伯庸 / 湖南文艺出版社 / 2019-1 / 52.00元,历史,False
37134066,命若朝霜: 《红楼梦》里的法律、社会与女性,https://book.douban.com/subject/37134066/,柯岚 / 广西师范大学出版社 / 2025-1 / 79,历史,False
35678328,弃长安: 安史之乱前后的内廷、诗人、政争与叛乱,https://book.douban.com/subject/35678328/,张明扬 / 天地出版社 / 2021-12 / 68.00元,历史,False
37104286,信仰与利益之网: 僧侣、海商与中日交流,https://book.douban.com/subject/37104286/,李怡文 / 冯立君、傅亭瑄 / 北京大学出版社 / 2025-1-1 / 80.0,历史,False
25985021,人类简史: 从动物到上帝,https://book.douban.com/subject/25985021/,[以色列] 尤瓦尔·赫拉利 / 林俊宏 / 中信出版社 / 2014-11 / 68.00元,历史,False
36903786,崖山,https://book.douban.com/subject/36903786/,张明扬 / 中信出版社 / 2024-8-25 / 69.00,历史,False
37008939,古代人的梦与死,https://book.douban.com/subject/37008939/,[日]吉川忠夫 著 / 许源源 译 / 四川人民出版社 / 2025-1 / 68.00元,历史,False
37100473,宋朝的祛魅,https://book.douban.com/subject/37100473/,吴铮强 / 四川人民出版社 / 2025-1 / 68元,历史,False
20424526,邓小平时代,https://book.douban.com/subject/20424526/,【美】傅高义 (Ezra.F.Vogel) / 冯克利 / 生活·读书·新知三联书店 / 2013-1-18 / 88.00元,历史,False
36964205,说三分: 三国故事的三重叙事,https://book.douban.com/subject/36964205/,刘勃 / 新星出版社 / 2024-12 / 78元,历史,False
36895896,南北之争与晚清政局: 1861-1884,https://book.douban.com/subject/36895896/,林文仁 / 上海人民出版社 / 2025-1-1 / 59,历史,False
36980099,程允亨的十九世纪: 一个徽州乡民的生活世界及其变迁,https://book.douban.com/subject/36980099/,刘永华 / 生活·读书·新知三联书店 / 2024-12 / 98.00元,历史,False
35771873,南明史,https://book.douban.com/subject/35771873/,顾诚 / 北京日报出版社 / 2022-3-20 / 129.90,历史,False
36707948,走进明朝: 从严峻冷酷到自由放任,https://book.douban.com/subject/36707948/,方志远 / 四川人民出版社 / 2025-1 / 82,历史,False
35519560,祥瑞: 王莽和他的时代,https://book.douban.com/subject/35519560/,张向荣 / 上海人民出版社 / 2021-8 / 79.80元,历史,False
36594961,明代国家权力结构及运行机制,https://book.douban.com/subject/36594961/,方志远 / 广西师范大学出版社 / 2024-3 / 118,历史,False
36982008,有为: 汉武帝的五十四年,https://book.douban.com/subject/36982008/,戴波 / 北京联合出版公司 / 2024-7-1 / 99.00元,历史,False
36831435,在阿尔巴尼亚长大,https://book.douban.com/subject/36831435/,[英] 莱亚·乌皮 / 吴文权 / 上海三联书店 / 2024-9 / 58.00元,历史,False
37036128,失败: 1891—1900 清王朝的变革、战争与排外,https://book.douban.com/subject/37036128/,李礼 / 上海译文出版社 / 2024-11 / 78.00,历史,False
36574408,大变局: 晚清改革五十年,https://book.douban.com/subject/36574408/,谌旭彬 / 浙江人民出版社 / 2023-11-1 / 198.00,历史,False
37136313,古埃及文明,https://book.douban.com/subject/37136313/,金寿福 / 湖南美术出版社 / 2025-1 / 108.00元,历史,False
26925171,大明王朝1566,https://book.douban.com/subject/26925171/,刘和平 / 花城出版社 / 2016-7 / 88.00元,历史,False
37109834,希特勒的逃兵: 背叛还是抵抗，德意志最后的禁忌,https://book.douban.com/subject/37109834/,[日] 对马达雄 / 陈瑜 / 上海译文出版社 / 2024-12-15 / 58,历史,False
36839137,人类新史: 一次改写人类命运的尝试,https://book.douban.com/subject/36839137/,[美] 大卫·格雷伯、[英] 大卫·温格罗 / 张帆、张雨欣 / 九州出版社 / 2024-9 / 128.00元,历史,False
36657004,暮日耀光: 张居正与明代中后期政局（精装珍藏版）,https://book.douban.com/subject/36657004/,韦庆远 / 山西人民出版社 / 2023-11 / 188.00元,历史,False
37182540,熙丰残照: 北宋中期的改革,https://book.douban.com/subject/37182540/,萧瀚 / 广西师范大学出版社 / 2025-1 / 98,历史,False
37119422,女性卫生用品的社会史,https://book.douban.com/subject/37119422/,[日] 田中光 / 曹逸冰 / 湖南文艺出版社 / 2025-1 / 58,历史,False
36911258,江南困局: 晚明士大夫的危机时刻,https://book.douban.com/subject/36911258/,唐元鹏 / 广东人民出版社 / 2024-8-1 / 78.00,历史,False
37135544,大清算: 纳粹迫害的遗产与对正义的追寻,https://book.douban.com/subject/37135544/,[英] 玛丽·弗尔布鲁克 / 陶泽慧 / 民主与建设出版社 / 2025-1 / 159.00元,历史,False
26954784,中华帝国的衰落,https://book.douban.com/subject/26954784/,魏斐德 (Frederic Wakeman Jr.) / 梅静 / 民主与建设出版社 / 2017-1-1 / CNY 42.00,历史,False
36910907,线索与痕迹: 真的、假的、虚构的,https://book.douban.com/subject/36910907/,[意] 卡洛·金茨堡 / 鲁伊 / 上海三联书店 / 2025-3 / 118.00元,历史,False
25893465,万历十五年: 经典版,https://book.douban.com/subject/25893465/,黄仁宇 / 中华书局 / 2014-7 / 59.00元,历史,False
37155522,浮世长安: 唐代的民俗与人文,https://book.douban.com/subject/37155522/,程蔷、董乃斌 / 北京联合出版公司 / 2025-1 / 128元,历史,False
35336328,隳三都: 蒙古灭金围城史,https://book.douban.com/subject/35336328/,周思成 / 山西人民出版社 / 2021-1 / 68.00元,历史,False
37138339,法庭上的妇女: 晚清民国的婚姻与一夫一妻制,https://book.douban.com/subject/37138339/,[美] 陈美凤 / 赵珊 / 广西师范大学出版社 / 2025-2 / 89,历史,False
35143790,蛤蟆先生去看心理医生,https://book.douban.com/subject/35143790/,[英] 罗伯特·戴博德 / 陈赢 / 天津人民出版社 / 2020-8-1 / 38.00元,心理学,False
37134264,心的表达,https://book.douban.com/subject/37134264/,李沁云 / 上海文艺出版社 / 2025-1 / 59,心理学,False
36959522,抑郁的力量: 蛰伏、觉醒、破茧成蝶,https://book.douban.com/subject/36959522/,[日]泉谷闲示 / 佟凡 / 北京科学技术出版社 / 2024-7-22 / 59.00,心理学,False
36700758,早安，怪物,https://book.douban.com/subject/36700758/,[加] 凯瑟琳·吉尔迪纳 / 木草草 / 花山文艺出版社 / 2024-3-19 / 59.80元,心理学,False
36998978,自伤自恋的精神分析,https://book.douban.com/subject/36998978/,[日] 斋藤环 / 顾小佳 / 广西师范大学出版社 / 2024-11 / 48.00元,心理学,False
36132802,不原谅也没关系: 复杂性创伤后压力综合征自我疗愈圣经,https://book.douban.com/subject/36132802/,[美] 皮特·沃克 / 严菲菲 / 北京科学技术出版社 / 2023-1-1 / 89.00元,心理学,False
37186404,疲于做自己: 抑郁症与社会,https://book.douban.com/subject/37186404/,【法】阿兰·埃伦贝格 / 王甦 / 南京大学出版社 / 2025-2-1 / 92.00元,心理学,False
35481512,也许你该找个人聊聊,https://book.douban.com/subject/35481512/,[美]洛莉·戈特利布 / 张含笑 / 上海文化出版社 / 2021-7-28 / 68.00元,心理学,False
26369699,被讨厌的勇气: “自我启发之父”阿德勒的哲学课,https://book.douban.com/subject/26369699/,[日] 岸见一郎、[日] 古贺史健 / 渠海霞 / 机械工业出版社 / 2015-4 / 39.80元,心理学,False
37152460,自恋与服从,https://book.douban.com/subject/37152460/,[奥] 伊索尔德·沙里姆 / 桂书杰、包向飞 / 上海三联书店 / 2025-1 / 49.00,心理学,False
36150914,被讨厌的勇气,https://book.douban.com/subject/36150914/,岸见一郎、古贺史健 / 渠海霞 / 机械工业出版社 / 2021-1 / 55,心理学,False
26304954,存在主义心理治疗,https://book.douban.com/subject/26304954/,[美] 欧文·亚隆 / 黄峥、张怡玲、沈东郁 / 商务印书馆 / 2015-5 / 79.00,心理学,False
25982198,社会心理学（第11版，精装彩印）,https://book.douban.com/subject/25982198/,[美] 戴维·迈尔斯 / 侯玉波、乐国安、张志勇 / 人民邮电出版社 / 2014-10-1 / 368.00元,心理学,False
35897952,津巴多普通心理学 (第8版),https://book.douban.com/subject/35897952/,[美] 菲利普·津巴多、[美] 罗伯特·约翰逊、[美] 薇薇安·麦卡恩 / 傅小兰 / 人民邮电出版社 / 2022-7 / 198.00元,心理学,False
3533221,非暴力沟通,https://book.douban.com/subject/3533221/,[美] 马歇尔·卢森堡 / 阮胤华 / 华夏出版社 / 2009-1 / 29.00元,心理学,False
26907984,红书,https://book.douban.com/subject/26907984/,[瑞士] 荣格（C. G. Jung）原著、[英] 索努·沙姆达萨尼（Sonu Shamdasani）编译 / 周党伟 / 机械工业出版社 / 2016-12 / 199.00元,心理学,False
37182636,嫉妒与鄙视: 社会比较心理学,https://book.douban.com/subject/37182636/,[美]苏珊·T.菲斯克(Susan T. Fiske) / 邓衍鹤 / 机械工业出版社 / 2025-1 / 79.00元,心理学,False
36986587,我的骨头没有忘记,https://book.douban.com/subject/36986587/,[美] 斯蒂芬妮·胡 / 高语冰 / 广东经济出版社 / 2024-9 / 59.80元,心理学,False
36593611,深度关系,https://book.douban.com/subject/36593611/,武志红 / 九州出版社 / 2023-10-30 / 68,心理学,False
27186106,心流: 最优体验心理学,https://book.douban.com/subject/27186106/,[美] 米哈里·契克森米哈赖 / 张定绮 / 中信出版社 / 2017-11 / 49.00元,心理学,False
37262683,助人技术本土化的刻意练习,https://book.douban.com/subject/37262683/,宋歌、黄书华、林燕 / 中国人民大学出版社 / 2025-3-16 / 79.90元,心理学,False
1476651,社会心理学: （第8版）,https://book.douban.com/subject/1476651/,[美] 戴维·迈尔斯 / 张智勇、乐国安、侯玉波 等 / 人民邮电出版社 / 2006-1 / 68.00元,心理学,False
36787449,亲密关系 （第8版）: Intimate Relationships,https://book.douban.com/subject/36787449/,【美】罗兰·米勒 / 王伟平 / 人民邮电出版社 / 2024-1 / 148.00元,心理学,False
37161726,我们为什么缺乏安全感: 揭开情感创伤与有毒关系的真相,https://book.douban.com/subject/37161726/,[西] 玛丽亚·埃斯克拉佩兹 / 程肖琳 / 贵州人民出版社 / 2025-1 / 58.00,心理学,False
35023259,这才是心理学（第11版）: 看穿伪科学的批判性思维,https://book.douban.com/subject/35023259/,[加] 基思·斯坦诺维奇 / 窦东徽、刘肖岑 / 人民邮电出版社 / 2020-4 / 78.00元,心理学,False
10785583,思考，快与慢,https://book.douban.com/subject/10785583/,[美] 丹尼尔·卡尼曼 / 胡晓姣、李爱民、何梦莹 / 中信出版社 / 2012-7 / 69.00元,心理学,False
37200775,倾听疯狂的声音: 被误解的精神分裂症,https://book.douban.com/subject/37200775/,［英］南森·法勒 / 姚瑞元 / 贵州人民出版社 / 2025-2 / 49.80元,心理学,False
27018918,当尼采哭泣,https://book.douban.com/subject/27018918/,[美国] 欧文·亚隆 / 侯维之 / 机械工业出版社 / 2017-3 / 49.00元,心理学,False
36591182,心理学与生活 (第20版),https://book.douban.com/subject/36591182/,[美] 理查德·格里格 / 王垒 / 人民邮电出版社 / 2023-10 / 258.00元,心理学,False
37101298,也不知道谁更疯: 一名精神科医生的精神之旅,https://book.douban.com/subject/37101298/,[英] 本吉·沃特豪斯 / 高天羽 / 云南人民出版社 / 2024-11 / 59.00,心理学,False
36923814,不被支配: 自恋人格的识别与反制,https://book.douban.com/subject/36923814/,[美] 沙希达·艾拉比 / 王瑾雅 / 人民邮电出版社 / 2024-6,心理学,False
35519608,非暴力沟通（修订版）: 修订版,https://book.douban.com/subject/35519608/,[美] 马歇尔·卢森堡 / 刘轶 / 华夏出版社 / 2021-5 / 59.8,心理学,False
26585065,亲密关系（第6版）,https://book.douban.com/subject/26585065/,[美] 罗兰·米勒 (Rowland S. Miller) / 王伟平 译、彭凯平 校 / 人民邮电出版社 / 2015-6 / 138.00元,心理学,False
36464033,我们何以不同: 人格心理学40讲,https://book.douban.com/subject/36464033/,王芳 / 北京日报出版社 / 2023-7 / 82元,心理学,False
37159661,黑色的眼睛不看光明: 发现真我的“幽暗情绪哲学”,https://book.douban.com/subject/37159661/,[美] 玛利亚娜·亚历山德里 / 高天羽 / 云南人民出版社 / 2025-1 / 56.00,心理学,False
35627242,我们内心的冲突: 尤里卡文库,https://book.douban.com/subject/35627242/,[美] 卡伦·霍尼 / 潘华琴 / 湖南人民出版社 / 2022-1-1 / 52,心理学,False
37209712,与哀伤共处: 经历父母离世的年轻子女,https://book.douban.com/subject/37209712/,李昀鋆 / 广东人民出版社 / 2025-2 / 88.00元,心理学,False
35180782,自卑与超越,https://book.douban.com/subject/35180782/,[奥地利] 阿尔弗雷德·阿德勒 / 陈玢 / 民主与建设出版社 / 2019-11 / 36.00元,心理学,False
35193035,认知觉醒: 开启自我改变的原动力,https://book.douban.com/subject/35193035/,周岭 / 人民邮电出版社 / 2020-10 / 59.8,心理学,False
37267912,走出黑森林：自我转变的旅程,https://book.douban.com/subject/37267912/,陈海贤 / 新星出版社 / 2025-3-17 / 69.00,心理学,False
34836531,了不起的我: 自我发展的心理学,https://book.douban.com/subject/34836531/,陈海贤 / 台海出版社 / 2019-10-23 / 69.00元,心理学,False
36096028,你的敏感，就是你的天赋: （昆士兰大学心理治疗师，让你在生活、工作和家庭关系中如鱼得水！）,https://book.douban.com/subject/36096028/,[英]伊米·洛、Imi Lo / 肖心怡 / 天津科学技术出版社 / 2022-9-1 / 49.00元,心理学,False
3026879,爱的艺术,https://book.douban.com/subject/3026879/,[美] 艾·弗洛姆 / 李健鸣 / 上海译文出版社 / 2008-4 / 15.00元,心理学,False
26796536,身体从未忘记: 心理创伤疗愈中的大脑、心智和身体,https://book.douban.com/subject/26796536/,[美] 巴塞尔·范德考克 / 李智 / 机械工业出版社 / 2016-3 / 55.00元,心理学,False
37021120,我可能错了: 森林智者的最后一堂人生课,https://book.douban.com/subject/37021120/,[瑞典] 比约恩·纳提科·林德布劳、[瑞典] 卡罗琳·班克勒、[瑞典] 纳维德·莫迪里 / 靳婷婷 / 北京科学技术出版社 / 2024-9-1 / 59.00元,心理学,False
37142225,隐形恶人: 我们与反社会人格者的较量,https://book.douban.com/subject/37142225/,玛莎·斯托特 / 姜帆 / 机械工业出版社 / 2024-11 / 69.00元,心理学,False
26286031,心理学与生活（第19版）,https://book.douban.com/subject/26286031/,[美] 理查德·格里格、[美] 菲利普·津巴多 / 王垒、等 / 人民邮电出版社 / 2014-11-1 / 368.00元,心理学,False
1032501,心理学与生活,https://book.douban.com/subject/1032501/,[美] 理查德·格里格、菲利普·津巴多 / 王垒、王甦 等 / 人民邮电出版社 / 2003-10 / 88.00元,心理学,False
5330333,活出生命的意义,https://book.douban.com/subject/5330333/,[奥] 维克多·弗兰克 / 吕娜 / 华夏出版社 / 2010-6 / 29.00元,心理学,False
1775691,少有人走的路: 心智成熟的旅程,https://book.douban.com/subject/1775691/,[美] M·斯科特·派克 / 于海生 / 吉林文史出版社 / 2007-1 / 26.00元,心理学,False
26980487,悉达多: 一首印度的诗,https://book.douban.com/subject/26980487/,[德] 赫尔曼·黑塞 / 姜乙 / 天津人民出版社 / 2017-1 / 32.00元,哲学,False
37014515,哲学的故事,https://book.douban.com/subject/37014515/,[美] 威尔·杜兰特 / 蒋剑峰、张程程 / 文汇出版社 / 2025-1 / 88.00元,哲学,False
37156599,当代自由意志导论,https://book.douban.com/subject/37156599/,(美) 罗伯特·凯恩 / 徐向东 / 广西师范大学出版社 / 2025-2 / 68元,哲学,False
37142237,世界作为参考答案,https://book.douban.com/subject/37142237/,刘擎、严飞 / 上海人民出版社 / 2025-1 / 68.00元,哲学,False
37096858,希腊别传,https://book.douban.com/subject/37096858/,陈嘉映 / 广西师范大学出版社 / 2025-1 / 52.00元,哲学,False
27170538,存在主义咖啡馆: 自由、存在和杏子鸡尾酒,https://book.douban.com/subject/27170538/,[英] 莎拉·贝克韦尔 / 沈敏一 / 北京联合出版公司 / 2017-12-1 / 88.00,哲学,False
37152460,自恋与服从,https://book.douban.com/subject/37152460/,[奥] 伊索尔德·沙里姆 / 桂书杰、包向飞 / 上海三联书店 / 2025-1 / 49.00,哲学,False
35313227,刘擎西方现代思想讲义,https://book.douban.com/subject/35313227/,刘擎 / 新星出版社 / 2021-1 / 79.00元,哲学,False
37103197,人生解忧: 佛学入门四十讲,https://book.douban.com/subject/37103197/,成庆 / 上海三联书店 / 2024-11 / 98.00,哲学,False
37119421,分析哲学与人类生活,https://book.douban.com/subject/37119421/,[美] 托马斯·内格尔 / 胡昂俊、韦腾捷 / 中信出版社 / 2025-1 / 72.00元,哲学,False
37021155,哲学塑造的世界: 从柏拉图到数字时代,https://book.douban.com/subject/37021155/,[美] 斯科特·索姆斯 / 刘一白、黄禹迪 / 九州出版社 / 2024-12 / 88.00元,哲学,False
37068788,我看见，我倾听，我思索……,https://book.douban.com/subject/37068788/,[意] 吉奥乔·阿甘本 / 王立秋 / 南京大学出版社 / 2025-1 / 52.00元,哲学,False
37093044,论确定性,https://book.douban.com/subject/37093044/,[奥] 路德维希·维特根斯坦 / 楼巍 / 上海文艺出版社 / 2024-12 / 58,哲学,False
37138379,在机器的边界思考,https://book.douban.com/subject/37138379/,许煜 / 李仁杰、蒋雨航等 / 广西师范大学出版社 / 2025-2 / 68,哲学,False
37021120,我可能错了: 森林智者的最后一堂人生课,https://book.douban.com/subject/37021120/,[瑞典] 比约恩·纳提科·林德布劳、[瑞典] 卡罗琳·班克勒、[瑞典] 纳维德·莫迪里 / 靳婷婷 / 北京科学技术出版社 / 2024-9-1 / 59.00元,哲学,False
33442259,倦怠社会,https://book.douban.com/subject/33442259/,[德] 韩炳哲 / 王一力 / 中信出版集团 / 2019-6-1 / 35.00元,哲学,False
34447865,西方哲学史（第9版）,https://book.douban.com/subject/34447865/,(美) 撒穆尔·伊诺克·斯通普夫、(美) 詹姆斯·菲泽 / 邓晓芒、匡宏、等 / 北京联合出版公司 / 2019-8 / 99.80元,哲学,False
26369699,被讨厌的勇气: “自我启发之父”阿德勒的哲学课,https://book.douban.com/subject/26369699/,[日] 岸见一郎、[日] 古贺史健 / 渠海霞 / 机械工业出版社 / 2015-4 / 39.80元,哲学,False
36858470,思想家,https://book.douban.com/subject/36858470/,[英] 布莱恩·麦基 编 / 吴芸菲 / 上海三联书店 / 2024-7-1 / 78.00,哲学,False
1004821,理想国,https://book.douban.com/subject/1004821/,[古希腊] 柏拉图 / 郭斌和、张竹明 / 商务印书馆 / 1986-8 / 28.00元,哲学,False
27172839,苏菲的世界,https://book.douban.com/subject/27172839/,[挪威] 乔斯坦·贾德 / 萧宝森 / 作家出版社 / 2017-8 / 38.00元,哲学,False
1005354,逻辑哲学论,https://book.douban.com/subject/1005354/,[奥] 维特根斯坦 / 贺绍甲 / 商务印书馆 / 1996-12 / 13.00元,哲学,False
37175238,历史对于人生的利弊: 新译详注本,https://book.douban.com/subject/37175238/,[德] 尼采 / 周思成 / 上海三联书店 / 2025-2 / 65.00,哲学,False
36834986,斯宾诺莎的形而上学: 实体与思想,https://book.douban.com/subject/36834986/,[以] 伊扎卡·迈拉迈德 / 董皓 / 商务印书馆 / 2024-12 / 60.00,哲学,False
25961458,大问题: 简明哲学导论,https://book.douban.com/subject/25961458/,[美] 罗伯特·所罗门、凯思林•希金斯 / 张卜天 / 广西师范大学出版社 / 2014-12 / 65.00,哲学,False
14439405,哲学的故事,https://book.douban.com/subject/14439405/,[美] 威尔·杜兰特 / 蒋剑峰、张程程 / 新星出版社 / 2013-3 / 49.00元,哲学,False
37143591,游牧主体: 当代女性主义理论中的具身性和性差异,https://book.douban.com/subject/37143591/,[意] 罗西·布拉伊多蒂 / 赵雅惠 / 上海人民出版社 / 2025-1 / 78,哲学,False
36954762,自我: 与齐格蒙特·鲍曼对谈,https://book.douban.com/subject/36954762/,[英国] 齐格蒙特·鲍曼、[爱沙尼亚] 瑞恩·罗德 / 张德旭 / 南京大学出版社 / 2024-8-18 / 72.00元,哲学,False
36926388,道德经: 帛书版·全注全译全解,https://book.douban.com/subject/36926388/,[春秋]老子 著、秦复观 注解 / 三秦出版社 / 2024-6-12 / 99,哲学,False
27009630,纯粹理性批判,https://book.douban.com/subject/27009630/,[德] 康德 / 邓晓芒 译、杨祖陶 校 / 人民出版社 / 2017-3 / 69.00,哲学,False
24257403,西西弗神话: 加缪作品,https://book.douban.com/subject/24257403/,[法] 阿尔贝·加缪 / 沈志明 / 上海译文出版社 / 2013-8 / 32.00元,哲学,False
36956912,汉娜·阿伦特与以赛亚·伯林: 自由、政治与人性,https://book.douban.com/subject/36956912/,[日] 蛭田圭（Kei Hiruta） / 孟凡礼 / 贵州人民出版社 / 2024-9 / 98.00,哲学,False
35900190,在绝望之巅,https://book.douban.com/subject/35900190/,[法国] E·M·齐奥朗 / 唐江 / 北京联合出版公司 / 2022-6 / 49.80,哲学,False
21570668,会饮篇,https://book.douban.com/subject/21570668/,[古希腊] 柏拉图 / 王太庆 / 商务印书馆 / 2013-1 / 12.00元,哲学,False
36661168,怎么办？,https://book.douban.com/subject/36661168/,路易•阿尔都塞 / 陈越、王宁泊、张靖松 / 西北大学出版社 / 2023-12-1 / 79元,哲学,False
37175239,技术与魔法: 重建实在,https://book.douban.com/subject/37175239/,[意] 费德里科·坎帕尼亚 / 姜昊骞 / 上海文艺出版社 / 2025-2 / 75,哲学,False
6152040,维特根斯坦传: 天才之为责任,https://book.douban.com/subject/6152040/,[英] 瑞·蒙克 / 王宇光 / 浙江大学出版社 / 2011-6 / 79.00元,哲学,False
30176572,大问题: 简明哲学导论,https://book.douban.com/subject/30176572/,[美] 罗伯特·所罗门、[美] 凯思林·希金斯 / 张卜天 / 清华大学出版社 / 2018-7 / 98.00元,哲学,False
37079421,荷尔德林之狂: 寓居生活编年史,https://book.douban.com/subject/37079421/,[意] 吉奥乔·阿甘本 / 蓝江 / 上海人民出版社 / 2025-1,哲学,False
36157225,论技术物的存在模式,https://book.douban.com/subject/36157225/,[法]吉尔贝·西蒙东 / 许煜 / 南京大学出版社 / 2024-2 / 65,哲学,False
26107897,存在与虚无,https://book.douban.com/subject/26107897/,让·保罗·萨特 / 陈宣良 等译、杜小真 校 / 生活·读书·新知三联书店 / 2014-9-1 / CNY 68.00,哲学,False
2284311,苏菲的世界,https://book.douban.com/subject/2284311/,[挪] 乔斯坦·贾德 / 萧宝森 / 作家出版社 / 2007-10 / 26.00元,哲学,False
25939476,存在与时间: （修订译本）,https://book.douban.com/subject/25939476/,[德] 马丁·海德格尔 / 陈嘉映、王庆节 / 生活·读书·新知三联书店 / 2014-9-1 / 49.00,哲学,False
30389924,爱欲之死,https://book.douban.com/subject/30389924/,[德] 韩炳哲 / 宋娀 / 中信出版社 / 2019-3-1 / 32.00元,哲学,False
25867570,人生的智慧,https://book.douban.com/subject/25867570/,[德] 叔本华 / 韦启昌 / 上海人民出版社 / 2014-4 / CNY 40.00,哲学,False
37229504,苏格拉底: 反讽家与道德哲学家,https://book.douban.com/subject/37229504/,[美] 格里高利·弗拉斯托 / 吴鸿兆 / 生活·读书·新知三联书店 / 2025-4 / 98.00元,哲学,False
37254213,苏格拉底的方法,https://book.douban.com/subject/37254213/,[美] 沃德·法恩斯沃斯 / 周允东、牛雨谣 / 浙江科学技术出版社 / 2025-3-3 / 109.90元,哲学,False
36874935,大哲学家,https://book.douban.com/subject/36874935/,[英] 布莱恩·麦基 编 / 王幸华 / 九州出版社 / 2024-7-1 / 78.00,哲学,False
20501147,中国哲学简史: （软精经典版）,https://book.douban.com/subject/20501147/,冯友兰 / 涂又光 / 北京大学出版社 / 2013-1-1 / 38.00元,哲学,False
36425441,沉思的生活，或无所事事,https://book.douban.com/subject/36425441/,[德]韩炳哲 / 陈曦 / 中信出版集团 / 2023-7-3 / 58.00元,哲学,False
37030943,见树又见林: 社会学作为生活、实践与承诺,https://book.douban.com/subject/37030943/,[美] 艾伦·G.约翰逊 / 左安浦 / 北京联合出版公司 / 2024-12 / 62.00元,社会学,False
37186404,疲于做自己: 抑郁症与社会,https://book.douban.com/subject/37186404/,【法】阿兰·埃伦贝格 / 王甦 / 南京大学出版社 / 2025-2-1 / 92.00元,社会学,False
36985251,过渡劳动: 平台经济下的外卖骑手,https://book.douban.com/subject/36985251/,孙萍 / 华东师范大学出版社 / 2024-7 / 98.00元,社会学,False
37001305,智人之上: 从石器时代到AI时代的信息网络简史,https://book.douban.com/subject/37001305/,[以色列] 尤瓦尔·赫拉利 / 林俊宏 / 中信出版社 / 2024-9 / 79.00元,社会学,False
37142237,世界作为参考答案,https://book.douban.com/subject/37142237/,刘擎、严飞 / 上海人民出版社 / 2025-1 / 68.00元,社会学,False
37195799,探索之道: 社会科学的启发式研究法,https://book.douban.com/subject/37195799/,(美) 安德鲁·阿伯特 / 宋奇、杨端程 / 上海文艺出版社 / 2025-2 / 78.00,社会学,False
37014952,何谓“性资本”: 关于性的历史社会学,https://book.douban.com/subject/37014952/,[以] 达娜·卡普兰、[法] 伊娃·易洛思 / 汪丽 / 上海三联书店 / 2025-1 / 49.80元,社会学,False
36930643,大众文化的女性主义指南,https://book.douban.com/subject/36930643/,[韩] 孙希定 [韩] 林允玉 [韩] 金智惠 编、[韩] 崔至恩 等著 / 田禾子 / 广西师范大学出版社 / 2024-9 / 59.80元,社会学,False
37045750,文化的阐释: 全新中译本,https://book.douban.com/subject/37045750/,[美] 克利福德·格尔茨 / 甘会斌、杨德睿 / 译林出版社 / 2025-1 / 108.00元,社会学,False
37229975,追系统的人: 快递员的劳动过程与社会关系网络,https://book.douban.com/subject/37229975/,庄家炽 / 中国人民大学出版社 / 2025-1,社会学,False
36914683,逃走的人,https://book.douban.com/subject/36914683/,李颖迪 / 文汇出版社 / 2024-8-1 / 59,社会学,False
37013895,冲突: 从“未开社会”到现代社会的人类学研究,https://book.douban.com/subject/37013895/,[日] 栗本英世 / 旦却加 / 九州出版社 / 2024-12 / 48.00,社会学,False
37162548,激情的陷阱: 过度工作、理想工人和劳动回报,https://book.douban.com/subject/37162548/,[美]埃琳·A.契克 (Erin A. Cech) / 金方廷 / 中国科学技术出版社 / 2025-2 / 79.00元,社会学,False
37119422,女性卫生用品的社会史,https://book.douban.com/subject/37119422/,[日] 田中光 / 曹逸冰 / 湖南文艺出版社 / 2025-1 / 58,社会学,False
36892417,我想这样被埋葬,https://book.douban.com/subject/36892417/,[美] 香农·李·道迪、[美] 丹尼尔·卓克斯 摄 / 李鹏程 / 广东人民出版社 / 2025-1-1 / 68.00,社会学,False
36971687,性别打结,https://book.douban.com/subject/36971687/,[美] 艾伦·约翰逊 / 杨晓琼 / 中信出版社 / 2024-10 / 88.00元,社会学,False
37134066,命若朝霜: 《红楼梦》里的法律、社会与女性,https://book.douban.com/subject/37134066/,柯岚 / 广西师范大学出版社 / 2025-1 / 79,社会学,False
37089420,不像说母语者: 作为后殖民体验的言语,https://book.douban.com/subject/37089420/,[美] 周蕾 / 周云龙 / 九州出版社 / 2024-12 / 48.00元,社会学,False
37019391,看见不可见社会,https://book.douban.com/subject/37019391/,于海、邹华华 / 重庆出版社 / 2025-3 / 72.00元,社会学,False
36954762,自我: 与齐格蒙特·鲍曼对谈,https://book.douban.com/subject/36954762/,[英国] 齐格蒙特·鲍曼、[爱沙尼亚] 瑞恩·罗德 / 张德旭 / 南京大学出版社 / 2024-8-18 / 72.00元,社会学,False
30122152,小镇喧嚣: 一个乡镇政治运作的演绎与阐释,https://book.douban.com/subject/30122152/,吴毅 / 生活·读书·新知三联书店 / 2018-2 / 68.00元,社会学,False
37017264,〇〇年代的想象力,https://book.douban.com/subject/37017264/,宇野常宽 / 余梦娇 / 广西师范大学出版社 / 2024-11 / 69.9,社会学,False
35593780,工作、消费主义和新穷人,https://book.douban.com/subject/35593780/,[英]齐格蒙特·鲍曼 / 郭楠 / 上海社会科学院出版社 / 2021-9 / 45.00元,社会学,False
36885786,“我们赞成差别对待”: 变成怪物的年轻一代,https://book.douban.com/subject/36885786/,[韩]吴赞镐 / 六一 / 广西师范大学出版社 / 2025-2 / 49.00元,社会学,False
37152460,自恋与服从,https://book.douban.com/subject/37152460/,[奥] 伊索尔德·沙里姆 / 桂书杰、包向飞 / 上海三联书店 / 2025-1 / 49.00,社会学,False
37157858,不确定的爱: 当代中国育儿的希望与困惑,https://book.douban.com/subject/37157858/,[美] 关宜馨 / 毛超予、安孟竹 / 上海译文出版社 / 2025-1 / 68元,社会学,False
37210309,从故事到知识: 政治社会学观察,https://book.douban.com/subject/37210309/,张静 / 东方出版中心 / 2025-2-7 / 65.00,社会学,False
37209712,与哀伤共处: 经历父母离世的年轻子女,https://book.douban.com/subject/37209712/,李昀鋆 / 广东人民出版社 / 2025-2 / 88.00元,社会学,False
1795079,乡土中国,https://book.douban.com/subject/1795079/,费孝通 / 上海人民出版社 / 2006-4 / 38.00,社会学,False
37194302,对工作说不,https://book.douban.com/subject/37194302/,(英) 大卫·弗雷恩 / 重命名小组 / 上海文艺出版社 / 2025-3 / 56元,社会学,False
36966571,蛋先生的学术生存,https://book.douban.com/subject/36966571/,施爱东 / 上海文艺出版社 / 2024-7 / 68,社会学,False
37134106,数字疾驰: 外卖骑手与平台经济的劳动秩序,https://book.douban.com/subject/37134106/,陈龙 / 上海人民出版社 / 2024-11 / 59.00,社会学,False
36955941,从提问到输出: 上野千鹤子的知识生产术,https://book.douban.com/subject/36955941/,[日] 上野千鹤子 / 曹逸冰 / 文汇出版社 / 2024-10 / 49.00元,社会学,False
26874446,社会学的想象力,https://book.douban.com/subject/26874446/,[美] 查尔斯·赖特·米尔斯、李钧鹏 闻翔 主编 / 李康 / 北京师范大学出版社 / 2017-3-2 / 48.00元,社会学,False
36849451,语言恶女: 女性如何夺回语言,https://book.douban.com/subject/36849451/,[美] 阿曼达·蒙特尔 / 李辛 / 北京联合出版公司 / 2024-6 / 62.00元,社会学,False
37019411,学术人,https://book.douban.com/subject/37019411/,[法]皮埃尔·布迪厄 / 王睿琦、钟牧辰 / 上海文艺出版社 / 2024-11 / 78.00元,社会学,False
35546622,置身事内: 中国政府与经济发展,https://book.douban.com/subject/35546622/,兰小欢 / 上海人民出版社 / 2021-8 / 65.00元,社会学,False
26171466,筚路维艰: 中国社会主义路径的五次选择,https://book.douban.com/subject/26171466/,萧冬连 / 社会科学文献出版社 / 2014-10-1 / 45.00元,社会学,False
36794613,康熙的红票: 全球化中的清朝,https://book.douban.com/subject/36794613/,孙立天 / 商务印书馆 / 2024-3 / 78,社会学,False
36831366,无退休社会,https://book.douban.com/subject/36831366/,日本《朝日新闻》采访组 / 程雨枫 / 九州出版社 / 2025-1 / 48.00元,社会学,False
36623046,我的母亲做保洁,https://book.douban.com/subject/36623046/,张小满 / 光启书局 / 2023-11 / 59.8,社会学,False
36590157,性权利：21世纪的女性主义,https://book.douban.com/subject/36590157/,[英] 埃米娅·斯里尼瓦桑 / 杨晓琼 / 上海三联书店 / 2024-1 / 68,社会学,False
37075616,危局: 精英、反精英与政治解体之路,https://book.douban.com/subject/37075616/,[美] 彼得·图尔钦 / 李艳 / 中信出版集团 / 2024-11,社会学,False
37116303,人的消逝: 从原子弹、互联网到人工智能,https://book.douban.com/subject/37116303/,熊培云 / 浙江人民出版社 / 2024-12 / 88元,社会学,False
3062632,日常生活中的自我呈现,https://book.douban.com/subject/3062632/,（美）欧文·戈夫曼 / 冯钢 / 北京大学出版社 / 2008-4-1 / 28.00元,社会学,False
35586814,精英的傲慢: 好的社会该如何定义成功？,https://book.douban.com/subject/35586814/,[美]迈克尔·桑德尔 / 曾纪茂 / 中信出版社 / 2021-9-1 / 79.00元,社会学,False
37119419,隐秘的角落,https://book.douban.com/subject/37119419/,[英] 劳拉·贝茨 / 李少波 / 译林出版社 / 2025-2 / 58.00元,社会学,False
37136336,父母格差: “拼家长”时代的冲击,https://book.douban.com/subject/37136336/,[日] 志水宏吉 / 高璐璐 / 上海译文出版社 / 2025-1-15 / 52,社会学,False
37200208,希望的力量: 美国底层青少年的困境与未来,https://book.douban.com/subject/37200208/,[美] 卡罗尔·格雷厄姆 (Carol Graham) / 祁涵 / 广东人民出版社 / 2025-1 / 68.00元,社会学,False
27101663,权力与特权: 社会分层的理论,https://book.douban.com/subject/27101663/,[美] 格尔哈特·伦斯基 / 关信平、陈宗显、谢晋宇 / 社会科学文献出版社 / 2018-1 / 92,社会学,False
36672955,我看见的世界: 李飞飞自传,https://book.douban.com/subject/36672955/,[美] 李飞飞 / 赵灿 / 中信出版集团 / 2024-4 / 85.00元,传记,False
36659710,猫鱼,https://book.douban.com/subject/36659710/,陈冲 / 上海三联书店 / 2024-6 / 168,传记,False
37142217,黄仁勋：英伟达之芯,https://book.douban.com/subject/37142217/,[美] 斯蒂芬·威特 / 周健工 / 中国财政经济出版社 / 2024-12-4 / 89.90元,传记,False
37212965,源代码: 比尔·盖茨首部自传,https://book.douban.com/subject/37212965/,[美] 比尔·盖茨 / 鲁伊 / 中信出版社 / 2025-1 / 79.00元,传记,False
36518892,埃隆·马斯克传,https://book.douban.com/subject/36518892/,[美]沃尔特·艾萨克森 / 孙思远、刘家琦 / 中信出版社 / 2023-9-12 / 90.00元,传记,False
37112070,清算已毕: 波伏瓦自传,https://book.douban.com/subject/37112070/,[法] 西蒙娜·德·波伏瓦 / 台学青 / 深圳出版社 / 2025-1-9 / 78.00元,传记,False
20424526,邓小平时代,https://book.douban.com/subject/20424526/,【美】傅高义 (Ezra.F.Vogel) / 冯克利 / 生活·读书·新知三联书店 / 2013-1-18 / 88.00元,传记,False
36930295,替补: 哈里王子自传,https://book.douban.com/subject/36930295/,(英) 哈里王子 / 李尧、陈鲁豫 / 民主与建设出版社 / 2025-1 / 108元,传记,False
37013783,三生万物,https://book.douban.com/subject/37013783/,宁高宁 / 中信出版集团 / 2024-8-30 / 88.00元,传记,False
36096300,鱼不存在,https://book.douban.com/subject/36096300/,[美] 露露·米勒 / 陈晓宇 / 湖南文艺出版社 / 2022-9 / 59.80元,传记,False
37081410,穆旦传: 新生的野力,https://book.douban.com/subject/37081410/,邹汉明 / 译林出版社 / 2025-2 / 78.00,传记,False
37183028,唐伯虎传,https://book.douban.com/subject/37183028/,孙炜 / 中信出版集团 / 2025-1-1 / 138,传记,False
37138107,英伟达之道: 黄仁勋和他的科技帝国,https://book.douban.com/subject/37138107/,［美］金泰（Tae Kim） / 董世敏、周康林 / 中信出版社 / 2025-1 / 79,传记,False
36919549,伊藤润二的漫画术: 恐怖诞生的地方,https://book.douban.com/subject/36919549/,[日] 伊藤润二 / 烨伊 / 中国友谊出版公司 / 2025-1 / 88,传记,False
37020408,颜真卿传: 时事只天知,https://book.douban.com/subject/37020408/,【日】吉川忠夫 著 / 王孙涵之 译 / 四川人民出版社 / 2024-11 / 68.00元,传记,False
26660670,人生不怕从头再来,https://book.douban.com/subject/26660670/,刘晓庆 / 长江文艺出版社 / 2015-11-1 / CNY 39.80,传记,False
37109592,張忠謀自傳（下冊）: 一九六四 ── 二〇一八,https://book.douban.com/subject/37109592/,張忠謀 / 天下文化 / 2024-11-29 / NT$750,传记,False
36207913,弗吉尼亚·伍尔夫传: 作家的一生,https://book.douban.com/subject/36207913/,[英] 林德尔·戈登 / 谢雅卿 / 上海文艺出版社 / 2024-3 / 88,传记,False
30377678,曾国藩传,https://book.douban.com/subject/30377678/,张宏杰 / 有2023年2月27印本 / 民主与建设出版社 / 2019-1 / 68.00元,传记,False
37077375,奥尔特曼传,https://book.douban.com/subject/37077375/,周恒星 / 浙江科学技术出版社 / 2024-11 / 99.90,传记,False
34996404,苏东坡新传,https://book.douban.com/subject/34996404/,李一冰 / 四川人民出版社 / 2020-7 / 168.00元,传记,False
6152040,维特根斯坦传: 天才之为责任,https://book.douban.com/subject/6152040/,[英] 瑞·蒙克 / 王宇光 / 浙江大学出版社 / 2011-6 / 79.00元,传记,False
36831435,在阿尔巴尼亚长大,https://book.douban.com/subject/36831435/,[英] 莱亚·乌皮 / 吴文权 / 上海三联书店 / 2024-9 / 58.00元,传记,False
35350092,征服市场的人: 西蒙斯传,https://book.douban.com/subject/35350092/,(美)格里高利·祖克曼 / 安昀、朱昂 / 天津科学技术出版社 / 2021-2 / 109,传记,False
36284266,史蒂夫·乔布斯传（典藏版）,https://book.douban.com/subject/36284266/,[美] 沃尔特·艾萨克森 / 赵灿 / 中信出版社 / 2023-3 / 89.00元,传记,False
35097551,人生由我,https://book.douban.com/subject/35097551/,[加] 梅耶·马斯克 / 代晓 / 中信出版集团 / 2020-6 / 59.00元,传记,False
30258976,异见时刻: “声名狼藉”的金斯伯格大法官,https://book.douban.com/subject/30258976/,[美] 伊琳·卡蒙（Irin Carmon）、[美] 莎娜·卡尼兹尼克（Shana Knizhnik） / 骆伟倩 / 湖南文艺出版社 / 2018-9 / 59.80元,传记,False
36827870,突破: 我的科学人生,https://book.douban.com/subject/36827870/,[美] 卡塔林·考里科 / 李敬、梁贵柏 / 译林出版社 / 2024-7 / 78,传记,False
27615361,昨日的世界: 一个欧洲人的回忆,https://book.douban.com/subject/27615361/,[奥] 斯特凡·茨威格 / 徐友敬 / 上海译文出版社 / 2018-7 / 49.00元,传记,False
6798611,史蒂夫·乔布斯传,https://book.douban.com/subject/6798611/,[美] 沃尔特·艾萨克森 / 管延圻、魏群、余倩、赵萌萌、汤崧 / 中信出版社 / 2011-10-24 / 68.00元,传记,False
37184247,长辈的故事,https://book.douban.com/subject/37184247/,熊景明 / 广东人民出版社 / 2025-1 / 88,传记,False
37042819,未知的爱: 伊丽莎白·毕肖普传,https://book.douban.com/subject/37042819/,[美] 托马斯·特拉维萨诺 / 杨东伟 / 南京大学出版社 / 2024-10 / 98元,传记,False
36361860,我还能看到多少次满月升起,https://book.douban.com/subject/36361860/,[日] 坂本龙一 / 白荷 / 中信出版社 / 2023-6-21 / 69.00元,传记,False
37054236,衬纸: 关于书籍、战争、逃亡与故乡的家族故事,https://book.douban.com/subject/37054236/,[美] 亚历山大·沃尔夫 / 王聪 / 人民文学出版社 / 2024-11 / 72.00元,传记,False
37054196,每条弯路都通向自我,https://book.douban.com/subject/37054196/,[英] 奥利弗·萨克斯 / 吴晓真 / 湖南文艺出版社 / 2024-10 / 62.00元,传记,False
36919976,幻想底尽头: 穆旦传,https://book.douban.com/subject/36919976/,易彬 / 上海文艺出版社 / 2025-2 / 128.00,传记,False
35317169,成为波伏瓦,https://book.douban.com/subject/35317169/,[英]凯特·柯克帕特里克 / 刘海平 / 中信出版社 / 2021-3 / 78.00,传记,False
37172672,断头王后: 玛丽·安托奈特传,https://book.douban.com/subject/37172672/,【奥】斯蒂芬·茨威格 / 钟皓楠 / 广东旅游出版社 / 2025-3 / 56.00元,传记,False
36839197,她是幸存者,https://book.douban.com/subject/36839197/,[美]格蕾丝·赵 / 陈磊 / 九州出版社 / 2024-6 / 58.00元,传记,False
36057097,小米创业思考,https://book.douban.com/subject/36057097/,雷军、徐洁云 / 中信出版社 / 2022-8-1 / 86.00元,传记,False
36953167,在曼哈顿长大: 伍迪·艾伦幽默故事集,https://book.douban.com/subject/36953167/,[美] 伍迪·艾伦 / 陈正宇 / 中信出版集团 / 2025-1,传记,False
30125030,天生有罪: 特雷弗·诺亚的变色人生,https://book.douban.com/subject/30125030/,[南非] 特雷弗·诺亚 / 董帅 / 北京联合出版公司 / 2018-2-1 / 58.00,传记,False
37131062,心灵的哲学家: 索伦·克尔凯郭尔不安的一生,https://book.douban.com/subject/37131062/,[英] 克莱尔·卡莱尔 / 马睿 / 社会科学文献出版社 / 2024-12 / 98,传记,False
27007881,乡下人的悲歌,https://book.douban.com/subject/27007881/,[美] J.D. 万斯 / 刘晓同、庄逸抒 / 江苏凤凰文艺出版社 / 2017-4 / 39.80元,传记,False
37005845,我可以近乎孤独地度过一生,https://book.douban.com/subject/37005845/,[英] 乔纳森·贝特 / 孙峰 / 九州出版社 / 2024-11 / 88.00元,传记,False
36841341,电影狂想: 昆汀·塔伦蒂诺回忆录,https://book.douban.com/subject/36841341/,[美] 昆汀·塔伦蒂诺 / 覃天、邱文浩 / 北京联合出版公司 / 2024-6-1 / 98.00元,传记,False
37105779,因为独特: 泡泡玛特创始人王宁从杂货铺到IP世界的跋涉,https://book.douban.com/subject/37105779/,李翔 / 中信出版集团 / 2024-11 / 69.00元,传记,False
37037969,阿包,https://book.douban.com/subject/37037969/,阿包 / 广东人民出版社 / 2025-1 / 48,传记,False
36545923,悲喜同源: 陈其钢自述,https://book.douban.com/subject/36545923/,陈其钢 / 生活·读书·新知三联书店 / 2023-10 / 79.00元,传记,False
25810506,史蒂夫·乔布斯传（修订版）,https://book.douban.com/subject/25810506/,[美] 沃尔特·艾萨克森 / 管延圻、魏群、余倩、赵萌萌、汤崧 / 中信出版社 / 2014-1 / 68.00元,传记,False
37045750,文化的阐释: 全新中译本,https://book.douban.com/subject/37045750/,[美] 克利福德·格尔茨 / 甘会斌、杨德睿 / 译林出版社 / 2025-1 / 108.00元,文化,False
36794613,康熙的红票: 全球化中的清朝,https://book.douban.com/subject/36794613/,孙立天 / 商务印书馆 / 2024-3 / 78,文化,False
37134066,命若朝霜: 《红楼梦》里的法律、社会与女性,https://book.douban.com/subject/37134066/,柯岚 / 广西师范大学出版社 / 2025-1 / 79,文化,False
36593622,世上为什么要有图书馆,https://book.douban.com/subject/36593622/,杨素秋 / 上海译文出版社 / 2024-1-1 / 58.00元,文化,False
37008939,古代人的梦与死,https://book.douban.com/subject/37008939/,[日]吉川忠夫 著 / 许源源 译 / 四川人民出版社 / 2025-1 / 68.00元,文化,False
37017264,〇〇年代的想象力,https://book.douban.com/subject/37017264/,宇野常宽 / 余梦娇 / 广西师范大学出版社 / 2024-11 / 69.9,文化,False
37005453,秦汉史讲义,https://book.douban.com/subject/37005453/,秦晖 / 山西人民出版社 / 2024-11 / 138.00元,文化,False
37119422,女性卫生用品的社会史,https://book.douban.com/subject/37119422/,[日] 田中光 / 曹逸冰 / 湖南文艺出版社 / 2025-1 / 58,文化,False
37116303,人的消逝: 从原子弹、互联网到人工智能,https://book.douban.com/subject/37116303/,熊培云 / 浙江人民出版社 / 2024-12 / 88元,文化,False
37136313,古埃及文明,https://book.douban.com/subject/37136313/,金寿福 / 湖南美术出版社 / 2025-1 / 108.00元,文化,False
36930643,大众文化的女性主义指南,https://book.douban.com/subject/36930643/,[韩] 孙希定 [韩] 林允玉 [韩] 金智惠 编、[韩] 崔至恩 等著 / 田禾子 / 广西师范大学出版社 / 2024-9 / 59.80元,文化,False
37152594,从卫生巾到节育环: 20个物品见证女性主义200年,https://book.douban.com/subject/37152594/,玛蒂尔德·拉雷尔 / 樊艳梅 / 贵州人民出版社 / 2025-1 / 59.9元,文化,False
36911259,大礼议: 嘉靖帝的礼制改革与皇权重塑,https://book.douban.com/subject/36911259/,尤淑君 / 广东人民出版社 / 2025-1-1 / 98.00,文化,False
37155522,浮世长安: 唐代的民俗与人文,https://book.douban.com/subject/37155522/,程蔷、董乃斌 / 北京联合出版公司 / 2025-1 / 128元,文化,False
37212451,旧物录: 85个消亡之物的故事,https://book.douban.com/subject/37212451/,[英]芭芭拉·彭纳 等 / 丁宇岚 / 中国友谊出版公司 / 2025-2 / 98.00元,文化,False
37098036,臆造南洋: 马来半岛的神鬼人兽,https://book.douban.com/subject/37098036/,莫家浩 / 东方出版中心 / 2025-1 / 58.00,文化,False
37173809,穿墙透壁: 剖视中国经典古建筑,https://book.douban.com/subject/37173809/,李乾朗 / 北京日报出版社 / 2024-12 / 248,文化,False
37096858,希腊别传,https://book.douban.com/subject/37096858/,陈嘉映 / 广西师范大学出版社 / 2025-1 / 52.00元,文化,False
37104286,信仰与利益之网: 僧侣、海商与中日交流,https://book.douban.com/subject/37104286/,李怡文 / 冯立君、傅亭瑄 / 北京大学出版社 / 2025-1-1 / 80.0,文化,False
36982719,中国文化的展望,https://book.douban.com/subject/36982719/,殷海光 / 民主与建设出版社 / 2024-9 / 138元,文化,False
36626767,古罗马人生活图典,https://book.douban.com/subject/36626767/,[美] 哈罗德·惠特斯通·约翰斯顿 / 黄瑶 / 四川人民出版社 / 2025-1 / 88.00,文化,False
37103197,人生解忧: 佛学入门四十讲,https://book.douban.com/subject/37103197/,成庆 / 上海三联书店 / 2024-11 / 98.00,文化,False
37022123,血与蜜之地: 穿越巴尔干的旅程,https://book.douban.com/subject/37022123/,刘子超 / 文汇出版社 / 2024-10 / 79.00元,文化,False
36328704,太白金星有点烦,https://book.douban.com/subject/36328704/,马伯庸 / 湖南文艺出版社 / 2023-6 / 45.00,文化,False
26021455,中国古代文化常识（插图修订第4版）: 插图修订第4版,https://book.douban.com/subject/26021455/,王力 主编、马汉麟 等执笔、姜亮夫 叶圣陶 等审校、刘乐园 修订 / 北京联合出版公司 / 2014-11 / 60.00元,文化,False
36926388,道德经: 帛书版·全注全译全解,https://book.douban.com/subject/36926388/,[春秋]老子 著、秦复观 注解 / 三秦出版社 / 2024-6-12 / 99,文化,False
36331621,格外的活法,https://book.douban.com/subject/36331621/,[日] 吉井忍 / 文汇出版社 / 2025-2 / 79.00元,文化,False
37241989,中国的十个名字,https://book.douban.com/subject/37241989/,郑子宁 / 海峡书局 / 2025-3 / 58.00,文化,False
36849451,语言恶女: 女性如何夺回语言,https://book.douban.com/subject/36849451/,[美] 阿曼达·蒙特尔 / 李辛 / 北京联合出版公司 / 2024-6 / 62.00元,文化,False
36978314,不被大风吹倒,https://book.douban.com/subject/36978314/,莫言 / 北京日报出版社 / 2024-10 / 50.00元,文化,False
37109552,万里长江五千年,https://book.douban.com/subject/37109552/,锦公子 / 新世界出版社 / 2024-11 / 168.00元,文化,False
36826796,君幸食: 一场贯穿古今的中餐盛宴,https://book.douban.com/subject/36826796/,[英] 扶霞·邓洛普 / 何雨珈 / 上海译文出版社 / 2024-5 / 68.00元,文化,False
37054236,衬纸: 关于书籍、战争、逃亡与故乡的家族故事,https://book.douban.com/subject/37054236/,[美] 亚历山大·沃尔夫 / 王聪 / 人民文学出版社 / 2024-11 / 72.00元,文化,False
25887924,卡拉马佐夫兄弟,https://book.douban.com/subject/25887924/,陀思妥耶夫斯基 (Ф.М.Достоевский) / 荣如德 / 上海译文出版社 / 2015-2-1 / CNY 78.00,文化,False
36981914,前浪后浪: 近代中国知识分子的精神世界,https://book.douban.com/subject/36981914/,许纪霖 / 上海三联书店 / 2025-1 / 88.00元,文化,False
37212731,通勤梦魇: 东京地铁与机器的人类学,https://book.douban.com/subject/37212731/,迈克尔·菲什 / 孟超、桑元峰 / 上海人民出版社 / 2025-1 / 69.00,文化,False
37167999,跟着人类学家漫游: 探寻“边缘”文明,https://book.douban.com/subject/37167999/,［加］韦德·戴维斯 / 高伟豪 / 四川人民出版社 / 2025-2 / 49.80元,文化,False
37106163,美国路人,https://book.douban.com/subject/37106163/,刘骁骞 / 新星出版社 / 2025-2 / 69.00元,文化,False
37269364,面向未来的研学: 以广东文博资源研学为例,https://book.douban.com/subject/37269364/,广东省博物馆协会 / 广东人民出版社 / 88.00,文化,False
36672955,我看见的世界: 李飞飞自传,https://book.douban.com/subject/36672955/,[美] 李飞飞 / 赵灿 / 中信出版集团 / 2024-4 / 85.00元,文化,False
36931107,动物化的后现代: 从御宅族透析消费社会,https://book.douban.com/subject/36931107/,[日] 东浩纪 / 褚炫初 / 上海人民出版社 / 2024-9-30 / 59.00元,文化,False
37076175,看不见的中东: 深入日常生活的中东之旅,https://book.douban.com/subject/37076175/,姚璐 / 民主与建设出版社 / 2024-11 / 79.00元,文化,False
36839137,人类新史: 一次改写人类命运的尝试,https://book.douban.com/subject/36839137/,[美] 大卫·格雷伯、[英] 大卫·温格罗 / 张帆、张雨欣 / 九州出版社 / 2024-9 / 128.00元,文化,False
36096304,翦商: 殷周之变与华夏新生,https://book.douban.com/subject/36096304/,李硕 / 广西师范大学出版社 / 2022-10 / 99.00元,文化,False
27608078,图说敦煌二五四窟,https://book.douban.com/subject/27608078/,陈海涛、陈琦 / 生活·读书·新知三联书店 / 2017-11 / 96.00元,文化,False
35170896,平面国: 多维空间传奇往事,https://book.douban.com/subject/35170896/,[英] 埃德温·A.艾勃特 / 鲁冬旭 / 上海文化出版社 / 2020-8 / 39.80元,文化,False
37156559,扔掉水晶鞋: 从动画开始的性别学,https://book.douban.com/subject/37156559/,(日) 若桑绿 / 董纾含 / 北京联合出版公司 / 2025-2 / 55元,文化,False
37100473,宋朝的祛魅,https://book.douban.com/subject/37100473/,吴铮强 / 四川人民出版社 / 2025-1 / 68元,文化,False
36967783,欲望的先知: 与勒内·基拉尔对话,https://book.douban.com/subject/36967783/,(法) 勒内·基拉尔 / 钱家音 / 南京大学出版社 / 2025-3-1 / 88.00,文化,False
36723153,南京味道,https://book.douban.com/subject/36723153/,余斌 / 译林出版社 / 2025-3 / 59,文化,False
37155684,著名的无名者,https://book.douban.com/subject/37155684/,[法] 玛丽-伊莎贝尔·塔代伊 / 狄佳 / 四川美术出版社 / 2025-1-31 / 158.00元,艺术,False
3162991,艺术的故事,https://book.douban.com/subject/3162991/,[英] 贡布里希 (Sir E.H.Gombrich) / 范景中、杨成凯 / 广西美术出版社 / 2008-04 / 280.00,艺术,False
36769664,画作的诞生: 近代早期欧洲的元绘画,https://book.douban.com/subject/36769664/,[罗] 维克多·斯托伊奇塔 / 钱文逸 / 华东师范大学出版社 / 2025-1 / 199.80,艺术,False
37156716,中国绘画: 元至清,https://book.douban.com/subject/37156716/,[美] 巫鸿 / 上海人民出版社 / 2025-3 / 168.00,艺术,False
36412957,这世间一切的美: 我在大都会艺术博物馆的十年,https://book.douban.com/subject/36412957/,[美] 帕特里克·布林利 / 李永学 / 中信出版集团 / 2025-1-1,艺术,False
26854318,现代艺术150年: 一个未完成的故事,https://book.douban.com/subject/26854318/,[英] 威尔·贡培兹 / 王烁、王同乐 / 广西师范大学出版社 / 2017-3 / 65.00元,艺术,False
37184166,安岳,https://book.douban.com/subject/37184166/,王南、袁进钊 / 四川美术出版社 / 2024-12 / 128,艺术,False
36919549,伊藤润二的漫画术: 恐怖诞生的地方,https://book.douban.com/subject/36919549/,[日] 伊藤润二 / 烨伊 / 中国友谊出版公司 / 2025-1 / 88,艺术,False
36361913,色彩: 颜色如何改变我们的视觉,https://book.douban.com/subject/36361913/,[意] 里卡尔多·法尔奇内利 / 李思佳 / 贵州人民出版社 / 2023-5 / 178,艺术,False
37180507,艺术与文明 Ⅰ: 西方美术史讲稿：原始艺术—文艺复兴初期艺术,https://book.douban.com/subject/37180507/,范景中 / 上海书画出版社 / 2025-1 / 168.00元,艺术,False
36784975,天人之际: 考古美术视野中的山水,https://book.douban.com/subject/36784975/,[美] 巫鸿 / 生活·读书·新知三联书店 / 2024-4 / 168.00元,艺术,False
37173809,穿墙透壁: 剖视中国经典古建筑,https://book.douban.com/subject/37173809/,李乾朗 / 北京日报出版社 / 2024-12 / 248,艺术,False
36638490,谜: 里赫特,https://book.douban.com/subject/36638490/,[法]布鲁诺·蒙桑容 编著 / 李元志 / 广西师范大学出版社 / 2024-3-1 / 148.00,艺术,False
27608078,图说敦煌二五四窟,https://book.douban.com/subject/27608078/,陈海涛、陈琦 / 生活·读书·新知三联书店 / 2017-11 / 96.00元,艺术,False
37096828,皮格马利翁效应: 从奥维德到希区柯克,https://book.douban.com/subject/37096828/,[瑞士]维克多·I. 斯托伊奇塔 / 陈缪男奇、潘靖之 / 上海文艺出版社 / 2025-1 / 78.00,艺术,False
36330464,图像: 从文艺复兴到社交媒体,https://book.douban.com/subject/36330464/,[意] 里卡尔多·法尔奇内利 / 狄佳 / 贵州人民出版社 / 2023-5-10 / 198,艺术,False
36799358,回音室: 1897—1935年跨国的中国画,https://book.douban.com/subject/36799358/,[英] 柯律格 / 梁霄 / 上海人民出版社 / 2024-5 / 118,艺术,False
36790192,可以阅读的图像,https://book.douban.com/subject/36790192/,[阿根廷] 阿尔维托·曼古埃尔 / 孙淼 / 上海文化出版社 / 2024-8 / 108,艺术,False
36679035,街头诗人: 薇薇安·迈尔的摄影人生,https://book.douban.com/subject/36679035/,[美] 薇薇安·迈尔 / 摄、[美] 科林 ·韦斯特贝克 / 文 / 李鑫 / 北京联合出版公司 / 2024-2 / 298.00元,艺术,False
36934942,偶遇: 在漫游中感知艺术,https://book.douban.com/subject/36934942/,[美] 巫鸿 / 上海三联书店 / 2024-9 / 198.00元,艺术,False
37070642,美的，艺术的,https://book.douban.com/subject/37070642/,【美】伊丽莎白·普雷特约翰 / 吕佳惠 / 四川美术出版社 / 2024-12-30 / 158.00元,艺术,False
36953530,造梦的人: 今 敏画集,https://book.douban.com/subject/36953530/,[日] 今敏 / 陈文娟 / 岭南美术出版社 / 2024-9 / 108.00元,艺术,False
36903519,阅读不息,https://book.douban.com/subject/36903519/,[日] 坂本龙一 / 白荷 / 湖南文艺出版社 / 2024-11 / 69.00元,艺术,False
37163667,货郎图: 小商贩肩挑大历史,https://book.douban.com/subject/37163667/,黄小峰 / 河南美术出版社 / 2025-1 / 88.00元,艺术,False
37192262,春风最随美人意: 王帅读画,https://book.douban.com/subject/37192262/,王帅 / 广西师范大学出版社 / 2025-1 / 78.00,艺术,False
37212451,旧物录: 85个消亡之物的故事,https://book.douban.com/subject/37212451/,[英]芭芭拉·彭纳 等 / 丁宇岚 / 中国友谊出版公司 / 2025-2 / 98.00元,艺术,False
37129165,如何阅读一棵树: 探寻树木的生命密语,https://book.douban.com/subject/37129165/,[英]特里斯坦·古利 / 四木 / 上海社会科学院出版社 / 2025-3 / 69.8,艺术,False
36743908,詹姆斯·卡梅隆: 我是如何拍电影的,https://book.douban.com/subject/36743908/,[加] 詹姆斯·卡梅隆 / 电子骑士 / 金城出版社、西苑出版社 / 2024-9 / 228,艺术,False
36780608,屏幕上的受苦者,https://book.douban.com/subject/36780608/,[德] 黑特·史德耶尔（Hito Steyerl） / 乌兰托雅 / 上海人民出版社 / 2024-3-30 / 48,艺术,False
26417490,写给大家的西方美术史,https://book.douban.com/subject/26417490/,蒋勋 / 2015年7月第3版 有2021年8月59印本 / 湖南美术出版社 / 2015-7 / CNY 68.00,艺术,False
34988578,细节: 一部离作品更近的绘画史,https://book.douban.com/subject/34988578/,[法] 达尼埃尔·阿拉斯 / 马跃溪、李军 审校 / 生活·读书·新知三联书店 / 2023-10 / 268.00元,艺术,False
35747488,大话中国艺术史,https://book.douban.com/subject/35747488/,意公子 / 有2022年4月2印本 / 海南出版社 / 2022-2 / 118.00,艺术,False
36687165,发现可爱: 原田治作品集,https://book.douban.com/subject/36687165/,[日]原田治 / 唐诗 / 光启书局 / 2024-5 / 179,艺术,False
36391807,中国绘画: 五代至南宋,https://book.douban.com/subject/36391807/,[美]巫鸿 / 上海人民出版社 / 2023-6 / 128,艺术,False
36733944,格里格外,https://book.douban.com/subject/36733944/,天然 / 湖南文艺出版社 / 2024-2 / 118.00元,艺术,False
36388114,十月: 第二个十年，1986—1996,https://book.douban.com/subject/36388114/,[美]罗莎琳·克劳斯、[美]安妮特·米切尔森、[美]伊夫-阿兰·博瓦、等、西尔维娅·科尔博斯基、丹尼斯·霍利尔、哈尔·福斯特、本雅明·H.D.布赫洛 / 周彦华 / 南京大学出版社 / 2025-1 / 158,艺术,False
36832265,伦勃朗的眼睛: 天才与他的时代,https://book.douban.com/subject/36832265/,[英] 西蒙·沙玛 / 黄格勉、林晓筱 / 上海三联书店 / 2024-5 / 298.00元,艺术,False
37027229,绘画中的真理,https://book.douban.com/subject/37027229/,[法]雅克·德里达 / 魏柯玲 / 上海文艺出版社 / 2024-10 / 88.00元,艺术,False
37151929,改变艺术的31种凝视,https://book.douban.com/subject/37151929/,[英] 威尔·贡培兹 / 谭斯萌 / 上海三联书店 / 2024-12 / 88.00元,艺术,False
36906319,美的历程,https://book.douban.com/subject/36906319/,李泽厚 / 岳麓书社 / 2024-6 / 65元,艺术,False
37090528,藩屏: 明代藩王的艺术与权力,https://book.douban.com/subject/37090528/,[英] 柯律格 / 黄晓鹃 / 上海人民出版社 / 2025-3 / 108.00,艺术,False
37042947,特吕弗的电影课,https://book.douban.com/subject/37042947/,[法] 让·科莱、[法] 杰罗姆·普里尔、[法] 若泽·玛丽亚·贝尔佐萨 采访、[法] 贝尔纳·巴斯迪德 编订 / 夏燕 / 上海文艺出版社 / 2025-1 / 118,艺术,False
37203802,制作: 人类学、考古学、艺术学和建筑学,https://book.douban.com/subject/37203802/,蒂姆·英戈尔德 / 朱怡芳 / 江苏凤凰美术出版社 / 2025-1-1 / 98.00元,艺术,False
37173892,绘画、色彩与光线,https://book.douban.com/subject/37173892/,[法] 伊夫·博纳富瓦 / 唐毅 / 广西师范大学出版社 / 2025-2 / 68.00,艺术,False
37186592,乔治·德·拉图尔,https://book.douban.com/subject/37186592/,[法] 帕斯卡·基尼亚尔 / 王明睿 / 南京大学出版社 / 2025-3 / 66,艺术,False
4282084,论摄影: 插图珍藏本,https://book.douban.com/subject/4282084/,[美] 苏珊·桑塔格 / 黄灿然 / 上海译文出版社 / 2010-5 / 38.00元,艺术,False
36967682,大卫·霍克尼眼中的世界,https://book.douban.com/subject/36967682/,大卫·霍克尼 / 刁卓、万木春 / 浙江人民美术出版社 / 2024-6-30 / 88,艺术,False
36986595,银盐落定: 上海 2001—2010,https://book.douban.com/subject/36986595/,朱浩、btr / 上海人民美术出版社 / 2025-1 / 168.00元,艺术,False
37096344,人体结构绘画重点: 390个人体绘画诀窍,https://book.douban.com/subject/37096344/,崔元喜 / 高莹 / 北京科学技术出版社 / 2024-10-1 / 128,艺术,False
37143593,秘密缪斯,https://book.douban.com/subject/37143593/,[意] 劳蕾塔·科隆内利 / 狄佳 / 北京联合出版公司 / 2025-2-28 / 138.00元,艺术,False
36593622,世上为什么要有图书馆,https://book.douban.com/subject/36593622/,杨素秋 / 上海译文出版社 / 2024-1-1 / 58.00元,社会,False
37001305,智人之上: 从石器时代到AI时代的信息网络简史,https://book.douban.com/subject/37001305/,[以色列] 尤瓦尔·赫拉利 / 林俊宏 / 中信出版社 / 2024-9 / 79.00元,社会,False
35546622,置身事内: 中国政府与经济发展,https://book.douban.com/subject/35546622/,兰小欢 / 上海人民出版社 / 2021-8 / 65.00元,社会,False
30122152,小镇喧嚣: 一个乡镇政治运作的演绎与阐释,https://book.douban.com/subject/30122152/,吴毅 / 生活·读书·新知三联书店 / 2018-2 / 68.00元,社会,False
37119422,女性卫生用品的社会史,https://book.douban.com/subject/37119422/,[日] 田中光 / 曹逸冰 / 湖南文艺出版社 / 2025-1 / 58,社会,False
36985251,过渡劳动: 平台经济下的外卖骑手,https://book.douban.com/subject/36985251/,孙萍 / 华东师范大学出版社 / 2024-7 / 98.00元,社会,False
37134066,命若朝霜: 《红楼梦》里的法律、社会与女性,https://book.douban.com/subject/37134066/,柯岚 / 广西师范大学出版社 / 2025-1 / 79,社会,False
36743030,恶女的告白,https://book.douban.com/subject/36743030/,[日] 叶真中显 / 吴曦 / 中国友谊出版公司 / 2024-9 / 55.00元,社会,False
36794613,康熙的红票: 全球化中的清朝,https://book.douban.com/subject/36794613/,孙立天 / 商务印书馆 / 2024-3 / 78,社会,False
36930643,大众文化的女性主义指南,https://book.douban.com/subject/36930643/,[韩] 孙希定 [韩] 林允玉 [韩] 金智惠 编、[韩] 崔至恩 等著 / 田禾子 / 广西师范大学出版社 / 2024-9 / 59.80元,社会,False
36623046,我的母亲做保洁,https://book.douban.com/subject/36623046/,张小满 / 光启书局 / 2023-11 / 59.8,社会,False
35534519,素食者,https://book.douban.com/subject/35534519/,[韩] 韩江 / 胡椒筒 / 四川文艺出版社 / 2021-9 / 48,社会,False
36104107,长安的荔枝,https://book.douban.com/subject/36104107/,马伯庸 / 湖南文艺出版社 / 2022-10 / 45.00元,社会,False
37030943,见树又见林: 社会学作为生活、实践与承诺,https://book.douban.com/subject/37030943/,[美] 艾伦·G.约翰逊 / 左安浦 / 北京联合出版公司 / 2024-12 / 62.00元,社会,False
37005453,秦汉史讲义,https://book.douban.com/subject/37005453/,秦晖 / 山西人民出版社 / 2024-11 / 138.00元,社会,False
10587755,以利为利: 财政关系与地方政府行为,https://book.douban.com/subject/10587755/,周飞舟 / 上海三联书店 / 2012-2-1 / 35.00元,社会,False
36150423,我在北京送快递,https://book.douban.com/subject/36150423/,胡安焉 / 湖南文艺出版社 / 2023-3 / 56.00元,社会,False
36331621,格外的活法,https://book.douban.com/subject/36331621/,[日] 吉井忍 / 文汇出版社 / 2025-2 / 79.00元,社会,False
37075616,危局: 精英、反精英与政治解体之路,https://book.douban.com/subject/37075616/,[美] 彼得·图尔钦 / 李艳 / 中信出版集团 / 2024-11,社会,False
1795079,乡土中国,https://book.douban.com/subject/1795079/,费孝通 / 上海人民出版社 / 2006-4 / 38.00,社会,False
37017264,〇〇年代的想象力,https://book.douban.com/subject/37017264/,宇野常宽 / 余梦娇 / 广西师范大学出版社 / 2024-11 / 69.9,社会,False
36971687,性别打结,https://book.douban.com/subject/36971687/,[美] 艾伦·约翰逊 / 杨晓琼 / 中信出版社 / 2024-10 / 88.00元,社会,False
37173169,预测之书,https://book.douban.com/subject/37173169/,罗振宇（编著） / 新星出版社 / 2025-2 / 118,社会,False
37022123,血与蜜之地: 穿越巴尔干的旅程,https://book.douban.com/subject/37022123/,刘子超 / 文汇出版社 / 2024-10 / 79.00元,社会,False
36897362,我用中文做了场梦,https://book.douban.com/subject/36897362/,[意] 亚历（Alessandro Ceschi） / 文汇出版社 / 2024-7 / 69.00元,社会,False
35031587,绝叫,https://book.douban.com/subject/35031587/,[日] 叶真中显 / 林佩瑾 / 北京联合出版公司 / 2020-7 / 58.00元,社会,False
35532047,基层女性,https://book.douban.com/subject/35532047/,王慧玲 / 中国友谊出版公司 / 2021-8 / 49.80元,社会,False
34998019,秋园,https://book.douban.com/subject/34998019/,杨本芬 / 北京联合出版公司 / 2020-6 / 38.00元,社会,False
36956148,团圆记,https://book.douban.com/subject/36956148/,杨云苏 / 浙江文艺出版社 / 2024-7-15 / 58,社会,False
37106163,美国路人,https://book.douban.com/subject/37106163/,刘骁骞 / 新星出版社 / 2025-2 / 69.00元,社会,False
37116303,人的消逝: 从原子弹、互联网到人工智能,https://book.douban.com/subject/37116303/,熊培云 / 浙江人民出版社 / 2024-12 / 88元,社会,False
37013895,冲突: 从“未开社会”到现代社会的人类学研究,https://book.douban.com/subject/37013895/,[日] 栗本英世 / 旦却加 / 九州出版社 / 2024-12 / 48.00,社会,False
36914683,逃走的人,https://book.douban.com/subject/36914683/,李颖迪 / 文汇出版社 / 2024-8-1 / 59,社会,False
37043556,她们走上法庭,https://book.douban.com/subject/37043556/,蔡寞琰 / 金城出版社、西苑出版社 / 2024-10 / 49.80元,社会,False
1054917,沧浪之水,https://book.douban.com/subject/1054917/,阎真 / 人民文学出版社 / 2001-10 / 26.00元,社会,False
36721763,暗处的女儿,https://book.douban.com/subject/36721763/,[意大利] 埃莱娜·费兰特 / 陈英、王彦丁、黄语瞳 / 人民文学出版社 / 2024-4 / 45.00,社会,False
25836270,厌女: 日本的女性嫌恶,https://book.douban.com/subject/25836270/,上野千鹤子 / 王兰 / 上海三联书店 / 2015-1 / 28.00元,社会,False
26171466,筚路维艰: 中国社会主义路径的五次选择,https://book.douban.com/subject/26171466/,萧冬连 / 社会科学文献出版社 / 2014-10-1 / 45.00元,社会,False
37076175,看不见的中东: 深入日常生活的中东之旅,https://book.douban.com/subject/37076175/,姚璐 / 民主与建设出版社 / 2024-11 / 79.00元,社会,False
36096287,东京八平米: Tokyo's Downsized Dwelling,https://book.douban.com/subject/36096287/,[日]吉井忍 / 上海三联书店 / 2023-1 / 79.00元,社会,False
35942057,看不见的女性,https://book.douban.com/subject/35942057/,卡罗琳·克里亚多·佩雷斯 / 詹涓 / 新星出版社 / 2022-8 / 69.00元,社会,False
36854731,重组与突破,https://book.douban.com/subject/36854731/,黄奇帆 / 中信出版集团 / 2024-4 / 88.00元,社会,False
37060030,再造乡土: 1945年后法国农村社会的衰落与重生,https://book.douban.com/subject/37060030/,[美] 萨拉·法默 / 叶藏 / 广西师范大学出版社 / 2024-11 / 79.20元,社会,False
36328704,太白金星有点烦,https://book.douban.com/subject/36328704/,马伯庸 / 湖南文艺出版社 / 2023-6 / 45.00,社会,False
36698279,服美役: 美是如何奴役和消费女性的,https://book.douban.com/subject/36698279/,[意]毛拉·甘奇塔诺 / 张亦非 / 北京联合出版公司 / 2024-2 / 59.80,社会,False
36962267,失控的照护,https://book.douban.com/subject/36962267/,[日] 叶真中显 / 代珂 / 四川文艺出版社 / 2024-8-26 / 55.00元,社会,False
36062390,一句顶一万句,https://book.douban.com/subject/36062390/,刘震云 / 花城出版社 / 2022-8 / 68.00元,社会,False
37138339,法庭上的妇女: 晚清民国的婚姻与一夫一妻制,https://book.douban.com/subject/37138339/,[美] 陈美凤 / 赵珊 / 广西师范大学出版社 / 2025-2 / 89,社会,False
26901114,中国国家治理的制度逻辑: 一个组织学研究,https://book.douban.com/subject/26901114/,周雪光 / 生活·读书·新知三联书店 / 2017-3-1 / 45.00,社会,False
30441554,六论自发性: 自主、尊严，以及有意义的工作和游戏,https://book.douban.com/subject/30441554/,[美] 詹姆斯·C. 斯科特 / 袁子奇 / 社会科学文献出版社 / 2019-4 / 58.00元,社会,False
37172472,混搭的承诺: 现代政治观念史40讲,https://book.douban.com/subject/37172472/,任剑涛 / 云南人民出版社 / 2025-2 / 108.00,政治,False
37005453,秦汉史讲义,https://book.douban.com/subject/37005453/,秦晖 / 山西人民出版社 / 2024-11 / 138.00元,政治,False
35546622,置身事内: 中国政府与经济发展,https://book.douban.com/subject/35546622/,兰小欢 / 上海人民出版社 / 2021-8 / 65.00元,政治,False
26171466,筚路维艰: 中国社会主义路径的五次选择,https://book.douban.com/subject/26171466/,萧冬连 / 社会科学文献出版社 / 2014-10-1 / 45.00元,政治,False
26388427,国家为什么会失败,https://book.douban.com/subject/26388427/,[美] 德隆·阿西莫格鲁、[美] 詹姆斯·罗宾逊 / 李增刚 / 湖南科学技术出版社 / 2015-6 / CNY 75.00,政治,False
36939802,当代中国政府与政治（第二版）,https://book.douban.com/subject/36939802/,景跃进 主编、陈明明 主编、肖滨 主编 / 中国人民大学出版社 / 2024-6 / 68.00元,政治,False
26901114,中国国家治理的制度逻辑: 一个组织学研究,https://book.douban.com/subject/26901114/,周雪光 / 生活·读书·新知三联书店 / 2017-3-1 / 45.00,政治,False
10587755,以利为利: 财政关系与地方政府行为,https://book.douban.com/subject/10587755/,周飞舟 / 上海三联书店 / 2012-2-1 / 35.00元,政治,False
37075616,危局: 精英、反精英与政治解体之路,https://book.douban.com/subject/37075616/,[美] 彼得·图尔钦 / 李艳 / 中信出版集团 / 2024-11,政治,False
36792415,中国历代政治得失,https://book.douban.com/subject/36792415/,钱穆 / 岳麓书社 / 2024-3 / 39.8,政治,False
35819419,可能性的艺术: 比较政治学30讲,https://book.douban.com/subject/35819419/,刘瑜 / 广西师范大学出版社 / 2022-4 / 82.00元,政治,False
30122152,小镇喧嚣: 一个乡镇政治运作的演绎与阐释,https://book.douban.com/subject/30122152/,吴毅 / 生活·读书·新知三联书店 / 2018-2 / 68.00元,政治,False
36794613,康熙的红票: 全球化中的清朝,https://book.douban.com/subject/36794613/,孙立天 / 商务印书馆 / 2024-3 / 78,政治,False
36946631,美国困局: “新右翼”的兴起与挑战,https://book.douban.com/subject/36946631/,强舸 / 中国人民大学出版社 / 2024-6,政治,False
26413154,李光耀观天下,https://book.douban.com/subject/26413154/,李光耀 / 北京大学出版社 / 2015-6 / 58.00元,政治,False
37182540,熙丰残照: 北宋中期的改革,https://book.douban.com/subject/37182540/,萧瀚 / 广西师范大学出版社 / 2025-1 / 98,政治,False
27120243,转型中的地方政府（第二版）: 官员激励与治理,https://book.douban.com/subject/27120243/,周黎安 / 格致出版社  上海三联书店   上海人民出版社 / 2017-8 / 78.00元,政治,False
26658395,政治学通识,https://book.douban.com/subject/26658395/,包刚升 / 有2017年11月5印本 / 北京大学出版社 / 2015-11 / 49.00元,政治,False
1139360,毛泽东选集: 第一卷,https://book.douban.com/subject/1139360/,毛泽东 / 人民出版社 / 1991-6 / 40.00元,政治,False
36911259,大礼议: 嘉靖帝的礼制改革与皇权重塑,https://book.douban.com/subject/36911259/,尤淑君 / 广东人民出版社 / 2025-1-1 / 98.00,政治,False
20424526,邓小平时代,https://book.douban.com/subject/20424526/,【美】傅高义 (Ezra.F.Vogel) / 冯克利 / 生活·读书·新知三联书店 / 2013-1-18 / 88.00元,政治,False
37180083,想象中的政治: 政治学和政治剧的解读,https://book.douban.com/subject/37180083/,[英] 斯蒂芬·本尼迪克特·戴森 / 刘莹 / 上海人民出版社 / 2025-1 / 69,政治,False
4908879,动物农场,https://book.douban.com/subject/4908879/,[英]乔治·奥威尔 / 荣如德、董乐山 / 上海译文出版社 / 2010-9 / 22.00元,政治,False
35684418,寡头统治铁律: 现代民主体制中的政党社会学,https://book.douban.com/subject/35684418/,[德]罗伯特·米歇尔斯 / 杨军、陈秋丰 / 浙江人民出版社 / 2022-3 / 98元,政治,False
36104107,长安的荔枝,https://book.douban.com/subject/36104107/,马伯庸 / 湖南文艺出版社 / 2022-10 / 45.00元,政治,False
10434849,中国历代政治得失,https://book.douban.com/subject/10434849/,钱穆 / 九州出版社 / 2012-2-1 / 16.00元,政治,False
36854731,重组与突破,https://book.douban.com/subject/36854731/,黄奇帆 / 中信出版集团 / 2024-4 / 88.00元,政治,False
36586444,共产党宣言,https://book.douban.com/subject/36586444/,卡尔·马克思、弗里德里希·恩格斯 / 陈望道 / 中国民主法制出版社 / 2022-11 / 58.00元,政治,False
36792134,包刚升政治学讲义,https://book.douban.com/subject/36792134/,包刚升 / 新星出版社 / 2024-3 / 69,政治,False
36593622,世上为什么要有图书馆,https://book.douban.com/subject/36593622/,杨素秋 / 上海译文出版社 / 2024-1-1 / 58.00元,政治,False
25881102,独裁者手册: 为什么坏行为几乎总是好政治,https://book.douban.com/subject/25881102/,[美] 布鲁诺·德·梅斯奎塔、[美] 阿拉斯泰尔·史密斯 / 骆伟阳 / 江苏文艺出版社 / 2014-5 / CNY 42.00,政治,False
26925171,大明王朝1566,https://book.douban.com/subject/26925171/,刘和平 / 花城出版社 / 2016-7 / 88.00元,政治,False
36699839,三国前夜: 士大夫政治与东汉皇权的崩解,https://book.douban.com/subject/36699839/,张向荣 / 上海人民出版社 / 2024-6 / 89.80元,政治,False
10758290,东晋门阀政治,https://book.douban.com/subject/10758290/,田余庆 / 北京大学出版社 / 2012-5 / 49.00元,政治,False
36594961,明代国家权力结构及运行机制,https://book.douban.com/subject/36594961/,方志远 / 广西师范大学出版社 / 2024-3 / 118,政治,False
37238833,战争与财政: 财政视角下的地缘政治与国家兴衰,https://book.douban.com/subject/37238833/,徐一睿 / 浙江人民出版社 / 2025-2,政治,False
36580742,新镀金时代,https://book.douban.com/subject/36580742/,[英] 詹姆斯·克拉布特里 / 邢玮 / 南海出版公司 / 2024-1 / 79,政治,False
27607225,命运: 文在寅自传,https://book.douban.com/subject/27607225/,[韩] 文在寅 / 王萌 / 江苏凤凰文艺出版社 / 2017-12 / 59.80元,政治,False
26762440,权力结构、政治激励和经济增长: 基于浙江民营经济发展经验的政治经济学分析,https://book.douban.com/subject/26762440/,章奇、刘明兴 / 格致出版社、上海三联书店、上海人民出版社 / 2016-3 / 59.00元,政治,False
36428707,利益的天平: 制宪者的“政变”与美国宪法的制定,https://book.douban.com/subject/36428707/,[法]迈克尔·J.克拉曼（Michael J. Klarman） / 胡晓进 / 山西人民出版社 / 2024-6 / 348.00元,政治,False
36819363,大国的命运: 从政治危机到国家现代化,https://book.douban.com/subject/36819363/,包刚升 / 浙江人民出版社 / 2024-6 / 98,政治,False
6879362,商君书,https://book.douban.com/subject/6879362/,石磊 译注 / 中华书局 / 2022-12-30 / 14.00元,政治,False
35886397,县乡中国: 县域治理现代化,https://book.douban.com/subject/35886397/,杨华 / 中国人民大学出版社 / 2022-4 / 69.00元,政治,False
37045744,国家如何思考: 对外政策中的理性,https://book.douban.com/subject/37045744/,[美] 约翰·J.米尔斯海默、[美] 塞巴斯蒂安·罗萨托 / 任月园 / 中信出版集团 / 2024-11 / 88.00,政治,False
37096844,中国的现代化: 1850年以来的历史轨迹,https://book.douban.com/subject/37096844/,李怀印 / 广西师范大学出版社 / 2025-1 / 89,政治,False
36831435,在阿尔巴尼亚长大,https://book.douban.com/subject/36831435/,[英] 莱亚·乌皮 / 吴文权 / 上海三联书店 / 2024-9 / 58.00元,政治,False
26324182,国家与生活机遇: 中国城市中的再分配与分层（1949-1994）,https://book.douban.com/subject/26324182/,周雪光 / 郝大海、等 / 中国人民大学出版社 / 2015-2 / 65.00元,政治,False
30394971,论自由,https://book.douban.com/subject/30394971/,[英] 约翰·穆勒 / 孟凡礼 / 上海三联书店 / 2019-4 / 43.00元,政治,False
1060774,君主论,https://book.douban.com/subject/1060774/,[意]尼科洛·马基雅维里 / 潘汉典 / 商务印书馆 / 2005-10 / 9.00,政治,False
3813669,民主的细节: 美国当代政治观察随笔,https://book.douban.com/subject/3813669/,刘瑜 / 上海三联书店 / 2009-6 / 25.00,政治,False
37212451,旧物录: 85个消亡之物的故事,https://book.douban.com/subject/37212451/,[英]芭芭拉·彭纳 等 / 丁宇岚 / 中国友谊出版公司 / 2025-2 / 98.00元,设计,False
35607441,讲故事的房子: 吉田诚治美术设定集,https://book.douban.com/subject/35607441/,[日] 吉田诚治 / 陈梦晓 / 湖南美术出版社 / 2022-2 / 99.00,设计,False
36330464,图像: 从文艺复兴到社交媒体,https://book.douban.com/subject/36330464/,[意] 里卡尔多·法尔奇内利 / 狄佳 / 贵州人民出版社 / 2023-5-10 / 198,设计,False
37129675,共和国100个经典民生设计,https://book.douban.com/subject/37129675/,林晶晶 / 江苏凤凰美术出版社 / 2024-10-1 / 198,设计,False
26806997,平面设计中的网格系统: 平面设计、字体编排和空间设计的视觉传达设计手册,https://book.douban.com/subject/26806997/,Josef Müller-Brockmann / 徐宸熹、张鹏宇 / 上海人民美术出版社 / 2016-6-1 / CNY 78.00,设计,False
36884566,趣味平面设计说明书: 平面设计师的40项基本功,https://book.douban.com/subject/36884566/,K叔 / 人民邮电出版社 / 2024-5 / 109,设计,False
37062410,装订图鉴: 设计的口袋书,https://book.douban.com/subject/37062410/,日本《设计的抽屉》编辑部(编著) / 邓楚涵 / 上海人民美术出版社 / 2024-10 / 98.00元,设计,False
36540477,西文字体设计方法: 如何打造优美的曲线与舒适的排版,https://book.douban.com/subject/36540477/,(日) 小林章 / 刘庆 / 上海人民美术出版社 / 2023-11 / 98,设计,False
37206541,复刻字体设计：字体设计的历史学方法手册,https://book.douban.com/subject/37206541/,陈渚、杰瑞·莱昂尼达斯 Gerry Leonidas / 同济大学出版社 / 2024-12-25 / 88.00,设计,False
26742341,设计心理学: 4卷装,https://book.douban.com/subject/26742341/,唐纳德·A·诺曼 / 小柯、张磊、何笑梅、欧秋杏 / 中信出版社 / 2015-12-1 / CNY 168.00,设计,False
37162282,话语性设计: 批判、思辨与另类之物,https://book.douban.com/subject/37162282/,[美国] 布鲁斯·M·撒普、[美国] 斯蒂芬妮·M·撒普 / 张黎 / 江苏凤凰美术出版社 / 2025-1 / 165.00元,设计,False
30264813,好忠告: 乔治·路易斯写给有才华的你,https://book.douban.com/subject/30264813/,[美] 乔治·路易斯 / 老金 / 浦睿文化·湖南人民出版社 / 2018-10 / 56.00元,设计,False
37105886,游戏编剧与设计指南,https://book.douban.com/subject/37105886/,[英]弗林特·迪尔（Flint Dille）、[英]约翰·祖尔·普拉滕（John Zuur Platten） / 邓思渊 / 花城出版社 / 2024-11 / 68.00元,设计,False
5394309,简约至上: 交互式设计四策略,https://book.douban.com/subject/5394309/,[英] Giles Colborne / 李松峰、秦绪文 / 人民邮电出版社 / 2011-1-1 / 35.00,设计,False
4230237,设计中的设计 | 全本,https://book.douban.com/subject/4230237/,[日] 原研哉 / 纪江红、朱锷 / 广西师范大学出版社 / 2010-09 / 98.00元,设计,False
1941558,设计中的设计,https://book.douban.com/subject/1941558/,[日] 原研哉 / 朱锷 / 山东人民出版社 / 2006-11 / 48.00元,设计,False
26664522,写给大家看的设计书（第4版）,https://book.douban.com/subject/26664522/,Robin Williams / 苏金国、李盼 / 人民邮电出版社 / 2016-1 / 59.00元,设计,False
26178736,字型散步: 日常生活中的中文字型学,https://book.douban.com/subject/26178736/,柯志杰、蘇煒翔 / 臉譜 / 2014-11 / NTD 360.00,设计,False
36329728,为存在而设计: 迪特·拉姆斯的设计之道,https://book.douban.com/subject/36329728/,[英] 苏菲·洛夫威尔、Sophie Lovell / 傅圣迪、刘泉泉 / 湖南美术出版社 / 2023-4 / 350.00元,设计,False
36044734,保罗·兰德：设计师的艺术,https://book.douban.com/subject/36044734/,[美] 保罗·兰德 / 张欢 / 北京联合出版公司 / 2022-9 / 180.00元,设计,False
36624482,Refactoring UI,https://book.douban.com/subject/36624482/,Hanover Square Press / 2022-11-27 / USD 149.00,设计,False
35812149,人生设计课: 如何设计充实且快乐的人生,https://book.douban.com/subject/35812149/,[美] 比尔·博内特、[美] 戴夫·伊万斯 / 周芳芳 / 中信出版社 / 2022-3-25 / 68.00元,设计,False
37119755,软件设计的哲学,https://book.douban.com/subject/37119755/,[美]约翰·奥斯特豪特（John Ousterhout） / 茹炳晟 / 人民邮电出版社 / 2024-11 / 69.80元,设计,False
36570621,鲁德·文字排印 鲁德·设计哲学: 埃米尔·鲁德作品集,https://book.douban.com/subject/36570621/,赫尔穆特·施密德 / 刘育黎 / 上海人民美术出版社 / 2023-9 / 198.00 元,设计,False
35708941,你所不知道的漫畫封面設計解析,https://book.douban.com/subject/35708941/,日貿出版社 / 王怡山 / 台灣東販 / 2022-1-24,设计,False
36066853,有性格的空间：色彩情感与室内配色指南,https://book.douban.com/subject/36066853/,化学工业出版社 / 2022-8-1 / 138,设计,False
25836269,西文字体: 字体的背景知识和使用方法,https://book.douban.com/subject/25836269/,(日) 小林章 / 刘庆 / 中信出版社 / 2014-5-1 / 68.00元,设计,False
37156882,UX for Business: How to Design Valuable Digital Companies,https://book.douban.com/subject/37156882/,Joel Marsh / O'Reilly Media / 2024-1,设计,False
36790833,小小小小的人间,https://book.douban.com/subject/36790833/,李彬 / 湖南文艺出版社 / 2024-3 / 118.00元,设计,False
37173679,建筑设计教学档案: 以议题开启的设计教学实践,https://book.douban.com/subject/37173679/,胡滨 / 同济大学出版社 / 2024-10 / 98.00元,设计,False
25986471,The Non-Designer's Design Book: Design and Typographic Principles for the Visual Novice,https://book.douban.com/subject/25986471/,Robin Williams / Peachpit Press / 2014-11-29 / USD 34.99,设计,False
36310201,空间可以更美: 人人都需要设计思维,https://book.douban.com/subject/36310201/,[瑞典] 弗里达·拉姆斯特德 / 王梦达 / 南海出版公司 / 2023-4-1 / 79.00元,设计,False
35864261,小家大变局,https://book.douban.com/subject/35864261/,逯薇 / 中信出版集团 / 2022-5 / 88.00元,设计,False
36661137,视觉大爆炸: 剖面图、透视图、分解图，关于信息图形化与知识可视化的故事,https://book.douban.com/subject/36661137/,[美]胡安·贝拉斯科（Juan Velasco）、[美]塞缪尔·贝拉斯科（Samuel Velasco） / 王天艺 / 民主与建设出版社 / 2024-1-1 / 358.00元,设计,False
35570323,中国汉字设计史,https://book.douban.com/subject/35570323/,陈楠 / 湖北美术出版社 / 2021-8 / 386.00,设计,False
36814958,人本主义: 一位匠造者的世界建设指南,https://book.douban.com/subject/36814958/,[英]托马斯·赫斯维克（Thomas Heatherwick） / 程纪莲 / 中译出版社 / 2024-6 / 126.00元,设计,False
37092796,置身室内: 人性化的设计重塑我们的身心健康,https://book.douban.com/subject/37092796/,[美]埃米莉·安特斯 / 李春梅 / 机械工业出版社 / 2024-10 / 89.00元,设计,False
26775466,小家，越住越大,https://book.douban.com/subject/26775466/,逯薇 / 中信出版社 / 2016-5 / 58.00元,设计,False
35685980,凤凰文库设计理论研究系列-平面设计理论:来自田野的读本,https://book.douban.com/subject/35685980/,海伦·阿姆斯特朗 / 刘翁然 / 江苏凤凰美术出版社 / 2021-9 /  62.00,设计,False
36223184,舒适观念的诞生: 近代早期英国与美国的感受力与设计,https://book.douban.com/subject/36223184/,[加]约翰·克劳利 / 孙伟 / 浙江大学出版社 / 2023-5 / 88.00元,设计,False
35505843,《色彩艺术》《造型基础》: 伊顿经典基础设计教程,https://book.douban.com/subject/35505843/,[瑞士] 约翰内斯·伊顿 / 杨继梅 / 北京科学技术出版社 / 2021-7 / 298.00元,设计,False
20524461,Interaction of Color: 50th Anniversary Edition,https://book.douban.com/subject/20524461/,Josef Albers / Yale University Press / 2013-6-28 / USD 18.00,设计,False
30344168,色彩力: 创意配色速查图鉴,https://book.douban.com/subject/30344168/,樱井辉子 / 方宓 / 中国水利水电出版社 / 2018-9-1 / CNY 79.90,设计,False
1827702,点石成金: 访客至上的网页设计秘笈,https://book.douban.com/subject/1827702/,[美] 史蒂夫·克鲁克 / De Dream' / 机械工业出版社 / 2006-8 / 39.00元,设计,False
5914587,启示录: 打造用户喜爱的产品,https://book.douban.com/subject/5914587/,[美] Marty Cagan / 七印部落 / 华中科技大学出版社 / 2011-5 / 36.00元,设计,False
3323633,写给大家看的设计书（第3版）,https://book.douban.com/subject/3323633/,[美] Robin Williams / 苏金国、刘亮 / 人民邮电出版社 / 2009-1 / 49.00元,设计,False
30199037,小家，越住越大2,https://book.douban.com/subject/30199037/,逯薇 / 中信出版社 / 2018-4 / 68.00元,设计,False
36919549,伊藤润二的漫画术: 恐怖诞生的地方,https://book.douban.com/subject/36919549/,[日] 伊藤润二 / 烨伊 / 中国友谊出版公司 / 2025-1 / 88,设计,False
36149004,Mondo黑胶唱片设计艺术典藏: Mondo: The Art of Soundtracks,https://book.douban.com/subject/36149004/,[美] Mondo公司、[美]托德·吉尔克里斯特、Todd Gilchrist / 后浪电影学院 / 四川美术出版社 / 2022-12 / 298.00元,设计,False
36071698,不止于美: 威廉莫里斯的艺术世界,https://book.douban.com/subject/36071698/,唐泽慧、周文翰 / 中信出版集团 / 2022-8 / 298.00元,设计,False
37172472,混搭的承诺: 现代政治观念史40讲,https://book.douban.com/subject/37172472/,任剑涛 / 云南人民出版社 / 2025-2 / 108.00,政治学,False
37180083,想象中的政治: 政治学和政治剧的解读,https://book.douban.com/subject/37180083/,[英] 斯蒂芬·本尼迪克特·戴森 / 刘莹 / 上海人民出版社 / 2025-1 / 69,政治学,False
36794613,康熙的红票: 全球化中的清朝,https://book.douban.com/subject/36794613/,孙立天 / 商务印书馆 / 2024-3 / 78,政治学,False
36939802,当代中国政府与政治（第二版）,https://book.douban.com/subject/36939802/,景跃进 主编、陈明明 主编、肖滨 主编 / 中国人民大学出版社 / 2024-6 / 68.00元,政治学,False
37075616,危局: 精英、反精英与政治解体之路,https://book.douban.com/subject/37075616/,[美] 彼得·图尔钦 / 李艳 / 中信出版集团 / 2024-11,政治学,False
37224421,拯救民主,https://book.douban.com/subject/37224421/,秦晖 / Silentberry / 2025-2,政治学,False
35819419,可能性的艺术: 比较政治学30讲,https://book.douban.com/subject/35819419/,刘瑜 / 广西师范大学出版社 / 2022-4 / 82.00元,政治学,False
36956912,汉娜·阿伦特与以赛亚·伯林: 自由、政治与人性,https://book.douban.com/subject/36956912/,[日] 蛭田圭（Kei Hiruta） / 孟凡礼 / 贵州人民出版社 / 2024-9 / 98.00,政治学,False
37090532,自由主义为何失败,https://book.douban.com/subject/37090532/,[美]帕特里克·德尼恩 / 梁乃夫、林泽正 / 新星出版社 / 2024-11 / 49.00元,政治学,False
36911259,大礼议: 嘉靖帝的礼制改革与皇权重塑,https://book.douban.com/subject/36911259/,尤淑君 / 广东人民出版社 / 2025-1-1 / 98.00,政治学,False
37210309,从故事到知识: 政治社会学观察,https://book.douban.com/subject/37210309/,张静 / 东方出版中心 / 2025-2-7 / 65.00,政治学,False
37021265,把脉：全球巨变与中国经济,https://book.douban.com/subject/37021265/,高柏 / 生活·读书·新知三联书店 / 2025-1 / 79.00元,政治学,False
37238833,战争与财政: 财政视角下的地缘政治与国家兴衰,https://book.douban.com/subject/37238833/,徐一睿 / 浙江人民出版社 / 2025-2,政治学,False
10587755,以利为利: 财政关系与地方政府行为,https://book.douban.com/subject/10587755/,周飞舟 / 上海三联书店 / 2012-2-1 / 35.00元,政治学,False
26171466,筚路维艰: 中国社会主义路径的五次选择,https://book.douban.com/subject/26171466/,萧冬连 / 社会科学文献出版社 / 2014-10-1 / 45.00元,政治学,False
26388427,国家为什么会失败,https://book.douban.com/subject/26388427/,[美] 德隆·阿西莫格鲁、[美] 詹姆斯·罗宾逊 / 李增刚 / 湖南科学技术出版社 / 2015-6 / CNY 75.00,政治学,False
26658395,政治学通识,https://book.douban.com/subject/26658395/,包刚升 / 有2017年11月5印本 / 北京大学出版社 / 2015-11 / 49.00元,政治学,False
37124486,像政治学家一样思考: 研究方法的实践指南,https://book.douban.com/subject/37124486/,[美] 克里斯托弗·霍华德 / 许常红、张祺 / 世界图书出版公司 / 2024-12,政治学,False
36428707,利益的天平: 制宪者的“政变”与美国宪法的制定,https://book.douban.com/subject/36428707/,[法]迈克尔·J.克拉曼（Michael J. Klarman） / 胡晓进 / 山西人民出版社 / 2024-6 / 348.00元,政治学,False
36946631,美国困局: “新右翼”的兴起与挑战,https://book.douban.com/subject/36946631/,强舸 / 中国人民大学出版社 / 2024-6,政治学,False
30122152,小镇喧嚣: 一个乡镇政治运作的演绎与阐释,https://book.douban.com/subject/30122152/,吴毅 / 生活·读书·新知三联书店 / 2018-2 / 68.00元,政治学,False
36957588,大国县治,https://book.douban.com/subject/36957588/,杨华 / 东方出版社 / 2024-8-1 / 69.00元,政治学,False
36995046,制度为什么重要: 政治科学中的新制度主义,https://book.douban.com/subject/36995046/,[英] 薇薇安·朗兹 / 徐常锌 / 中国人民大学出版社 / 2024,政治学,False
37275220,央地之间: 转移支付的政治及其他,https://book.douban.com/subject/37275220/,王瑞民 / 上海远东出版社 / 2025-2 / 68.00元,政治学,False
37281203,结构化的政治: 比较分析中的历史制度主义,https://book.douban.com/subject/37281203/,[美] 斯文·斯坦莫 / 马雪松 / 中国人民大学出版社,政治学,False
26901114,中国国家治理的制度逻辑: 一个组织学研究,https://book.douban.com/subject/26901114/,周雪光 / 生活·读书·新知三联书店 / 2017-3-1 / 45.00,政治学,False
37005453,秦汉史讲义,https://book.douban.com/subject/37005453/,秦晖 / 山西人民出版社 / 2024-11 / 138.00元,政治学,False
1468426,利维坦,https://book.douban.com/subject/1468426/,[英] 霍布斯 / 黎思复、黎廷弼 / 商务印书馆 / 1985-9 / 35.00元,政治学,False
36973907,构建国家: 意大利、德国的形成与联邦制之谜,https://book.douban.com/subject/36973907/,[美] 丹尼尔·齐布拉特 / 陈立夫 / 格致出版社、上海人民出版社 / 2024-9-1 / 72.00元,政治学,False
36873855,空谈,https://book.douban.com/subject/36873855/,林垚 / 上海译文出版社 / 2024-6 / 98,政治学,False
36968598,保守主义: 为传统而战,https://book.douban.com/subject/36968598/,[美] 埃德蒙·福西特 / 杨涛斌 / 上海人民出版社 / 2024-10 / 138.00,政治学,False
25971624,政治秩序的起源: 从前人类时代到法国大革命,https://book.douban.com/subject/25971624/,[美] 弗朗西斯·福山 / 毛俊杰 / 广西师范大学出版社 / 2014-9 / 88.00元,政治学,False
37000891,父辈之罪: 历史记忆与德国的转型正义,https://book.douban.com/subject/37000891/,[德]苏珊·奈曼 / 李泳 / 民主与建设出版社 / 2025-1 / 108.00元,政治学,False
37183990,论美国: 美国外交及外交政策史,https://book.douban.com/subject/37183990/,[美] 罗伯特·佐利克 / 余乐 / 中信出版社 / 2025-3-10 / 128.00元,政治学,False
37038186,利维坦,https://book.douban.com/subject/37038186/,[英] 托马斯·霍布斯 / 段保良 / 东方出版中心 / 2025-1 / 85.00,政治学,False
37045744,国家如何思考: 对外政策中的理性,https://book.douban.com/subject/37045744/,[美] 约翰·J.米尔斯海默、[美] 塞巴斯蒂安·罗萨托 / 任月园 / 中信出版集团 / 2024-11 / 88.00,政治学,False
37001305,智人之上: 从石器时代到AI时代的信息网络简史,https://book.douban.com/subject/37001305/,[以色列] 尤瓦尔·赫拉利 / 林俊宏 / 中信出版社 / 2024-9 / 79.00元,政治学,False
36831435,在阿尔巴尼亚长大,https://book.douban.com/subject/36831435/,[英] 莱亚·乌皮 / 吴文权 / 上海三联书店 / 2024-9 / 58.00元,政治学,False
36895677,技术封建主义,https://book.douban.com/subject/36895677/,[法] 塞德里克·迪朗 / 陈荣钢 / 中国人民大学出版社 / 2024-7-1 / 69.00元,政治学,False
36887039,民众的愤怒: 不平等如何激发西方民粹主义？,https://book.douban.com/subject/36887039/,[美] 巴里·埃森格林 / 张亚光、娄德兰 / 中信出版社 / 2024-7-25 / 79,政治学,False
6003649,中国官僚政治研究,https://book.douban.com/subject/6003649/,王亚南 / 商务印书馆 / 2010-12 / 23.00元,政治学,False
36857062,活力物质: “物”的政治生态学,https://book.douban.com/subject/36857062/,[美] 简·本内特 / 马特  译、张靖松  校 / 西北大学出版社 / 2024-11-1,政治学,False
35586814,精英的傲慢: 好的社会该如何定义成功？,https://book.douban.com/subject/35586814/,[美]迈克尔·桑德尔 / 曾纪茂 / 中信出版社 / 2021-9-1 / 79.00元,政治学,False
1867208,政治学: 第二版,https://book.douban.com/subject/1867208/,[英]安德鲁·海伍德 Andrew Heywood、安德鲁·海伍德 / 张立鹏 / 中国人民大学出版社 / 2006-6 / 49.80元,政治学,False
33436180,牛津大学哲学通识课：政治哲学,https://book.douban.com/subject/33436180/,[英] 乔纳森·沃尔夫（Jonathan Wolff） / 毛兴贵 / 中信出版集团 · 新思文化 / 2019-7 / 48.00,政治学,False
37112908,与大卫·哈维共读马克思: 《政治经济学批判大纲》新解,https://book.douban.com/subject/37112908/,[英]大卫·哈维 / 张义修 / 中信出版集团 / 2024-12 / 88.00,政治学,False
37135753,"Chinese Thirdspace: The Paradox of Moderate Politics, 1946–2020",https://book.douban.com/subject/37135753/,Jianmei Liu / Columbia University Press / 2025-3,政治学,False
35655743,激情、技艺与方法: 比较政治访谈录,https://book.douban.com/subject/35655743/,赫拉尔多·L·芒克（Gerardo L. Munck）、理查德·斯奈德（Richard Snyder） / 汪卫华 / 当代世界出版社 / 2022-1 / 198,政治学,False
37016800,蔑视大众: 现代社会文化斗争的实验,https://book.douban.com/subject/37016800/,[德]彼德·斯洛特戴克 / 常晅 / 南京大学出版社 / 2024-10 / 55,政治学,False
35998414,被牺牲的“局部”: 淮北社会生态变迁研究（1680-1949）（修订本）,https://book.douban.com/subject/35998414/,马俊亚 / 四川人民出版社 / 2023-2 / 149.00元,政治学,False
37103197,人生解忧: 佛学入门四十讲,https://book.douban.com/subject/37103197/,成庆 / 上海三联书店 / 2024-11 / 98.00,宗教,False
36794613,康熙的红票: 全球化中的清朝,https://book.douban.com/subject/36794613/,孙立天 / 商务印书馆 / 2024-3 / 78,宗教,False
37008939,古代人的梦与死,https://book.douban.com/subject/37008939/,[日]吉川忠夫 著 / 许源源 译 / 四川人民出版社 / 2025-1 / 68.00元,宗教,False
26980487,悉达多: 一首印度的诗,https://book.douban.com/subject/26980487/,[德] 赫尔曼·黑塞 / 姜乙 / 天津人民出版社 / 2017-1 / 32.00元,宗教,False
30331835,窄门,https://book.douban.com/subject/30331835/,[法] 安德烈·纪德 / 顾琪静 / 天津人民出版社 / 2018-10 / 45.00,宗教,False
11631699,楞严经,https://book.douban.com/subject/11631699/,赖永海主编、刘鹿鸣译注 / 中华书局 / 2012-8 / 32.00元,宗教,False
27136747,正见,https://book.douban.com/subject/27136747/,宗萨蒋扬钦哲仁波切 / 姚仁喜 / 新星出版社 / 2017-9 / 45,宗教,False
26992796,基督教神学导论,https://book.douban.com/subject/26992796/,[英] 阿利斯特·麦格拉斯 / 赵城艺、石衡潭 / 北京联合出版公司 / 2017-4 / 138.00元,宗教,False
36096304,翦商: 殷周之变与华夏新生,https://book.douban.com/subject/36096304/,李硕 / 广西师范大学出版社 / 2022-10 / 99.00元,宗教,False
27083202,新教伦理与资本主义精神,https://book.douban.com/subject/27083202/,[德] 马克斯·韦伯 / 阎克文 / 上海人民出版社 / 2018-3 / 65.00元,宗教,False
36454994,禅宗哲学,https://book.douban.com/subject/36454994/,[德]韩炳哲 / 陈曦 / 中信出版集团 / 2023-8-1 / 68.00元,宗教,False
37036108,1517: 全球视野下的“奇迹之年”,https://book.douban.com/subject/37036108/,[德] 海因茨·席林 / 王双 / 上海人民出版社 / 2025-2 / 88,宗教,False
25887924,卡拉马佐夫兄弟,https://book.douban.com/subject/25887924/,陀思妥耶夫斯基 (Ф.М.Достоевский) / 荣如德 / 上海译文出版社 / 2015-2-1 / CNY 78.00,宗教,False
25819842,佛陀传: 全世界影响力最大的佛陀传记,https://book.douban.com/subject/25819842/,一行禅师 / 何蕙仪 / 河南文艺出版社 / 2014-3-1 / 48.00元,宗教,False
26785340,金刚经说什么,https://book.douban.com/subject/26785340/,南怀瑾 / 复旦大学出版社 / 2016-3 / 42,宗教,False
26704404,玫瑰的名字,https://book.douban.com/subject/26704404/,[意] 翁贝托·埃科 / 沈萼梅、刘锡荣、王东亮 / 上海译文出版社 / 2020-5-1 / 89.00元,宗教,False
25912076,叫魂: 1768年中国妖术大恐慌,https://book.douban.com/subject/25912076/,[美] 孔飞力 / 陈兼、刘昶 / 生活·读书·新知三联书店 上海三联书店 / 2014-6 / 38.00元,宗教,False
26752309,人间是剧场: 2016年全新修订，布面精装典藏,https://book.douban.com/subject/26752309/,宗萨蒋扬钦哲仁波切 / 新星出版社 / 2016-4-1 / 49.50,宗教,False
26752324,佛教的见地与修道,https://book.douban.com/subject/26752324/,宗萨蒋扬钦哲仁波切 / 马君美、杨忆祖、陈冠中 / 新星出版社 / 2016-4-1 / 49.50,宗教,False
1010923,花甲忆记,https://book.douban.com/subject/1010923/,丁韪良 / 沈弘、恽文婕、郝田虎 / 广西师范大学出版社 / 2004-05 / 39.80元,宗教,False
25978763,僧侣与哲学家,https://book.douban.com/subject/25978763/,让-弗朗索瓦•何维勒、马修•理查德 / 赖声川 / 华东师范大学出版社 / 2014-9-1 / CNY 39.00,宗教,False
3174519,神圣的存在: 比较宗教的范型,https://book.douban.com/subject/3174519/,米尔恰•伊利亚德 / 晏可佳、姚蓓琴 / 广西师范大学出版社 / 2019-7 / 76.00元,宗教,False
6946710,前世今生: 生命轮回的启示,https://book.douban.com/subject/6946710/,[美] 布莱恩·魏斯 / 谭智华 / 光明日报出版社 / 2011-11 / 32.00元,宗教,False
37154030,宗教与美国政治,https://book.douban.com/subject/37154030/,(美) 肯尼斯·D·沃尔德 / 徐以骅、刘倩洁 / 宗教文化出版社 / 2024-11 / 98元,宗教,False
36696854,佛教文化十八讲,https://book.douban.com/subject/36696854/,孙英刚 / 生活·读书·新知三联书店 / 2024-3 / 76.00元,宗教,False
36497571,沉默,https://book.douban.com/subject/36497571/,[日]远藤周作 / 李盈春 / 南海出版公司 / 2023-10-1 / 59,宗教,False
30459964,失乐园,https://book.douban.com/subject/30459964/,[英]约翰·弥尔顿 / 朱维之 / 人民文学出版社 / 2019-5 / 69.00元,宗教,False
35142859,金枝: 跨越万年的人性进化故事,https://book.douban.com/subject/35142859/,[英]詹姆斯·乔治·弗雷泽 / 蘑菇姑姑 / 北京联合出版公司 / 2020-9 / 128,宗教,False
36093262,罪与罚：道释地狱图像研究,https://book.douban.com/subject/36093262/,赵伟、太史文(Stephen F.Teiser) / 湖南美术出版社 / 2021-10,宗教,False
35784075,永恒回归的神话,https://book.douban.com/subject/35784075/,[美] 米尔恰·伊利亚德 / 晏可佳 / 上海书店出版社 / 2022-3-1 / 58,宗教,False
24876481,人的宗教（珍藏版）: 世界七大宗教的历史和智慧,https://book.douban.com/subject/24876481/,（美国）休斯顿•史密斯 / 刘安云 译、刘述先 校订 / 海南出版社 / 2013-6 / 50.00,宗教,False
2324913,佛陀的啟示,https://book.douban.com/subject/2324913/,Walpola Rahula、羅睺羅‧化普樂 / 顧法嚴 / 財團法人台北市慧炬出版社 / 1972-1 / NT180,宗教,False
36533563,共塑: 西方文化精神的演变,https://book.douban.com/subject/36533563/,赵林 / 民主与建设出版社 / 2023-10 / 142,宗教,False
34858055,秘密会议,https://book.douban.com/subject/34858055/,[英] 罗伯特·哈里斯 / 汪潇 / 社会科学文献出版社 / 2020-1 / 48,宗教,False
1770782,追风筝的人,https://book.douban.com/subject/1770782/,[美] 卡勒德·胡赛尼 / 李继宏 / 上海人民出版社 / 2006-5 / 29.00元,宗教,False
1431758,"The Holy Bible: King James Version, Black Imitation Leather",https://book.douban.com/subject/1431758/,Bible / National Publishing Company / 2000-1 / $10.99,宗教,False
28553398,中国石窟寺研究,https://book.douban.com/subject/28553398/,宿白 / 生活·读书·新知三联书店 / 2019-1 / 165.00元,宗教,False
35838339,了凡四训: 中华经典名著全本全注全译-三全本,https://book.douban.com/subject/35838339/,袁了凡 / 张景、张松辉 / 中华书局 / 2022-10-11 / 24.00元,宗教,False
6431983,宗教生活的基本形式,https://book.douban.com/subject/6431983/,[法] 爱弥尔·涂尔干 / 渠东、汲喆 / 商务印书馆 / 2011-4 / 46.00元,宗教,False
26827590,八万四千问,https://book.douban.com/subject/26827590/,宗萨蒋扬钦哲仁波切 / 严望佳、戚淑萍 / 深圳报业集团出版社 / 2016-7 / 45.00元,宗教,False
4726852,正念的奇迹,https://book.douban.com/subject/4726852/,一行禅师 / 丘丽君 / 中央编译出版社 / 2010-1 / 25.00,宗教,False
26392337,与神对话,https://book.douban.com/subject/26392337/,[美]尼尔·唐纳德·沃尔什 / 李继宏 / 江西人民出版社 / 2015-5 / 48.00,宗教,False
30462986,世界宗教（第11版）,https://book.douban.com/subject/30462986/,[美] 刘易斯·M.霍普费、马克·R.伍德沃德 / 辛岩 / 北京联合出版公司 / 2019-3 / 99.80元,宗教,False
36377479,世界上最快乐的人,https://book.douban.com/subject/36377479/,[尼泊尔] 咏给·明就仁波切 / 江翰雯 / 海南出版社 / 2013-10-1 / ¥39.80,宗教,False
4833802,薄伽梵歌,https://book.douban.com/subject/4833802/,[古印度] 毗耶娑 / 黄宝生 / 商务印书馆 / 2010-04 / 15.00元,宗教,False
35399763,印度佛教史,https://book.douban.com/subject/35399763/,S.R.戈耶尔 / 黄宝生 / 中国社会科学出版社 / 2021-1 / 208.00元,宗教,False
25965654,政治的神学: 经典与解释·施米特文集,https://book.douban.com/subject/25965654/,[德] 卡尔·施米特、刘小枫编 / 刘宗坤、吴增定等 / 上海人民出版社 / 2015-1 / 39.00元,宗教,False
35221707,上帝之城: 驳异教徒,https://book.douban.com/subject/35221707/,[古罗马] 奥古斯丁 / 吴飞 / 上海三联书店 / 2022-1-31 / 238,宗教,False
37235906,“神”与“鬼”之间: 中国东南部地区对无缘死者的埋葬与祭祀,https://book.douban.com/subject/37235906/,[日] 志贺市子 / 刘雄峰 / 华龄出版社 / 2025-2 / 55元,宗教,False
36778756,老子化胡经校注,https://book.douban.com/subject/36778756/,郜同麟 校注 / 中华书局 / 2025-2 / 68,宗教,False
36769935,在世界尽头相遇: 伊伯特对话赫尔佐格,https://book.douban.com/subject/36769935/,罗杰·伊伯特（Roger Ebert）、[德]维尔纳·赫尔佐格（Werner Herzog）作序、[德] 沃纳·赫尔佐格 / 李尚 / 贵州人民出版社 / 2025-2 / 52.00元,电影,False
36769945,伟大的电影：终章,https://book.douban.com/subject/36769945/,罗杰·伊伯特（Roger Ebert） / 李尚 / 贵州人民出版社 / 2025-2 / 80.00元,电影,False
37149394,电影的七段航程: 戈达尔论电影,https://book.douban.com/subject/37149394/,[法] 让-吕克·戈达尔 / 郭昭澄 / 北京联合出版公司 / 2025-3 / 69.80,电影,False
36659710,猫鱼,https://book.douban.com/subject/36659710/,陈冲 / 上海三联书店 / 2024-6 / 168,电影,False
36841341,电影狂想: 昆汀·塔伦蒂诺回忆录,https://book.douban.com/subject/36841341/,[美] 昆汀·塔伦蒂诺 / 覃天、邱文浩 / 北京联合出版公司 / 2024-6-1 / 98.00元,电影,False
37083867,黑色银幕: 黑帮、好莱坞与美国社会,https://book.douban.com/subject/37083867/,李洋 / 中信出版社 / 2025-1-1 / 128.00元,电影,False
36810997,电影，我略知一二,https://book.douban.com/subject/36810997/,贾樟柯 / 上海三联书店 / 2024-5 / 68.00,电影,False
36818148,韩国电影100年,https://book.douban.com/subject/36818148/,范小青 / 上海三联书店 / 2024-3 / 99.80元,电影,False
36919545,宽银幕: 观看·真实·人物·别处,https://book.douban.com/subject/36919545/,[英] 马克·卡曾斯（Mark Cousins） / 包磊、邓林 / 中国友谊出版公司 / 2024-12 / 75.00元,电影,False
26435510,雕刻时光,https://book.douban.com/subject/26435510/,[苏] 安德烈·塔可夫斯基 / 张晓东 / 南海出版公司 / 2016-5 / 45.00元,电影,False
36733629,新浪潮: 一代年轻人的肖像,https://book.douban.com/subject/36733629/,[法] 安托万·德巴克 / 蔡文晟 / 广西师范大学出版社 / 2024-4 / 168,电影,False
36980073,电影电影,https://book.douban.com/subject/36980073/,[爱尔兰] 玛丽亚·普拉马乔里（Maria Pramaggiore）、[爱尔兰] 汤姆·沃利斯（Tom Wallis） / 熊楚菀、刘树琼、校订：后浪电影学院 / 贵州人民出版社 / 2024-9 / 198.00元,电影,False
36812234,阿涅斯的海滩: 瓦尔达访谈录,https://book.douban.com/subject/36812234/,[美] T.杰斐逊·克兰 编 / 曲晓蕊 / 上海书店出版社 / 2024-7 / 72.00元,电影,False
37173894,法国电影新浪潮小史: 1959-1968,https://book.douban.com/subject/37173894/,唐棣 / 广西师范大学出版社 / 2025-3 / 55.00元,电影,False
26857567,电影是什么？,https://book.douban.com/subject/26857567/,[法] 安德烈·巴赞 / 崔君衍 / 商务印书馆 / 2017-9 / 68.00,电影,False
36769660,拍电影的人类学家: 先驱让·鲁什的田野与民族志研究,https://book.douban.com/subject/36769660/,保罗·斯托勒 / 杨德睿 / 华东师范大学出版社 / 2025-1 / 85.00元,电影,False
36284268,吉尔莫·德尔·托罗的奇思妙想: 我的私人笔记、收藏品和其他爱好,https://book.douban.com/subject/36284268/,[墨] 吉尔莫·德尔·托罗 / 吕本明 / 金城出版社 / 2025-3 / 228.00,电影,False
36478323,诺兰变奏曲,https://book.douban.com/subject/36478323/,[英] 汤姆·肖恩 / 李思雪 / 民主与建设出版社 / 2023-9 / 268.00元,电影,False
36740482,明亮，明亮的日子: 塔可夫斯基剧本集,https://book.douban.com/subject/36740482/,[苏] 安德烈·塔可夫斯基 / 王虹元、糜绪洋 / 成都时代出版社 / 2024-7-1 / 220.00元,电影,False
37042947,特吕弗的电影课,https://book.douban.com/subject/37042947/,[法] 让·科莱、[法] 杰罗姆·普里尔、[法] 若泽·玛丽亚·贝尔佐萨 采访、[法] 贝尔纳·巴斯迪德 编订 / 夏燕 / 上海文艺出版社 / 2025-1 / 118,电影,False
36743908,詹姆斯·卡梅隆: 我是如何拍电影的,https://book.douban.com/subject/36743908/,[加] 詹姆斯·卡梅隆 / 电子骑士 / 金城出版社、西苑出版社 / 2024-9 / 228,电影,False
25712811,世界电影史（第二版）,https://book.douban.com/subject/25712811/,[美]大卫·波德维尔、克里斯汀·汤普森 / 范倍 / 北京大学出版社 / 2014-2-1 / 198.00元,电影,False
21361157,十年一觉电影梦: 李安传,https://book.douban.com/subject/21361157/,张靓蓓 / 中信出版社 / 2013-4 / 49.80元,电影,False
34922269,Mondo电影海报艺术典藏,https://book.douban.com/subject/34922269/,[美]Mondo公司 / 江汇、孙宝库 / 四川美术出版社 / 2019-12 / 398.00元,电影,False
36892738,巴斯特·基顿: 电影的黎明,https://book.douban.com/subject/36892738/,[美] 达娜·史蒂文斯 / 杨懿晶 / 上海人民出版社 / 2024-8,电影,False
36810840,“妄想”的产物,https://book.douban.com/subject/36810840/,[日] 今 敏 / 谢鹰、审订者：赵婉宁 / 九州出版社 / 2025-2 / 88.00元,电影,False
36954789,文学与电影十讲: 在无限的世界里旅行,https://book.douban.com/subject/36954789/,李思逸 / 上海三联书店 / 2024-8 / 98.00元,电影,False
37213233,最后一个梦,https://book.douban.com/subject/37213233/,[西] 佩德罗·阿莫多瓦 / 吴娴敏 / 人民文学出版社 / 2025-3 / 59.00,电影,False
34886843,大卫·林奇：他来自异世界,https://book.douban.com/subject/34886843/,[美]丹尼斯·林（Dennis Lim） / 上海文艺出版社 / 2020-2 / 33.00元,电影,False
33454024,电影导演的电影理论,https://book.douban.com/subject/33454024/,[法]雅克·奥蒙 / 蔡文晟 / 武汉大学出版社 / 2019-6-1 / 52.00元,电影,False
37013342,怪异与阴森,https://book.douban.com/subject/37013342/,[英] 马克·费舍 / 王知夏 / 上海人民出版社 / 2024-11 / 48,电影,False
36819356,费里尼的电影,https://book.douban.com/subject/36819356/,[美] 彼得·邦达内拉 / 杨柳、贾婧 / 浙江大学出版社 / 2024-8 / 89.00元,电影,False
37260436,永恒和一日: 安哲罗普洛斯访谈录,https://book.douban.com/subject/37260436/,[以] 达恩·弗伊纳鲁 编 / 静恩英 / 上海书店出版社,电影,False
26848740,认识电影：全彩插图第12版,https://book.douban.com/subject/26848740/,[美] 路易斯·贾内梯 / 焦雄屏 / 北京联合出版公司 / 2016-9 / 280.00元,电影,False
25976544,故事: 材质·结构·风格和银幕剧作的原理,https://book.douban.com/subject/25976544/,[美] 罗伯特·麦基 / 周铁东 / 天津人民出版社 / 2014-9 / 68.00元,电影,False
27062726,贾想 I: 贾樟柯电影手记1996—2008,https://book.douban.com/subject/27062726/,贾樟柯、万佳欢 编 / 台海出版社 / 2017-6-1 / 49.00元,电影,False
35092870,梦室: 大卫·林奇传,https://book.douban.com/subject/35092870/,(美) 大卫·林奇、(美) 克里斯汀·麦肯纳 / 胡阳潇潇 / 广西师范大学出版社 / 2020-8-1 / 138.00元,电影,False
2326403,认识电影: 插图第11版,https://book.douban.com/subject/2326403/,[美] 路易斯·贾内梯、[瑞典] 英格玛·伯格曼 [日] 黑泽明 等供图 / 焦雄屏 / 世界图书出版公司 / 2007-11 / 68.00元,电影,False
10739689,伟大的电影,https://book.douban.com/subject/10739689/,[美] 罗杰·伊伯特 / 殷宴、周博群 / 广西师范大学出版社 / 2012-5 / 68.00元,电影,False
34954799,王家卫的电影世界,https://book.douban.com/subject/34954799/,[马来]张建德 / 苏涛 / 北京大学出版社 / 2021-3 / 60.00,电影,False
36809384,童貞時代: 中國實驗電影與錄像,https://book.douban.com/subject/36809384/,曹恺 / 恒河出版社 / 2024-2-1 / 800TWD,电影,False
26206654,昨日之岛: 戴锦华电影文章自选集,https://book.douban.com/subject/26206654/,戴锦华 / 北京大学出版社 / 2015-1 / 56.00元,电影,False
27187198,我身在历史何处,https://book.douban.com/subject/27187198/,[塞尔维亚] 埃米尔·库斯图里卡 / 苑桂冠 / 湖南人民出版社 / 2017-11 / CNY 69.00,电影,False
36425093,电影的节奏是心跳: 罗贝尔·布列松谈话录,https://book.douban.com/subject/36425093/,[法] 米莲娜·布列松(编) / 陆一琛 / 北京联合出版公司 / 2023-7 / 78.00,电影,False
36122667,再见绘梨,https://book.douban.com/subject/36122667/,[日] 藤本树 / 吴曦 / 中信出版社 / 2023-1-1 / 35.00元,电影,False
36576124,拍电影的热知识: 126部影片里的技巧（全彩插图版）,https://book.douban.com/subject/36576124/,[英] 蒂姆·格里尔森（Tim Grierson） / 李娜 / 贵州人民出版社 / 2024-10 / 98.00元,电影,False
3266617,电影是什么？,https://book.douban.com/subject/3266617/,（法）安德烈·巴赞 / 崔君衍 / 文化艺术出版社 / 2008-11-01 / 45.00元,电影,False
36809169,迷途: 杜拉斯谈电影,https://book.douban.com/subject/36809169/,[法] 玛格丽特·杜拉斯 著、[法] 弗朗索瓦·博维耶 编、[法] 塞尔日·玛热尔 编 / 袁筱一、袁丝雨 / 中信出版社 / 2024-5 / 69.00,电影,False
36211151,潮浪群雄1: 那些做電影的人,https://book.douban.com/subject/36211151/,小莊 / 大辣 / 2022-5 / NT$550,电影,False
35316407,救猫咪: 电影编剧指南,https://book.douban.com/subject/35316407/,[美] 布莱克·斯奈德 / 孟影 / 浙江文艺出版社 / 2021-1 / 49.8,电影,False
37173809,穿墙透壁: 剖视中国经典古建筑,https://book.douban.com/subject/37173809/,李乾朗 / 北京日报出版社 / 2024-12 / 248,建筑,False
37184166,安岳,https://book.douban.com/subject/37184166/,王南、袁进钊 / 四川美术出版社 / 2024-12 / 128,建筑,False
35607441,讲故事的房子: 吉田诚治美术设定集,https://book.douban.com/subject/35607441/,[日] 吉田诚治 / 陈梦晓 / 湖南美术出版社 / 2022-2 / 99.00,建筑,False
37002989,漫长的调查: 重走营造学社川康古建筑调查之路,https://book.douban.com/subject/37002989/,萧易 / 广西师范大学出版社 / 2024-8 / 78.00元,建筑,False
36393446,中国建筑史: （通校本）,https://book.douban.com/subject/36393446/,梁思成 / 生活·读书·新知三联书店 / 2023-6 / 128.00元,建筑,False
37068334,有趣的中国古建筑,https://book.douban.com/subject/37068334/,杨大炜 / 湖南文艺出版社 / 2024-10 / 59.80,建筑,False
36683820,古迹入门: 图解台湾经典古建筑（增订版）,https://book.douban.com/subject/36683820/,李乾朗/俞怡萍 著、黄昆谋等 绘 / 北京日报出版社 / 2024-7 / 148.00元,建筑,False
36852935,现代建筑,https://book.douban.com/subject/36852935/,[英] 艾伦·科洪 / 姚俊 / 上海人民出版社 / 2024-9 / 128.00元,建筑,False
36785147,现代建筑: 一部批判的历史（第五版）,https://book.douban.com/subject/36785147/,[美] 肯尼斯·弗兰姆普敦 / 张钦楠、陈谋莘、施路远 等译 / 生活·读书·新知三联书店 / 2024-12 / 178.00元,建筑,False
1460630,此时此地,https://book.douban.com/subject/1460630/,刘家琨 / 中国建筑工业出版社 / 2002-9 / 55.00元,建筑,False
37042750,中国建筑常识,https://book.douban.com/subject/37042750/,林徽因 / 新世界出版社 / 2024-9 / 49元,建筑,False
35560397,隈研吾谈建筑,https://book.douban.com/subject/35560397/,[日]隈研吾 / 李斌 / 文汇出版社 / 2021-7 / 68.00元,建筑,False
37043658,结构: 万事万物为什么不会倒塌？,https://book.douban.com/subject/37043658/,[英] J.E.戈登 / 李轻舟 / 中信出版集团 / 2024-10-1 / 79.00元,建筑,False
36218754,梁思成中国建筑史,https://book.douban.com/subject/36218754/,梁思成 / 天津人民出版社 / 2023-1-1,建筑,False
37190681,动物建筑,https://book.douban.com/subject/37190681/,(英) 保罗·多布拉什切齐克 / 陈钰 / 译林出版社 / 2025-1 / 68,建筑,False
36448234,东京制造,https://book.douban.com/subject/36448234/,[日]贝岛桃代、[日]黑田润三、[日]塚本由晴 / 林煌 / 北京联合出版公司 / 2023-9 / 52.00元,建筑,False
36889885,创造大都会: 纽约空间与制度观察,https://book.douban.com/subject/36889885/,罗雨翔 / 上海三联书店 / 2024-8 / 138.00元,建筑,False
36905125,颐和园,https://book.douban.com/subject/36905125/,贾珺 / 广西师范大学出版社 / 2024-8 / 128.00元,建筑,False
27166744,寄生之廟,https://book.douban.com/subject/27166744/,賴伯威 / 林晏生 / 野人文化出版 / 2017-10 / NT$700,建筑,False
26840301,走向新建筑,https://book.douban.com/subject/26840301/,[法] 勒·柯布西耶 / 陈志华 / 商务印书馆 / 2016-6 / 58.00,建筑,False
37173679,建筑设计教学档案: 以议题开启的设计教学实践,https://book.douban.com/subject/37173679/,胡滨 / 同济大学出版社 / 2024-10 / 98.00元,建筑,False
36309610,埃及神庙,https://book.douban.com/subject/36309610/,[英] 理查德· H.威尔金森 / 颜海英、赵可馨 / 贵州人民出版社 / 2023-4 / 148.00元,建筑,False
1393903,交往与空间,https://book.douban.com/subject/1393903/,[丹麦] 扬·盖尔 / 何人可 / 中国建筑工业出版社 / 2002-10 / 27.00元,建筑,False
37029609,你家胜过凡尔赛: 建筑另一面,https://book.douban.com/subject/37029609/,[西] 米格尔·安赫尔·卡吉加尔·维拉 / 石丽丽 / 贵州人民出版社 / 2024-10 / 35.00,建筑,False
37092796,置身室内: 人性化的设计重塑我们的身心健康,https://book.douban.com/subject/37092796/,[美]埃米莉·安特斯 / 李春梅 / 机械工业出版社 / 2024-10 / 89.00元,建筑,False
1665959,世界聚落的教示100,https://book.douban.com/subject/1665959/,原广司 / 于天祎、王昀 / 中国建筑工业出版社 / 2003-1 / 29.00元,建筑,False
1319910,华夏意匠: 中国古典建筑设计原理分析,https://book.douban.com/subject/1319910/,李允鉌 / 天津大学出版社 / 2005-5-1 / 100.00元,建筑,False
5408858,建筑家安藤忠雄,https://book.douban.com/subject/5408858/,[日] 安藤忠雄 / 龙国英 / 中信出版社 / 2011-3-1 / 88.00,建筑,False
30145877,新建筑与流派,https://book.douban.com/subject/30145877/,童雋 / 北京出版社 / 2016-8-1 / 36.00元,建筑,False
36906801,屋檐之下: 人类住宅进化史,https://book.douban.com/subject/36906801/,[西] 丹尼尔•托雷斯 著 / 谢沛奕 / 四川美术出版社 / 2024-7 / 288.00元,建筑,False
36383254,重走梁林路：我们的古建考察笔记,https://book.douban.com/subject/36383254/,魏新 白郁 / 齐鲁书社 / 2023-4 / 128.00,建筑,False
34851670,建筑与虚无主义: 论现代建筑的哲学,https://book.douban.com/subject/34851670/,[意]马西莫·卡奇亚里 / 杨文默 / 广西人民出版社 / 2020-1 / 58.00,建筑,False
20495120,上海邬达克建筑地图: Shanghai Hudec Architecture,https://book.douban.com/subject/20495120/,华霞虹、乔争月、齐斐然、卢恺琦 / 同济大学出版社 / 2013-1 / 56.00元,建筑,False
35217905,从让纳雷到柯布西耶: 一位建筑师的绘画旅行,https://book.douban.com/subject/35217905/,[美]雅各·布里哈特、[法]勒·柯布西耶 / 王志磊、牛燕芳 / 湖南科学技术出版社 / 2020-8 / 98.00元,建筑,False
36295209,梁思成古建筑手绘赏析,https://book.douban.com/subject/36295209/,天津人民出版社 / 2023-3-1 / 79.9,建筑,False
34851866,中国造园艺术,https://book.douban.com/subject/34851866/,曹汛 / 北京出版社 / 2019-11-1 / 88.00元,建筑,False
25863969,明月构想,https://book.douban.com/subject/25863969/,刘家琨 / 有2014年6月2印本 / 时代文艺出版社 / 2014-4 / 35.00,建筑,False
37269036,中国建筑口述史文库第7辑：物质空间与人、情、事,https://book.douban.com/subject/37269036/,徐峰、肖灿、李雨薇 / 上海文化出版社 / 2024-12-26 / 88,建筑,False
34468885,日本茶室与空间美学,https://book.douban.com/subject/34468885/,[瑞士] 沃尔夫冈·费勒 / 张鸣镝 / 广西师范大学出版社 / 2019-7 / 168,建筑,False
25869579,伊东丰雄: NA建筑家系列2,https://book.douban.com/subject/25869579/,日本日经BP社日经建筑 / 龚婉如 / 北京美术摄影出版社 / 2013-12-1 / 89.00元,建筑,False
26847374,讀建築: 從觀念、結構到歷史、品味全面剖析建築學: 從柯比意到安藤忠雄，百大案例看懂建築的十大門道,https://book.douban.com/subject/26847374/,黎辛斯基 / 黃煜文 / 貓頭鷹 / 2016-8-9 / NTD550元,建筑,False
34836719,世界建筑3000年: 设计、工程及建造,https://book.douban.com/subject/34836719/,【英】比尔▪阿迪斯 / 程玉玲 / 中国画报出版社 / 2019-9 / 498.00元,建筑,False
31223637,世界之窗: 窗边行为学,https://book.douban.com/subject/31223637/,[日]东京工业大学冢本由晴研究室 / 雷祖康、刘若琪、许天心 / 中国建筑工业出版社 / 2018-6 / 88.00元,建筑,False
10793817,现代建筑: 一部批判的历史,https://book.douban.com/subject/10793817/,肯尼斯•弗兰姆普敦 / 张钦楠等 / 生活·读书·新知三联书店 / 2012-5 / 48.00元,建筑,False
3803966,日本: 建筑·结构·环境,https://book.douban.com/subject/3803966/,[德] 克里斯汀·史蒂西 编 / 大连理工大学出版社 / 2009-5 / 168.00元,建筑,False
26936071,营造天书,https://book.douban.com/subject/26936071/,王南 / 新星出版社 / 2016-12 / 28.00,建筑,False
37077195,传统生活之美·古建寻美,https://book.douban.com/subject/37077195/,林陌 / 黄山书社 / 2024-10 / 58.00,建筑,False
1498057,西方建筑的意义,https://book.douban.com/subject/1498057/,克里斯蒂安·诺伯格-舒尔茨 / 中国建筑工业出版社 / 2005-9 / 65.00元,建筑,False
35929641,静谧与光明：路易斯·康的建筑精神,https://book.douban.com/subject/35929641/,[美]约翰·罗贝尔 / 卢紫荫 / 江苏凤凰科学技术出版社 / 2022-6 / 59.80元,建筑,False
1314134,园综,https://book.douban.com/subject/1314134/,赵厚均 注释、陈从周，蒋启霆 选编 / 同济大学出版社 / 2004-1 / 120.00元,建筑,False
36794613,康熙的红票: 全球化中的清朝,https://book.douban.com/subject/36794613/,孙立天 / 商务印书馆 / 2024-3 / 78,中国历史,False
37005453,秦汉史讲义,https://book.douban.com/subject/37005453/,秦晖 / 山西人民出版社 / 2024-11 / 138.00元,中国历史,False
37182540,熙丰残照: 北宋中期的改革,https://book.douban.com/subject/37182540/,萧瀚 / 广西师范大学出版社 / 2025-1 / 98,中国历史,False
36911259,大礼议: 嘉靖帝的礼制改革与皇权重塑,https://book.douban.com/subject/36911259/,尤淑君 / 广东人民出版社 / 2025-1-1 / 98.00,中国历史,False
36982008,有为: 汉武帝的五十四年,https://book.douban.com/subject/36982008/,戴波 / 北京联合出版公司 / 2024-7-1 / 99.00元,中国历史,False
36903786,崖山,https://book.douban.com/subject/36903786/,张明扬 / 中信出版社 / 2024-8-25 / 69.00,中国历史,False
36699839,三国前夜: 士大夫政治与东汉皇权的崩解,https://book.douban.com/subject/36699839/,张向荣 / 上海人民出版社 / 2024-6 / 89.80元,中国历史,False
36911258,江南困局: 晚明士大夫的危机时刻,https://book.douban.com/subject/36911258/,唐元鹏 / 广东人民出版社 / 2024-8-1 / 78.00,中国历史,False
36980099,程允亨的十九世纪: 一个徽州乡民的生活世界及其变迁,https://book.douban.com/subject/36980099/,刘永华 / 生活·读书·新知三联书店 / 2024-12 / 98.00元,中国历史,False
36594961,明代国家权力结构及运行机制,https://book.douban.com/subject/36594961/,方志远 / 广西师范大学出版社 / 2024-3 / 118,中国历史,False
36987710,王氏之死,https://book.douban.com/subject/36987710/,[美] 史景迁 / 张祝馨 / 南海出版公司 / 2024-9 / 49.00元,中国历史,False
36895896,南北之争与晚清政局: 1861-1884,https://book.douban.com/subject/36895896/,林文仁 / 上海人民出版社 / 2025-1-1 / 59,中国历史,False
36707948,走进明朝: 从严峻冷酷到自由放任,https://book.douban.com/subject/36707948/,方志远 / 四川人民出版社 / 2025-1 / 82,中国历史,False
26171466,筚路维艰: 中国社会主义路径的五次选择,https://book.douban.com/subject/26171466/,萧冬连 / 社会科学文献出版社 / 2014-10-1 / 45.00元,中国历史,False
36574408,大变局: 晚清改革五十年,https://book.douban.com/subject/36574408/,谌旭彬 / 浙江人民出版社 / 2023-11-1 / 198.00,中国历史,False
36096304,翦商: 殷周之变与华夏新生,https://book.douban.com/subject/36096304/,李硕 / 广西师范大学出版社 / 2022-10 / 99.00元,中国历史,False
35519560,祥瑞: 王莽和他的时代,https://book.douban.com/subject/35519560/,张向荣 / 上海人民出版社 / 2021-8 / 79.80元,中国历史,False
36944357,大宋繁华: 造极之世的表与里,https://book.douban.com/subject/36944357/,谌旭彬 / 浙江人民出版社 / 2024-8 / 88.00元,中国历史,False
37100473,宋朝的祛魅,https://book.douban.com/subject/37100473/,吴铮强 / 四川人民出版社 / 2025-1 / 68元,中国历史,False
37005177,晚清最后十八年: 精编典藏版,https://book.douban.com/subject/37005177/,黄治军 / 四川人民出版社 / 2024-8 / 98.00,中国历史,False
37017983,失去的三百年: 地理大发现之后中国的开放与封闭（1516—1840）,https://book.douban.com/subject/37017983/,郭建龙 / 浙江人民出版社 / 2024-10 / 98.00元,中国历史,False
25912076,叫魂: 1768年中国妖术大恐慌,https://book.douban.com/subject/25912076/,[美] 孔飞力 / 陈兼、刘昶 / 生活·读书·新知三联书店 上海三联书店 / 2014-6 / 38.00元,中国历史,False
33436921,战国歧途,https://book.douban.com/subject/33436921/,刘勃 / 百花文艺出版社 / 2019-5-1 / 32,中国历史,False
36964205,说三分: 三国故事的三重叙事,https://book.douban.com/subject/36964205/,刘勃 / 新星出版社 / 2024-12 / 78元,中国历史,False
37036128,失败: 1891—1900 清王朝的变革、战争与排外,https://book.douban.com/subject/37036128/,李礼 / 上海译文出版社 / 2024-11 / 78.00,中国历史,False
33443912,细说宋朝: 黎东方讲史之续,https://book.douban.com/subject/33443912/,虞云国 / 上海人民出版社 / 2019-7 / 78,中国历史,False
36896671,王安石“强辩”考: 十一世纪中国政治的常识与诡辩,https://book.douban.com/subject/36896671/,周思成 / 贵州人民出版社 / 2024-5 / 58.00元,中国历史,False
37003101,天下格局: 文明转换关口的世界,https://book.douban.com/subject/37003101/,许倬云 / 岳麓书社 / 2024-8 / 68,中国历史,False
36924045,朝贡圈: 传统中国的世界秩序,https://book.douban.com/subject/36924045/,张宏杰 / 岳麓书社 / 2024-6 / 68,中国历史,False
36104107,长安的荔枝,https://book.douban.com/subject/36104107/,马伯庸 / 湖南文艺出版社 / 2022-10 / 45.00元,中国历史,False
36657004,暮日耀光: 张居正与明代中后期政局（精装珍藏版）,https://book.douban.com/subject/36657004/,韦庆远 / 山西人民出版社 / 2023-11 / 188.00元,中国历史,False
3674537,明朝那些事儿（1-9）: 限量版,https://book.douban.com/subject/3674537/,当年明月 / 中国海关出版社 / 2009-4 / 358.20元,中国历史,False
10758290,东晋门阀政治,https://book.douban.com/subject/10758290/,田余庆 / 北京大学出版社 / 2012-5 / 49.00元,中国历史,False
37183401,从刘邦到王莽: 时代的改良与倒退,https://book.douban.com/subject/37183401/,谌旭彬 / 广东人民出版社 / 78.00,中国历史,False
25935941,天朝的崩溃: 鸦片战争再研究（修订版）,https://book.douban.com/subject/25935941/,茅海建 / 生活·读书·新知三联书店 / 2014-10 / 59.00元,中国历史,False
36991019,元朝理财记: 从成吉思汗的崛起到元朝的衰亡,https://book.douban.com/subject/36991019/,郭建龙 / 中信出版集团 / 2024-11-1 / 88.00,中国历史,False
37088986,逝去的盛景: 宋朝商业文明的兴盛与落幕,https://book.douban.com/subject/37088986/,陈季冰 / 广西师范大学出版社 / 2024-11 / 158.00元,中国历史,False
36934943,不与天下州府同: 宋代四川的政治文化与文化政治,https://book.douban.com/subject/36934943/,黄博 / 上海人民出版社 / 2024-10 / 69.00,中国历史,False
26954784,中华帝国的衰落,https://book.douban.com/subject/26954784/,魏斐德 (Frederic Wakeman Jr.) / 梅静 / 民主与建设出版社 / 2017-1-1 / CNY 42.00,中国历史,False
36384601,入关,https://book.douban.com/subject/36384601/,张明扬 / 新星出版社 / 2023-4-30 / 48,中国历史,False
36884135,儒教中国及其现代命运: 三部曲,https://book.douban.com/subject/36884135/,[美] 列文森 / 季剑青 / 中华书局 / 2024-6 / 98,中国历史,False
25750468,中国现代国家的起源,https://book.douban.com/subject/25750468/,[美] 孔飞力 / 陈兼、陈之宏 / 生活·读书·新知三联书店 / 2013-10 / 35.00元,中国历史,False
37050044,乾隆制造: 隐藏在盛世下的崩塌,https://book.douban.com/subject/37050044/,李正 / 岳麓书社 / 2024-9-27 / 78.00元,中国历史,False
36908751,黑龙江纪事: 内河、界河、掐头去尾的大河,https://book.douban.com/subject/36908751/,卜键 / 生活·读书·新知三联书店 / 2024-8 / 128.00元,中国历史,False
35356472,秦制两千年: 封建帝王的权力规则,https://book.douban.com/subject/35356472/,谌旭彬 / 浙江人民出版社 / 2021-7 / 88.00元,中国历史,False
37024878,诛吕: “诸吕之乱”的真相与吕太后时期的权力结构,https://book.douban.com/subject/37024878/,郭茵 / 陆帅、赵壮 / 北京科学技术出版社 / 2024-10-1 / 89.00,中国历史,False
35635631,匏瓜: 读《史记·孔子世家》,https://book.douban.com/subject/35635631/,刘勃 / 百花文艺出版社 / 2021-10-22 / 42,中国历史,False
36215478,龙与狮的对话: 翻译与马戛尔尼访华使团,https://book.douban.com/subject/36215478/,王宏志 / 东方出版中心 / 2023-6 / 158.00元,中国历史,False
36580731,两晋悲歌,https://book.douban.com/subject/36580731/,渤海小吏 / 中国大百科全书出版社 / 2023-10 / 218.00元,中国历史,False
36938365,汉末晋初之际政治研究,https://book.douban.com/subject/36938365/,柳春新 / 山西人民出版社 / 2024-8 / 118,中国历史,False
36379937,数学的雨伞下: 理解世界的乐趣,https://book.douban.com/subject/36379937/,[法] 米卡埃尔·洛奈（Mickaël Launay） / 欧瑜 / 人民邮电出版社 / 2023-6 / 89.80元,数学,False
37180814,可变思考: 数学与创造性思维,https://book.douban.com/subject/37180814/,广中平祐（Heisuke Hironaka） / 佟凡 / 人民邮电出版社 / 2025-2 / 59.8元,数学,False
37076975,基础数学讲义: 走向真正的数学,https://book.douban.com/subject/37076975/,[英] 伊恩·斯图尔特（Ian Stewart）、[英] 戴维·托尔（David Tall） / 姜　喆 / 人民邮电出版社 / 2024-11 / 99.80 元,数学,False
37100328,证明的故事: 从勾股定理到现代数学,https://book.douban.com/subject/37100328/,[澳] 约翰·史迪威 / 程晓亮、张浩 / 人民邮电出版社 / 2025-2 / 119.8元,数学,False
1320282,什么是数学: 对思想和方法的基本研究,https://book.douban.com/subject/1320282/,[美] R·柯朗 H·罗宾 著、I·斯图尔特 修订 / 左平、张饴慈 / 复旦大学出版社 / 2005-5 / 37.00元,数学,False
36874373,概率论沉思录,https://book.douban.com/subject/36874373/,[美] 埃德温·汤普森·杰恩斯 / 廖海仁 / 人民邮电出版社 / 2024-6 / 179.80元,数学,False
26899701,普林斯顿微积分读本 (修订版),https://book.douban.com/subject/26899701/,[美] 阿德里安·班纳 / 杨爽、赵晓婷、高璞 / 人民邮电出版社 / 2016-10 / 99.00元,数学,False
37227822,数学思维的力量,https://book.douban.com/subject/37227822/,[美] 沙琳妮·夏尔马 / 胡小锐 / 中信出版社 / 2025-3 / 65.00元,数学,False
35033507,数学之美（第三版）,https://book.douban.com/subject/35033507/,吴军 / 人民邮电出版社 / 2020-4 / 69.00元,数学,False
35292688,微积分的力量,https://book.douban.com/subject/35292688/,【美】史蒂夫·斯托加茨（Steven Strogatz） / 任烨 / 中信出版集团 / 2021-1 / 69.00元,数学,False
36532721,从数学到哲学,https://book.douban.com/subject/36532721/,[美] 王浩 / 高坤、邢滔滔 / 广西师范大学出版社 / 2024-5 / 128,数学,False
37118688,Paul Erdős：离散数学的魅力,https://book.douban.com/subject/37118688/,Vašek Chvátal / 陈晓敏 / 高等教育出版社 / 2024-11-22 / 89.00元,数学,False
26788824,数学家讲解小学数学,https://book.douban.com/subject/26788824/,[美] 伍鸿熙 / 赵洁、林开亮 / 北京大学出版社 / 2016-4 / 78.00元,数学,False
35428125,代数的历史: 人类对未知量的不舍追踪（修订版）,https://book.douban.com/subject/35428125/,[美] 约翰·德比希尔 / 张浩 / 图灵｜人民邮电出版社 / 2021-4 / 79.00元,数学,False
30310517,线性代数及其应用（原书第5版）,https://book.douban.com/subject/30310517/,[美] David C. Lay、[美] Steven R. Lay、[美] Judi J. McDonald / 刘深泉、张万芹、陈玉珍、包东娥、陆博 / 机械工业出版社 / 2018-7 / 79.00元,数学,False
32456020,Math from Three to Seven: The Story of a Mathematical Circle for Preschoolers,https://book.douban.com/subject/32456020/,Alexander Zvonkin / American Mathematical Society / 2011-7 / USD 26.25,数学,False
30373956,怎样解题: 数学思维的新方法,https://book.douban.com/subject/30373956/,G.波利亚 / 涂泓、冯承天 / 上海科技教育出版社 / 2018-8 / 49.8,数学,False
27192185,陶哲轩教你学数学,https://book.douban.com/subject/27192185/,[澳] 陶哲轩 / 李馨 / 人民邮电出版社 / 2017-11 / 39.00元,数学,False
37107477,为什么是数学: 关于数学建模、认知和科学思想的30次对话,https://book.douban.com/subject/37107477/,朱浩楠 / 人民邮电出版社 / 2024-11 / 129.80元,数学,False
34820335,线性代数 (第5版),https://book.douban.com/subject/34820335/,[美]Gilbert Strang (吉尔伯特·斯特朗） / 清华大学出版社 / 2019-8-1 / 108元,数学,False
35308863,我的几何人生: 丘成桐自传,https://book.douban.com/subject/35308863/,[美国] 丘成桐、[美国]史蒂夫·纳迪斯 / 夏木清 / 译林出版社 / 2021-3 / 68.00元,数学,False
36369485,可视化微分几何和形式: 一部五幕数学正剧,https://book.douban.com/subject/36369485/,[美] 特里斯坦·尼达姆 (Tristan Needham) / 刘伟安 / 人民邮电出版社 / 2024-1 / 179.80元,数学,False
35316347,复分析：可视化方法: 可视化方法,https://book.douban.com/subject/35316347/,[美] 特里斯坦·尼达姆 / 齐民友 / 人民邮电出版社 / 2021-1 / 159,数学,False
25809761,古今数学思想（第一册）,https://book.douban.com/subject/25809761/,莫里斯•克莱因 / 万伟勋、石生明、孙树本、等 / 上海科学技术出版社 / 2013-11-1 / 58,数学,False
35455157,欢乐数学: 一本充满“烂插画”的快乐数学启蒙书,https://book.douban.com/subject/35455157/,[美] 本·奥尔林 / 唐燕池 / 天津科学技术出版社 / 2021-5-1 / 88.00元,数学,False
35933908,趣学贝叶斯统计: 橡皮鸭、乐高和星球大战中的统计学,https://book.douban.com/subject/35933908/,[美] 威尔·库尔特 / 王凌云 / 人民邮电出版社 / 2022-6-25 / 89.80元,数学,False
1102715,从一到无穷大: 科学中的事实和臆测,https://book.douban.com/subject/1102715/,[美] G. 伽莫夫、[美国] 乔治·伽莫夫 / 暴永宁 译、吴伯泽 校 / 科学出版社 / 2002-11 / 29.00元,数学,False
35809060,数学建模33讲: 数学与缤纷的世界,https://book.douban.com/subject/35809060/,朱浩楠 / 人民邮电出版社 / 2022-3 / 129.80,数学,False
36057421,马同学图解线性代数,https://book.douban.com/subject/36057421/,马同学 / 电子工业出版社 / 2022-8 / 128,数学,False
1277169,古今数学思想（一）,https://book.douban.com/subject/1277169/,[美] 莫里斯·克莱因 / 张理京、张锦炎、江泽涵 / 上海科学技术出版社 / 2002-7 / 32.00元,数学,False
35383731,贝叶斯的博弈: 数学、思维与人工智能,https://book.douban.com/subject/35383731/,黄黎原（Lê Nguyên Hoang） / 方弦 / 图灵｜人民邮电出版社 / 2021-3 / 109,数学,False
10750155,数学之美,https://book.douban.com/subject/10750155/,吴军 / 人民邮电出版社 / 2012-5-1 / 45.00元,数学,False
36818958,数学的历程: 从泰勒斯到博弈论,https://book.douban.com/subject/36818958/,张天蓉 / 清华大学出版社 / 2024-4-8,数学,False
37178781,线性代数及其应用 (第2版·修订版),https://book.douban.com/subject/37178781/,[美] 彼得·拉克斯 / 傅莺莺、沈复兴 / 人民邮电出版社 / 2025-1,数学,False
35236027,高观点下的初等数学,https://book.douban.com/subject/35236027/,[德] 菲利克斯·克莱因 / 舒湘芹、陈义章、杨钦樑、吴大任 / 华东师范大学出版社 / 2020-11 / 198.00,数学,False
7061949,数学指南: 实用数学手册,https://book.douban.com/subject/7061949/,Eberhard Zeidler、Wolfgang Hackbusch、H.-R.Schwarz / 李文林、余德浩、陆柱家 / 科学出版社 / 2012-1-1 / 138.00元,数学,False
36818094,欧拉的宝石: 从多面体公式到拓扑学的诞生,https://book.douban.com/subject/36818094/,[美] 大卫·S.里奇森 / 章自尧 / 人民邮电出版社 / 2024-7 / 69.80元,数学,False
36842140,生活不是掷骰子: 理性决策的贝叶斯思维,https://book.douban.com/subject/36842140/,刘雪峰 / 电子工业出版社 / 2024-3-1 / 69.00元,数学,False
36939066,线性代数与数据学习: 电子信息前沿技术丛书,https://book.douban.com/subject/36939066/,[美] 吉尔伯特·斯特朗 / 余志平、马辉 / 清华大学出版社 / 2024-6 / 138.00元,数学,False
1291204,哥德尔、艾舍尔、巴赫: 集异璧之大成,https://book.douban.com/subject/1291204/,[美] 侯世达 / 严勇、刘皓明、莫大伟 / 商务印书馆 / 1997-5 / 88.00元,数学,False
25817383,普林斯顿数学指南（第二卷）,https://book.douban.com/subject/25817383/,[英] Timothy Gowers / 齐民友 / 科学出版社 / 2014-1 / 128.00,数学,False
34900781,怎样解题（第3版）: 数学竞赛攻关宝典,https://book.douban.com/subject/34900781/,[美] 保罗·蔡茨 / 李胜宏、黄志斌 / 人民邮电出版社 / 2019-11 / 89.00元,数学,False
1707158,微积分学教程（第1卷）,https://book.douban.com/subject/1707158/,Г.М.菲赫金哥尔茨 / 高等教育出版社 / 2006-1-1 / 45.00元,数学,False
35689348,程序员数学: 用Python学透线性代数和微积分,https://book.douban.com/subject/35689348/,[美] 保罗·奥兰德 / 百度KFive / 图灵|人民邮电出版社 / 2021-12 / 129.80元,数学,False
30281339,万物皆数,https://book.douban.com/subject/30281339/,[法] 米卡埃尔·洛奈 / 孙佳雯 / 北京联合出版公司 / 2018-12 / 68.00元,数学,False
30227556,陶哲轩实分析 (第3版),https://book.douban.com/subject/30227556/,[澳] 陶哲轩 / 李馨 / 人民邮电出版社 / 2018-5 / 99.00元,数学,False
30359766,数学基础 (修订版),https://book.douban.com/subject/30359766/,汪芳庭 / 高等教育出版社 / 2018-10 / 35.60元,数学,False
35350092,征服市场的人: 西蒙斯传,https://book.douban.com/subject/35350092/,(美)格里高利·祖克曼 / 安昀、朱昂 / 天津科学技术出版社 / 2021-2 / 109,数学,False
35941956,泛函分析导论及应用,https://book.douban.com/subject/35941956/,[加]欧文•克雷斯齐格（Erwin Kreyszig） / 蒋正新、吕善伟、张式淇 / 人民邮电出版社 / 2022-6-29 / 169.80元,数学,False
35768237,机器学习 (原书第2版): 贝叶斯和优化方法,https://book.douban.com/subject/35768237/,[希] 西格尔斯·西奥多里蒂斯 / 王刚、李忠伟、任明明、李鹏 / 机械工业出版社 / 2022-2 / 279.00,数学,False
36659710,猫鱼,https://book.douban.com/subject/36659710/,陈冲 / 上海三联书店 / 2024-6 / 168,回忆录,False
37184247,长辈的故事,https://book.douban.com/subject/37184247/,熊景明 / 广东人民出版社 / 2025-1 / 88,回忆录,False
36672955,我看见的世界: 李飞飞自传,https://book.douban.com/subject/36672955/,[美] 李飞飞 / 赵灿 / 中信出版集团 / 2024-4 / 85.00元,回忆录,False
36930295,替补: 哈里王子自传,https://book.douban.com/subject/36930295/,(英) 哈里王子 / 李尧、陈鲁豫 / 民主与建设出版社 / 2025-1 / 108元,回忆录,False
37005245,凡人琐事: 我的回忆,https://book.douban.com/subject/37005245/,章开沅 / 广西师范大学出版社 / 2024-10 / 158,回忆录,False
37244909,李慎之口述往事,https://book.douban.com/subject/37244909/,刘志琴  （采访）、王建勋（整理）、王学泰（采访）、王毅（采访） / 読道社 / 2025-1-27 / ¥2600円,回忆录,False
26660670,人生不怕从头再来,https://book.douban.com/subject/26660670/,刘晓庆 / 长江文艺出版社 / 2015-11-1 / CNY 39.80,回忆录,False
36897362,我用中文做了场梦,https://book.douban.com/subject/36897362/,[意] 亚历（Alessandro Ceschi） / 文汇出版社 / 2024-7 / 69.00元,回忆录,False
36762055,我妈笑了,https://book.douban.com/subject/36762055/,香特尔·阿克曼 / 史烨婷、苗海豫 / 北京联合出版公司 / 2024-4 / 52.00,回忆录,False
36887037,娜斯佳的眼泪,https://book.douban.com/subject/36887037/,[德]娜塔莎·沃丁 / 庄亦男 / 新星出版社 / 2024-7 / 52.00元,回忆录,False
35314178,水中鱼：略萨回忆录: 略萨回忆录,https://book.douban.com/subject/35314178/,[秘鲁] 马里奥·巴尔加斯·略萨 / 赵德明 / 人民文学出版社 / 2022-3 / 118.00,回忆录,False
37013783,三生万物,https://book.douban.com/subject/37013783/,宁高宁 / 中信出版集团 / 2024-8-30 / 88.00元,回忆录,False
36150423,我在北京送快递,https://book.douban.com/subject/36150423/,胡安焉 / 湖南文艺出版社 / 2023-3 / 56.00元,回忆录,False
6079389,我与地坛,https://book.douban.com/subject/6079389/,史铁生 / 人民文学出版社 / 2008-9 / 29.00元,回忆录,False
36110302,哈德良回忆录,https://book.douban.com/subject/36110302/,[法] 玛格丽特·尤瑟纳尔 / 陈太乙 / 上海三联书店 / 2023-1-1 / 78.00元,回忆录,False
36790812,银元时代生活史,https://book.douban.com/subject/36790812/,陈存仁 / 云南人民出版社 / 2024-3 / 88.00元,回忆录,False
20433556,昨天的云: 王鼎钧回忆录四部曲之一,https://book.douban.com/subject/20433556/,王鼎钧 / 生活·读书·新知三联书店 / 2013-1 / 30.00元,回忆录,False
36162256,一百年，许多人，许多事: 杨苡口述自传,https://book.douban.com/subject/36162256/,杨苡/口述、余斌/撰写 / 译林出版社 / 2023-1 / 108元,回忆录,False
26712402,巨流河,https://book.douban.com/subject/26712402/,齐邦媛 / 生活·读书·新知三联书店 / 2016-2 / 69.00元,回忆录,False
33440205,你当像鸟飞往你的山,https://book.douban.com/subject/33440205/,塔拉·韦斯特弗 / 任爱红 / 南海出版公司 / 2019-10 / 59.00元,回忆录,False
37045755,你为什么不离开我的生活？,https://book.douban.com/subject/37045755/,[美] 薇薇安·戈尔尼克 / 蒋慧 / 北京联合出版公司 / 2025-2 / 49.80元,回忆录,False
35406937,清算已毕: 波伏瓦回忆录最终卷,https://book.douban.com/subject/35406937/,[法] 西蒙娜·德·波伏瓦 / 台学青 / 海天出版社 / 2021-4 / 68.00元,回忆录,False
35765042,启功口述历史,https://book.douban.com/subject/35765042/,启功 口述、赵仁珪、章景怀 整理 / 生活·读书·新知三联书店 / 2022-1,回忆录,False
36020007,暮色将尽,https://book.douban.com/subject/36020007/,[英] 戴安娜·阿西尔 / 曾嵘 / 四川人民出版社 / 2022-7 / 49.80元,回忆录,False
25731990,我是落花生的女儿: 一本需要哭着看的个人百年史,https://book.douban.com/subject/25731990/,许燕吉 / 湖南人民出版社 / 2013-10 / 39.80元,回忆录,False
36831435,在阿尔巴尼亚长大,https://book.douban.com/subject/36831435/,[英] 莱亚·乌皮 / 吴文权 / 上海三联书店 / 2024-9 / 58.00元,回忆录,False
34990941,雁过留声: 我的青葱岁月,https://book.douban.com/subject/34990941/,金雁 / 山西人民出版社 / 2020-3 / 58.00,回忆录,False
35434461,点燃希望: 古道尔的精神之旅,https://book.douban.com/subject/35434461/,[英] 简·古道尔、[英] 菲利普·伯曼 / 祁阿红 / 上海译文出版社 / 2021-5 / 48.00元,回忆录,False
20427187,看见,https://book.douban.com/subject/20427187/,柴静 / 广西师范大学出版社 / 2013-1-1 / 39.80元,回忆录,False
36700758,早安，怪物,https://book.douban.com/subject/36700758/,[加] 凯瑟琳·吉尔迪纳 / 木草草 / 花山文艺出版社 / 2024-3-19 / 59.80元,回忆录,False
27607225,命运: 文在寅自传,https://book.douban.com/subject/27607225/,[韩] 文在寅 / 王萌 / 江苏凤凰文艺出版社 / 2017-12 / 59.80元,回忆录,False
26840483,Hillbilly Elegy: A Memoir of a Family and Culture in Crisis,https://book.douban.com/subject/26840483/,J. D. Vance、J.D. 万斯 / Harper / 2016-6-28 / USD 27.99,回忆录,False
1010923,花甲忆记,https://book.douban.com/subject/1010923/,丁韪良 / 沈弘、恽文婕、郝田虎 / 广西师范大学出版社 / 2004-05 / 39.80元,回忆录,False
33463955,《我的故事：雪与火交织的人生》增订版: 雪与火交织的人生,https://book.douban.com/subject/33463955/,琼瑶 / 湖南文艺出版社 / 2019-6-1 / 58.00,回忆录,False
30433855,延安日記: 1940-1945（全二冊）,https://book.douban.com/subject/30433855/,蕭軍 / 牛津大學出版社 / 2013-7-1 / HK$300.00,回忆录,False
20433557,文学江湖: 王鼎钧回忆录四部曲之四,https://book.douban.com/subject/20433557/,王鼎钧 / 生活·读书·新知三联书店 / 2013-1 / 45.00元,回忆录,False
34998019,秋园,https://book.douban.com/subject/34998019/,杨本芬 / 北京联合出版公司 / 2020-6 / 38.00元,回忆录,False
4145683,庚子西狩丛谈,https://book.douban.com/subject/4145683/,吴永口述，刘治襄笔记 / 中华书局 / 2009-11 / 18.00元,回忆录,False
20433554,关山夺路: 王鼎钧回忆录四部曲之三,https://book.douban.com/subject/20433554/,王鼎钧 / 生活·读书·新知三联书店 / 2013-1 / 36.00元,回忆录,False
3665239,驯服的艺术,https://book.douban.com/subject/3665239/,[美]尤里·叶拉金 / 田智 / 上海人民出版社 / 2009 / 35.00元,回忆录,False
37224249,學海遊蹤: 張玉法回憶錄,https://book.douban.com/subject/37224249/,張玉法 / 三民書局 / 2025-2-12 / NTD500,回忆录,False
36009277,粟裕回忆录: 中国人民解放军高级将领回忆录丛书,https://book.douban.com/subject/36009277/,粟裕 / 人民出版社 / 2022-7 / 128,回忆录,False
27109207,火与烬: 政治中的成与败,https://book.douban.com/subject/27109207/,[加拿大] 叶礼庭 / 黄天磊 / 中央编译出版社 / 2017-9 / 38.00元,回忆录,False
30137075,陈布雷回忆录,https://book.douban.com/subject/30137075/,陈布雷 / 岳麓书社 / 2018-3,回忆录,False
1585635,六次危机,https://book.douban.com/subject/1585635/,尼克松 / 黄兴 / 世界知识出版社 / 1999-1 / 38.00元,回忆录,False
36839197,她是幸存者,https://book.douban.com/subject/36839197/,[美]格蕾丝·赵 / 陈磊 / 九州出版社 / 2024-6 / 58.00元,回忆录,False
37026864,西伯利亚一年,https://book.douban.com/subject/37026864/,[芬] 尤西·孔蒂宁 / 颜宽 / 云南人民出版社 / 2025-1 / 88,回忆录,False
30695384,心路沧桑: 从国民党六十军到共产党五十军,https://book.douban.com/subject/30695384/,高戈里 / 四川人民出版社 / 2017-11 / 59.80元,回忆录,False
36091757,我很幸福：奥斯威辛幸存者、百岁犹太老人的美丽人生: 奥斯威辛幸存者、百岁犹太老人的美丽人生,https://book.douban.com/subject/36091757/,[澳] 埃迪·雅库 著 / 路旦俊 / 人民文学出版社 / 2022-9 / 35.00,回忆录,False
36954751,自然而然: 曾孝濂自传,https://book.douban.com/subject/36954751/,曾孝濂 / 江苏凤凰科学技术出版社 / 2024-6 / 128元,回忆录,False
35313227,刘擎西方现代思想讲义,https://book.douban.com/subject/35313227/,刘擎 / 新星出版社 / 2021-1 / 79.00元,思想,False
37142237,世界作为参考答案,https://book.douban.com/subject/37142237/,刘擎、严飞 / 上海人民出版社 / 2025-1 / 68.00元,思想,False
26980487,悉达多: 一首印度的诗,https://book.douban.com/subject/26980487/,[德] 赫尔曼·黑塞 / 姜乙 / 天津人民出版社 / 2017-1 / 32.00元,思想,False
36840461,俄国思想史: 从启蒙运动到马克思主义,https://book.douban.com/subject/36840461/,[波] 安杰伊·瓦利茨基 / 刘文飞 / 译林出版社 / 2024-11 / 128.00元,思想,False
26392337,与神对话,https://book.douban.com/subject/26392337/,[美]尼尔·唐纳德·沃尔什 / 李继宏 / 江西人民出版社 / 2015-5 / 48.00,思想,False
35876121,纳瓦尔宝典: 财富与幸福指南,https://book.douban.com/subject/35876121/,[美] 埃里克·乔根森 / 赵灿 / 中信出版社 / 2022-4 / 68.00元,思想,False
5910656,我与地坛,https://book.douban.com/subject/5910656/,史铁生 / 人民文学出版社 / 2011-1-1 / 23.00元,思想,False
1024785,西方现代思想史,https://book.douban.com/subject/1024785/,罗兰・斯特龙伯格、刘北成、赵国新 / 刘北成、赵国新 / 中央编译出版社 / 2005-01 / 68.00,思想,False
26369699,被讨厌的勇气: “自我启发之父”阿德勒的哲学课,https://book.douban.com/subject/26369699/,[日] 岸见一郎、[日] 古贺史健 / 渠海霞 / 机械工业出版社 / 2015-4 / 39.80元,思想,False
4908879,动物农场,https://book.douban.com/subject/4908879/,[英]乔治·奥威尔 / 荣如德、董乐山 / 上海译文出版社 / 2010-9 / 22.00元,思想,False
35170896,平面国: 多维空间传奇往事,https://book.douban.com/subject/35170896/,[英] 埃德温·A.艾勃特 / 鲁冬旭 / 上海文化出版社 / 2020-8 / 39.80元,思想,False
36858470,思想家,https://book.douban.com/subject/36858470/,[英] 布莱恩·麦基 编 / 吴芸菲 / 上海三联书店 / 2024-7-1 / 78.00,思想,False
35581777,清醒地活: 超越自我的生命之旅,https://book.douban.com/subject/35581777/,[美]迈克尔·辛格（Michael A. Singer） / 汪幼枫、陈舒 / 机械工业出版社 / 2021-9 / 59.00,思想,False
1139360,毛泽东选集: 第一卷,https://book.douban.com/subject/1139360/,毛泽东 / 人民出版社 / 1991-6 / 40.00元,思想,False
26907984,红书,https://book.douban.com/subject/26907984/,[瑞士] 荣格（C. G. Jung）原著、[英] 索努·沙姆达萨尼（Sonu Shamdasani）编译 / 周党伟 / 机械工业出版社 / 2016-12 / 199.00元,思想,False
24746271,民国思潮读本（套装共4册）,https://book.douban.com/subject/24746271/,田晓青 / 作家出版社 / 2013-6 / 260.00元,思想,False
36956912,汉娜·阿伦特与以赛亚·伯林: 自由、政治与人性,https://book.douban.com/subject/36956912/,[日] 蛭田圭（Kei Hiruta） / 孟凡礼 / 贵州人民出版社 / 2024-9 / 98.00,思想,False
26304954,存在主义心理治疗,https://book.douban.com/subject/26304954/,[美] 欧文·亚隆 / 黄峥、张怡玲、沈东郁 / 商务印书馆 / 2015-5 / 79.00,思想,False
26831789,穷查理宝典: 查理•芒格智慧箴言录,https://book.douban.com/subject/26831789/,Charlie T. Munger、Peter D. Kaufman / 李继宏 / 中信出版社 / 2016-8 / 168.00,思想,False
3026879,爱的艺术,https://book.douban.com/subject/3026879/,[美] 艾·弗洛姆 / 李健鸣 / 上海译文出版社 / 2008-4 / 15.00元,思想,False
24758481,当下的力量（珍藏版）,https://book.douban.com/subject/24758481/,埃克哈特•托利 (Eckhart Tolle) / 曹植 / 中信出版社 / 2013-7-1 / CNY 32.00,思想,False
30347596,对赌: 信息不足时如何做出高明决策,https://book.douban.com/subject/30347596/,[美] 安妮·杜克 / 李光辉 / 中信出版社 / 2018-12 / 52.50元,思想,False
27667348,思想是生活的一种方式: 中国近代思想史的再思考,https://book.douban.com/subject/27667348/,王汎森 / 北京大学出版社 / 2018-3 / 57.00元,思想,False
10608319,存在主义是一种人道主义,https://book.douban.com/subject/10608319/,(法)让-保罗·萨特 / 周煦良、汤永宽 / 上海译文出版社 / 2012-6-1 / 23.00元,思想,False
26612253,剑桥二十世纪政治思想史,https://book.douban.com/subject/26612253/,[美] 特伦斯·鲍尔、[英] 理查德·贝拉米 / 任军锋、徐卫翔 / 商务印书馆 / 2016-1 / 118.00,思想,False
1278268,十年沧桑: 东欧诸国的经济社会转轨与思想变迁,https://book.douban.com/subject/1278268/,金雁、秦晖 / 上海三联书店 / 2004-1-1 / 28.00元,思想,False
35143790,蛤蟆先生去看心理医生,https://book.douban.com/subject/35143790/,[英] 罗伯特·戴博德 / 陈赢 / 天津人民出版社 / 2020-8-1 / 38.00元,思想,False
20476928,病隙碎笔,https://book.douban.com/subject/20476928/,史铁生 / 湖南文艺出版社 / 2013-1-1 / 39.00元,思想,False
36783159,独处的人：蒙田随笔: 阅读蒙田,https://book.douban.com/subject/36783159/,[法]米歇尔·德·蒙田 / 全志钢 / 万卷出版有限责任公司 / 2024-3-1,思想,False
27009630,纯粹理性批判,https://book.douban.com/subject/27009630/,[德] 康德 / 邓晓芒 译、杨祖陶 校 / 人民出版社 / 2017-3 / 69.00,思想,False
26431646,语言学的邀请,https://book.douban.com/subject/26431646/,[美] 塞缪尔·早川、[美] 艾伦·早川 / 柳之元 / 北京大学出版社 / 2015-7 / 48.00元,思想,False
34997975,文明、现代化、价值投资与中国,https://book.douban.com/subject/34997975/,李录 / 中信出版集团 / 2020-4 / 128.00元,思想,False
26652943,认识世界，认识自己,https://book.douban.com/subject/26652943/,资中筠 / 中国社会科学出版社 / 2015-7-4 / 66.00元,思想,False
36871374,洞穴公案: 中华法系的思想实验,https://book.douban.com/subject/36871374/,秦涛 / 广西师范大学出版社 / 2024-5 / 69,思想,False
24257403,西西弗神话: 加缪作品,https://book.douban.com/subject/24257403/,[法] 阿尔贝·加缪 / 沈志明 / 上海译文出版社 / 2013-8 / 32.00元,思想,False
30839047,黑格尔,https://book.douban.com/subject/30839047/,[美] 弗雷德里克·拜塞尔 / 王志宏、姜佑福 / 华夏出版社 / 2019-6 / 79.00元,思想,False
36018994,聪明人的个人成长,https://book.douban.com/subject/36018994/,[美]史蒂夫·帕弗利纳(Steve Pavlina) / 一炜 / 机械工业出版社 / 2022-8 / 69.00元,思想,False
35586814,精英的傲慢: 好的社会该如何定义成功？,https://book.douban.com/subject/35586814/,[美]迈克尔·桑德尔 / 曾纪茂 / 中信出版社 / 2021-9-1 / 79.00元,思想,False
19962933,被贬低的思想,https://book.douban.com/subject/19962933/,景凯旋 / 广西师范大学出版社 / 2012-10 / 38.00元,思想,False
20376550,科学革命的结构,https://book.douban.com/subject/20376550/,[美]托马斯·库恩 / 金吾伦、胡新和 / 北京大学出版社 / 2012-11 / 29.00元,思想,False
33440205,你当像鸟飞往你的山,https://book.douban.com/subject/33440205/,塔拉·韦斯特弗 / 任爱红 / 南海出版公司 / 2019-10 / 59.00元,思想,False
1012611,乌合之众: 大众心理研究,https://book.douban.com/subject/1012611/,[法] 古斯塔夫·勒庞 / 冯克利 / 中央编译出版社 / 2005-1 / 16.00元,思想,False
27098940,意识形态的崇高客体,https://book.douban.com/subject/27098940/,[斯洛文尼亚] 斯拉沃热·齐泽克 / 季广茂 / 中央编译出版社 / 2017-7-1 / 70.00元,思想,False
36402151,西方现代思想史: 从中世纪到启蒙运动,https://book.douban.com/subject/36402151/,[美]罗兰·斯特龙伯格 / 刘北成、赵国新 / 中信出版社 / 2023-7 / 78.00元,思想,False
35942057,看不见的女性,https://book.douban.com/subject/35942057/,卡罗琳·克里亚多·佩雷斯 / 詹涓 / 新星出版社 / 2022-8 / 69.00元,思想,False
26883265,当下的哲学,https://book.douban.com/subject/26883265/,[法]阿兰·巴迪欧 / 蓝江、吴冠军 / 中央编译出版社 / 2017-3 / 32.00元,思想,False
36954762,自我: 与齐格蒙特·鲍曼对谈,https://book.douban.com/subject/36954762/,[英国] 齐格蒙特·鲍曼、[爱沙尼亚] 瑞恩·罗德 / 张德旭 / 南京大学出版社 / 2024-8-18 / 72.00元,思想,False
1054685,沉默的大多数: 王小波杂文随笔全编,https://book.douban.com/subject/1054685/,王小波 / 中国青年出版社 / 1997-10 / 27.00元,思想,False
1024101,权谋残卷,https://book.douban.com/subject/1024101/,张居正 / 吉林摄影出版社 / 2003-09 / 23.00,思想,False
36666379,境界,https://book.douban.com/subject/36666379/,吴军 / 新星出版社 / 2023-12-4 / 79.00元,思想,False
37142217,黄仁勋：英伟达之芯,https://book.douban.com/subject/37142217/,[美] 斯蒂芬·威特 / 周健工 / 中国财政经济出版社 / 2024-12-4 / 89.90元,人物传记,False
37212965,源代码: 比尔·盖茨首部自传,https://book.douban.com/subject/37212965/,[美] 比尔·盖茨 / 鲁伊 / 中信出版社 / 2025-1 / 79.00元,人物传记,False
36518892,埃隆·马斯克传,https://book.douban.com/subject/36518892/,[美]沃尔特·艾萨克森 / 孙思远、刘家琦 / 中信出版社 / 2023-9-12 / 90.00元,人物传记,False
36672955,我看见的世界: 李飞飞自传,https://book.douban.com/subject/36672955/,[美] 李飞飞 / 赵灿 / 中信出版集团 / 2024-4 / 85.00元,人物传记,False
36930295,替补: 哈里王子自传,https://book.douban.com/subject/36930295/,(英) 哈里王子 / 李尧、陈鲁豫 / 民主与建设出版社 / 2025-1 / 108元,人物传记,False
20424526,邓小平时代,https://book.douban.com/subject/20424526/,【美】傅高义 (Ezra.F.Vogel) / 冯克利 / 生活·读书·新知三联书店 / 2013-1-18 / 88.00元,人物传记,False
36659710,猫鱼,https://book.douban.com/subject/36659710/,陈冲 / 上海三联书店 / 2024-6 / 168,人物传记,False
36623046,我的母亲做保洁,https://book.douban.com/subject/36623046/,张小满 / 光启书局 / 2023-11 / 59.8,人物传记,False
36096300,鱼不存在,https://book.douban.com/subject/36096300/,[美] 露露·米勒 / 陈晓宇 / 湖南文艺出版社 / 2022-9 / 59.80元,人物传记,False
30377678,曾国藩传,https://book.douban.com/subject/30377678/,张宏杰 / 有2023年2月27印本 / 民主与建设出版社 / 2019-1 / 68.00元,人物传记,False
37013783,三生万物,https://book.douban.com/subject/37013783/,宁高宁 / 中信出版集团 / 2024-8-30 / 88.00元,人物传记,False
30171389,苏东坡传,https://book.douban.com/subject/30171389/,林语堂 / 张振玉 / 湖南文艺出版社 / 2018-1 / 52.00,人物传记,False
34996404,苏东坡新传,https://book.douban.com/subject/34996404/,李一冰 / 四川人民出版社 / 2020-7 / 168.00元,人物传记,False
35350092,征服市场的人: 西蒙斯传,https://book.douban.com/subject/35350092/,(美)格里高利·祖克曼 / 安昀、朱昂 / 天津科学技术出版社 / 2021-2 / 109,人物传记,False
26759508,硅谷钢铁侠: 埃隆·马斯克的冒险人生,https://book.douban.com/subject/26759508/,[美] 阿什利·万斯 / 周恒星 / 中信出版社 / 2016-4 / 68.00元,人物传记,False
33440205,你当像鸟飞往你的山,https://book.douban.com/subject/33440205/,塔拉·韦斯特弗 / 任爱红 / 南海出版公司 / 2019-10 / 59.00元,人物传记,False
6798611,史蒂夫·乔布斯传,https://book.douban.com/subject/6798611/,[美] 沃尔特·艾萨克森 / 管延圻、魏群、余倩、赵萌萌、汤崧 / 中信出版社 / 2011-10-24 / 68.00元,人物传记,False
34998019,秋园,https://book.douban.com/subject/34998019/,杨本芬 / 北京联合出版公司 / 2020-6 / 38.00元,人物传记,False
1047609,张忠谋自传: 1931-1964,https://book.douban.com/subject/1047609/,张忠谋 / 生活·读书·新知三联书店 / 2001-5 / 13.80元,人物传记,False
36657004,暮日耀光: 张居正与明代中后期政局（精装珍藏版）,https://book.douban.com/subject/36657004/,韦庆远 / 山西人民出版社 / 2023-11 / 188.00元,人物传记,False
36350823,自我突围: 向理想前行,https://book.douban.com/subject/36350823/,施一公 / 中信出版集团 / 2023-4 / 69.00,人物传记,False
37020408,颜真卿传: 时事只天知,https://book.douban.com/subject/37020408/,【日】吉川忠夫 著 / 王孙涵之 译 / 四川人民出版社 / 2024-11 / 68.00元,人物传记,False
26660670,人生不怕从头再来,https://book.douban.com/subject/26660670/,刘晓庆 / 长江文艺出版社 / 2015-11-1 / CNY 39.80,人物传记,False
26939269,只是孩子,https://book.douban.com/subject/26939269/,[美] 帕蒂·史密斯 / 刘奕 / 广西师范大学出版社 / 2017-1 / 65.00元,人物传记,False
26847644,苏东坡传,https://book.douban.com/subject/26847644/,林语堂 / 张振玉 / 湖南文艺出版社 / 2016-6 / 58,人物传记,False
37081410,穆旦传: 新生的野力,https://book.douban.com/subject/37081410/,邹汉明 / 译林出版社 / 2025-2 / 78.00,人物传记,False
35097551,人生由我,https://book.douban.com/subject/35097551/,[加] 梅耶·马斯克 / 代晓 / 中信出版集团 / 2020-6 / 59.00元,人物传记,False
3020605,经营未来: 李明博自传,https://book.douban.com/subject/3020605/,李明博 / 人民出版社 / 2008-2-1 / 35.00元,人物传记,False
36057097,小米创业思考,https://book.douban.com/subject/36057097/,雷军、徐洁云 / 中信出版社 / 2022-8-1 / 86.00元,人物传记,False
30258976,异见时刻: “声名狼藉”的金斯伯格大法官,https://book.douban.com/subject/30258976/,[美] 伊琳·卡蒙（Irin Carmon）、[美] 莎娜·卡尼兹尼克（Shana Knizhnik） / 骆伟倩 / 湖南文艺出版社 / 2018-9 / 59.80元,人物传记,False
26896859,当呼吸化为空气,https://book.douban.com/subject/26896859/,[美] 保罗·卡拉尼什、Paul Kalanithi / 何雨珈 / 浙江文艺出版社 / 2016-12 / 48.00元,人物传记,False
36028322,毫无意义: 伍迪·艾伦自传,https://book.douban.com/subject/36028322/,[美] 伍迪·艾伦 / btr / 新星出版社 / 2022-12-1 / 69,人物传记,False
27607225,命运: 文在寅自传,https://book.douban.com/subject/27607225/,[韩] 文在寅 / 王萌 / 江苏凤凰文艺出版社 / 2017-12 / 59.80元,人物传记,False
35317149,在峡江的转弯处: 陈行甲人生笔记,https://book.douban.com/subject/35317149/,陈行甲 / 人民日报出版社 / 2021-1 / 48.00元,人物传记,False
36545923,悲喜同源: 陈其钢自述,https://book.douban.com/subject/36545923/,陈其钢 / 生活·读书·新知三联书店 / 2023-10 / 79.00元,人物传记,False
36560856,豆子芝麻茶: 和妈妈的最后絮叨,https://book.douban.com/subject/36560856/,杨本芬 / 广东人民出版社 / 2023-10 / 39.8,人物传记,False
35728578,智性与激情: 苏珊·桑塔格传,https://book.douban.com/subject/35728578/,[法] 贝阿特丽丝 ·穆斯利 / 周融 / 南京大学出版社 / 2022-9 / 138,人物传记,False
26831789,穷查理宝典: 查理•芒格智慧箴言录,https://book.douban.com/subject/26831789/,Charlie T. Munger、Peter D. Kaufman / 李继宏 / 中信出版社 / 2016-8 / 168.00,人物传记,False
36247474,孤星之旅: 苏东坡传,https://book.douban.com/subject/36247474/,周文翰 / 新星出版社 / 2023-2-10 / 128,人物传记,False
36284266,史蒂夫·乔布斯传（典藏版）,https://book.douban.com/subject/36284266/,[美] 沃尔特·艾萨克森 / 赵灿 / 中信出版社 / 2023-3 / 89.00元,人物传记,False
36831435,在阿尔巴尼亚长大,https://book.douban.com/subject/36831435/,[英] 莱亚·乌皮 / 吴文权 / 上海三联书店 / 2024-9 / 58.00元,人物传记,False
6116167,毛泽东传（共6册）,https://book.douban.com/subject/6116167/,逄先知、金冲及 / 中央文献出版社 / 2011-1 / 460.00元,人物传记,False
36078195,一个女人的故事: 全新修订版,https://book.douban.com/subject/36078195/,[法]安妮·埃尔诺 / 郭玉梅 / 上海人民出版社 / 2022-10 / 38.00,人物传记,False
34432625,张居正,https://book.douban.com/subject/34432625/,熊召政 / 人民文学出版社 / 2019-4-1 / 138.00元,人物传记,False
36157894,苦命天子: 咸丰皇帝奕詝,https://book.douban.com/subject/36157894/,茅海建 / 生活·读书·新知三联书店 / 2023-1 / 89.00元,人物传记,False
35622832,苏东坡全传,https://book.douban.com/subject/35622832/,秦晓 / 中国友谊出版公司 / 2021-10-1 / 49.80,人物传记,False
37026800,王阳明大传: 知行合一的心学智慧,https://book.douban.com/subject/37026800/,[日]冈田武彦 / 杨田、袁斌 / 重庆出版社 / 2024-9 / 198.00元,人物传记,False
26729020,特朗普传：激情创造梦想,https://book.douban.com/subject/26729020/,唐纳德·特朗普、比尔·赞克 / 唐其芳、顾岳 / 中华工商联合出版社 / 2016-2-1 / CNY 49.00,人物传记,False
34906309,雷军传,https://book.douban.com/subject/34906309/,陈润 / 团结出版社 / 49元,人物传记,False
36377643,大法官金斯伯格,https://book.douban.com/subject/36377643/,[美]简·谢伦·德哈特 / 董孟渝 / 中信出版社 / 2023-7-20 / 88,人物传记,False
36769664,画作的诞生: 近代早期欧洲的元绘画,https://book.douban.com/subject/36769664/,[罗] 维克多·斯托伊奇塔 / 钱文逸 / 华东师范大学出版社 / 2025-1 / 199.80,艺术史,False
37156716,中国绘画: 元至清,https://book.douban.com/subject/37156716/,[美] 巫鸿 / 上海人民出版社 / 2025-3 / 168.00,艺术史,False
37163667,货郎图: 小商贩肩挑大历史,https://book.douban.com/subject/37163667/,黄小峰 / 河南美术出版社 / 2025-1 / 88.00元,艺术史,False
37180507,艺术与文明 Ⅰ: 西方美术史讲稿：原始艺术—文艺复兴初期艺术,https://book.douban.com/subject/37180507/,范景中 / 上海书画出版社 / 2025-1 / 168.00元,艺术史,False
37155684,著名的无名者,https://book.douban.com/subject/37155684/,[法] 玛丽-伊莎贝尔·塔代伊 / 狄佳 / 四川美术出版社 / 2025-1-31 / 158.00元,艺术史,False
36932551,上水船: 王逊与现代中国的艺术理想,https://book.douban.com/subject/36932551/,王涵 口述、段牛斗 整理、王瑀 整理 / 生活·读书·新知三联书店 / 2025-1 / 98.00元,艺术史,False
37143593,秘密缪斯,https://book.douban.com/subject/37143593/,[意] 劳蕾塔·科隆内利 / 狄佳 / 北京联合出版公司 / 2025-2-28 / 138.00元,艺术史,False
37143211,材料与谱系,https://book.douban.com/subject/37143211/,巫鸿 编著、邓淑苹、钱存训、许彤、瑞秋·黎万科 / 上海书画出版社 / 2025-1 / 128.00,艺术史,False
37090528,藩屏: 明代藩王的艺术与权力,https://book.douban.com/subject/37090528/,[英] 柯律格 / 黄晓鹃 / 上海人民出版社 / 2025-3 / 108.00,艺术史,False
37083939,走向现代: 西方艺术1789-1914,https://book.douban.com/subject/37083939/,[法] 贝尔特朗·蒂利耶 编著 / 李少平、李静 / 北京联合出版公司 / 2025-4 / 458.00元,艺术史,False
36840453,墨梅: 一种文人画题材的形成,https://book.douban.com/subject/36840453/,【美】毕嘉珍 / 陆敏珍 / 江苏人民出版社 / 2025-3-1 / 199.00元,艺术史,False
36828047,南京园林史(精),https://book.douban.com/subject/36828047/,,艺术史,False
36784975,天人之际: 考古美术视野中的山水,https://book.douban.com/subject/36784975/,[美] 巫鸿 / 生活·读书·新知三联书店 / 2024-4 / 168.00元,艺术史,False
26423502,艺术的故事,https://book.douban.com/subject/26423502/,[英] E. H. 贡布里希 / 范景中、杨成凯 / 广西美术出版社 / 2015-7-20 / 320.00元,艺术史,False
36832265,伦勃朗的眼睛: 天才与他的时代,https://book.douban.com/subject/36832265/,[英] 西蒙·沙玛 / 黄格勉、林晓筱 / 上海三联书店 / 2024-5 / 298.00元,艺术史,False
37162770,娟娟独立寒塘路：中国古代艺术中的女性,https://book.douban.com/subject/37162770/,冯幼衡 / 上海书画出版社 / 2024-11 / 138.00,艺术史,False
26854318,现代艺术150年: 一个未完成的故事,https://book.douban.com/subject/26854318/,[英] 威尔·贡培兹 / 王烁、王同乐 / 广西师范大学出版社 / 2017-3 / 65.00元,艺术史,False
37070642,美的，艺术的,https://book.douban.com/subject/37070642/,【美】伊丽莎白·普雷特约翰 / 吕佳惠 / 四川美术出版社 / 2024-12-30 / 158.00元,艺术史,False
36572207,画非画: 古代绘画中的图像与政治,https://book.douban.com/subject/36572207/,尹吉男 主编 / 北京大学出版社 / 2025-1 / 198,艺术史,False
36091354,绝对的资产阶级: 1848至1851年法国的艺术家与政治,https://book.douban.com/subject/36091354/,[英]T.J.克拉克 / 赵炎 / 商务印书馆 / 2023-6 / 98.00,艺术史,False
37003831,人间天堂: 绘画与来日,https://book.douban.com/subject/37003831/,[英]T.J. 克拉克（T.J. Clark） / 吴晶莹 / 北京大学出版社 / 2024-9 / 145.00,艺术史,False
37101901,耳目之玩: 晚明图谱与文学插图版画,https://book.douban.com/subject/37101901/,马孟晶 / 浙江大学出版社 / 2024-11-30 / 198.00,艺术史,False
36799358,回音室: 1897—1935年跨国的中国画,https://book.douban.com/subject/36799358/,[英] 柯律格 / 梁霄 / 上海人民出版社 / 2024-5 / 118,艺术史,False
36862622,满世界寻找敦煌,https://book.douban.com/subject/36862622/,荣新江 / 中华书局 / 2024-5 / 98,艺术史,False
36388114,十月: 第二个十年，1986—1996,https://book.douban.com/subject/36388114/,[美]罗莎琳·克劳斯、[美]安妮特·米切尔森、[美]伊夫-阿兰·博瓦、等、西尔维娅·科尔博斯基、丹尼斯·霍利尔、哈尔·福斯特、本雅明·H.D.布赫洛 / 周彦华 / 南京大学出版社 / 2025-1 / 158,艺术史,False
36362072,虢国夫人游春图: 大唐丽人的生命瞬间,https://book.douban.com/subject/36362072/,黄小峰 / 河南美术出版社 / 2023-5 / 88.00元,艺术史,False
35812422,中国绘画: 远古至唐,https://book.douban.com/subject/35812422/,[美国] 巫鸿 / 上海人民出版社 / 2022-3 / 88.00元,艺术史,False
37096828,皮格马利翁效应: 从奥维德到希区柯克,https://book.douban.com/subject/37096828/,[瑞士]维克多·I. 斯托伊奇塔 / 陈缪男奇、潘靖之 / 上海文艺出版社 / 2025-1 / 78.00,艺术史,False
35671931,全球转向下的艺术史: 从欧洲中心主义到比较主义,https://book.douban.com/subject/35671931/,[英]雅希·埃尔斯纳（Jaś Elsner） / 胡默然等 / 上海人民出版社 / 2022-4 / 118.00元,艺术史,False
36437549,书迹: 中国古代书法研究,https://book.douban.com/subject/36437549/,[德]雷德侯 / 吴秋野 / 人民美术出版社 / 2023-12-1 / 88.00,艺术史,False
36675029,如何打开中国艺术,https://book.douban.com/subject/36675029/,[美] 包华石、[美] 蒋人和 主编 / 李文雅 / 上海三联书店 / 2024-4 / 188.00,艺术史,False
36801839,不必向长安: 沈周的记忆抽帧术,https://book.douban.com/subject/36801839/,金哲为 / 江苏凤凰美术出版社 / 2024-3-1 / 98,艺术史,False
36908959,文明的碎片,https://book.douban.com/subject/36908959/,[英] 西蒙·沙玛 / 茯阑 / 浙江人民出版社 / 2025-3 / 98,艺术史,False
37136881,走向公开: 近现代中国的文物论述、保存与展示,https://book.douban.com/subject/37136881/,王正华 / 浙江大学出版社 / 2025-1-1 / 198,艺术史,False
37169425,艺术史研究方法论,https://book.douban.com/subject/37169425/,李永强  主编 / 广西师范大学出版社 / 2025-1-1 / 68.00,艺术史,False
26589358,美术史的基本概念: 后期艺术风格发展的问题,https://book.douban.com/subject/26589358/,[瑞士]海因里希.沃尔夫林 / 洪天富、范景中 / 中国美术学院出版社 / 2015-6 / 95.00,艺术史,False
37155454,真实空间: 世界艺术史与西方现代主义的兴起,https://book.douban.com/subject/37155454/,[美]大卫·萨默斯 / 江苏凤凰美术出版社 / 2024-12-1 / 320,艺术史,False
36842877,礼仪与奉献: 中国材质艺术,https://book.douban.com/subject/36842877/,巫鸿 编著 / 上海书画出版社 / 2024-4 / 128.00,艺术史,False
36194112,现代画家、雕塑家和建筑师传,https://book.douban.com/subject/36194112/,[意]乔瓦尼·皮耶罗·贝洛里 / 吴忌 / 四川人民出版社 / 2023-2 / 168.00元,艺术史,False
37183028,唐伯虎传,https://book.douban.com/subject/37183028/,孙炜 / 中信出版集团 / 2025-1-1 / 138,艺术史,False
36567057,四时之外,https://book.douban.com/subject/36567057/,朱良志 / 北京大学出版社 / 2023-9 / 298,艺术史,False
36148780,北方文艺复兴艺术: 艺术与观念·12,https://book.douban.com/subject/36148780/,[美] 杰弗里·奇普斯·史密斯 / 钱赫 / 湖南美术出版社 / 2022-12 / 148.00元,艺术史,False
36673629,艺术与文明 Ⅲ: 西方美术史讲稿：十八世纪后期—十九世纪艺术,https://book.douban.com/subject/36673629/,范景中 / 上海书画出版社 / 2023-11 / 168.00元,艺术史,False
37183619,乾隆御题 商周玉器: 南京玉之道玉石艺术研究院臻藏古玉,https://book.douban.com/subject/37183619/,曹静 / 南京出版社 / 2024-9 / 520,艺术史,False
37123900,韩熙载夜宴图: 南唐的倔强,https://book.douban.com/subject/37123900/,田玉彬 / 河南美术出版社 / 2024-9-1 / 88.00元,艺术史,False
37156525,发现晋东南: 中国古代艺术中的地方风格,https://book.douban.com/subject/37156525/,林伟正、徐胭胭 / 三晋出版社 / 188,艺术史,False
4282084,论摄影: 插图珍藏本,https://book.douban.com/subject/4282084/,[美] 苏珊·桑塔格 / 黄灿然 / 上海译文出版社 / 2010-5 / 38.00元,艺术史,False
3567390,艺术史方法与理论,https://book.douban.com/subject/3567390/,达勒瓦 / 李震 / 江苏美术出版社 / 2009年 / 32.00元,艺术史,False
30415800,全球视野下的当代艺术,https://book.douban.com/subject/30415800/,邵亦杨 / 北京大学出版社 / 2019-1-5 / 58,艺术史,False
26359810,美术史十议,https://book.douban.com/subject/26359810/,巫鸿 / 生活·读书·新知三联书店 / 2016-1-1 / 59.00元,艺术史,False
